{
"type": "FeatureCollection",
"name": "diri_faylar_simplified",
"crs": { "type": "name", "properties": { "name": "urn:ogc:def:crs:OGC:1.3:CRS84" } },
"features": [
{ "type": "Feature", "properties": { "catalog_name": "EMME" }, "geometry": { "type": "LineString", "coordinates": [ [ 26.347992, 41.844493 ], [ 26.125047, 41.902193 ], [ 25.836114, 41.940147 ], [ 25.66722, 41.951433 ], [ 25.399301, 42.01196 ], [ 25.136581, 42.094706 ], [ 24.603849, 42.299272 ] ] } },
{ "type": "Feature", "properties": { "catalog_name": "EMME" }, "geometry": { "type": "LineString", "coordinates": [ [ 26.176791, 41.711203 ], [ 26.018933, 41.745777 ], [ 25.839195, 41.743472 ], [ 25.782929, 41.751539 ], [ 25.725474, 41.76539 ], [ 25.540579, 41.83992 ], [ 25.437081, 41.869472 ] ] } },
{ "type": "Feature", "properties": { "catalog_name": "EMME" }, "geometry": { "type": "LineString", "coordinates": [ [ 26.591698, 41.834274 ], [ 26.514608, 41.907569 ], [ 26.352698, 42.098976 ], [ 26.27061, 42.160391 ] ] } },
{ "type": "Feature", "properties": { "catalog_name": "EMME" }, "geometry": { "type": "LineString", "coordinates": [ [ 27.185063, 42.175242 ], [ 26.935794, 42.206238 ], [ 26.706521, 42.214532 ] ] } },
{ "type": "Feature", "properties": { "catalog_name": "EMME" }, "geometry": { "type": "LineString", "coordinates": [ [ 27.387615, 42.326723 ], [ 27.289151, 42.325571 ], [ 27.162437, 42.335697 ], [ 26.899977, 42.319808 ] ] } },
{ "type": "Feature", "properties": { "catalog_name": "EMME" }, "geometry": { "type": "LineString", "coordinates": [ [ 27.720706, 42.628591 ], [ 27.192868, 42.58143 ] ] } },
{ "type": "Feature", "properties": { "catalog_name": "EMME" }, "geometry": { "type": "LineString", "coordinates": [ [ 24.479029, 40.94717 ], [ 24.669696, 41.018896 ], [ 24.787028, 41.10597 ], [ 24.895239, 41.147025 ], [ 24.945815, 41.147831 ], [ 25.144873, 41.120867 ], [ 25.197584, 41.133202 ], [ 25.251065, 41.134275 ], [ 25.42091, 41.177989 ], [ 25.826633, 41.086023 ] ] } },
{ "type": "Feature", "properties": { "catalog_name": "EMME" }, "geometry": { "type": "LineString", "coordinates": [ [ 26.129644, 40.847688 ], [ 25.703369, 40.847658 ], [ 25.605403, 40.864925 ], [ 25.557473, 40.856292 ], [ 25.499536, 40.875203 ] ] } },
{ "type": "Feature", "properties": { "catalog_name": "EMME" }, "geometry": { "type": "LineString", "coordinates": [ [ 26.121717, 41.542607 ], [ 26.574329, 41.619393 ] ] } },
{ "type": "Feature", "properties": { "catalog_name": "EMME" }, "geometry": { "type": "LineString", "coordinates": [ [ 25.45941, 40.51949 ], [ 25.78977, 40.44605 ] ] } },
{ "type": "Feature", "properties": { "catalog_name": "EMME" }, "geometry": { "type": "LineString", "coordinates": [ [ 33.267769, 35.315199 ], [ 33.453831, 35.116056 ], [ 33.693461, 34.924002 ], [ 33.996454, 34.784546 ], [ 34.127832, 34.739278 ], [ 34.304884, 34.694089 ], [ 34.487577, 34.694399 ], [ 34.842203, 34.736994 ], [ 35.013726, 34.786276 ], [ 35.214723, 34.828609 ] ] } },
{ "type": "Feature", "properties": { "catalog_name": "EMME" }, "geometry": { "type": "LineString", "coordinates": [ [ 32.857252, 35.730917 ], [ 32.744622, 35.597752 ], [ 32.665413, 35.461145 ], [ 32.190796, 34.712503 ], [ 32.084516, 34.58449 ], [ 31.862502, 34.360406 ] ] } },
{ "type": "Feature", "properties": { "catalog_name": "EMME" }, "geometry": { "type": "LineString", "coordinates": [ [ 26.930792, 35.857427 ], [ 26.942078, 35.955527 ], [ 26.928779, 36.042733 ], [ 26.92776, 36.163396 ] ] } },
{ "type": "Feature", "properties": { "catalog_name": "EMME" }, "geometry": { "type": "LineString", "coordinates": [ [ 27.187706, 36.246905 ], [ 26.970873, 36.23412 ], [ 26.844641, 36.210946 ] ] } },
{ "type": "Feature", "properties": { "catalog_name": "EMME" }, "geometry": { "type": "LineString", "coordinates": [ [ 27.052554, 35.618795 ], [ 27.109981, 35.741474 ], [ 27.14636, 35.982855 ], [ 27.184013, 36.103908 ], [ 27.197529, 36.178578 ] ] } },
{ "type": "Feature", "properties": { "catalog_name": "EMME" }, "geometry": { "type": "LineString", "coordinates": [ [ 25.382807, 39.742699 ], [ 24.651233, 39.263335 ] ] } },
{ "type": "Feature", "properties": { "catalog_name": "EMME" }, "geometry": { "type": "LineString", "coordinates": [ [ 25.147126, 39.310941 ], [ 24.988683, 39.289464 ], [ 24.808153, 39.290305 ], [ 24.724206, 39.298132 ] ] } },
{ "type": "Feature", "properties": { "catalog_name": "EMME" }, "geometry": { "type": "LineString", "coordinates": [ [ 25.335447, 39.356552 ], [ 25.023, 39.05745 ], [ 24.990792, 39.004941 ], [ 24.830992, 38.874642 ] ] } },
{ "type": "Feature", "properties": { "catalog_name": "EMME" }, "geometry": { "type": "LineString", "coordinates": [ [ 25.155874, 39.054646 ], [ 25.4447, 39.326281 ] ] } },
{ "type": "Feature", "properties": { "catalog_name": "EMME" }, "geometry": { "type": "LineString", "coordinates": [ [ 26.354506, 39.379322 ], [ 26.311687, 39.325208 ], [ 26.265808, 39.22096 ], [ 26.239301, 39.183557 ], [ 26.001716, 38.97414 ] ] } },
{ "type": "Feature", "properties": { "catalog_name": "EMME" }, "geometry": { "type": "LineString", "coordinates": [ [ 25.4319, 38.600364 ], [ 25.858566, 38.875134 ] ] } },
{ "type": "Feature", "properties": { "catalog_name": "EMME" }, "geometry": { "type": "LineString", "coordinates": [ [ 26.325897, 38.925736 ], [ 26.397265, 38.954504 ], [ 26.510104, 38.974944 ], [ 26.640303, 39.017339 ] ] } },
{ "type": "Feature", "properties": { "catalog_name": "EMME" }, "geometry": { "type": "LineString", "coordinates": [ [ 25.185846, 38.832204 ], [ 25.215818, 38.785149 ], [ 25.234892, 38.7274 ], [ 25.317578, 38.654848 ], [ 25.36249, 38.601966 ], [ 25.45015, 38.466459 ] ] } },
{ "type": "Feature", "properties": { "catalog_name": "EMME" }, "geometry": { "type": "LineString", "coordinates": [ [ 25.466498, 38.457903 ], [ 25.771674, 38.522069 ] ] } },
{ "type": "Feature", "properties": { "catalog_name": "EMME" }, "geometry": { "type": "LineString", "coordinates": [ [ 26.461514, 38.70668 ], [ 26.241961, 38.651994 ], [ 26.094185, 38.630451 ], [ 25.832965, 38.609079 ] ] } },
{ "type": "Feature", "properties": { "catalog_name": "EMME" }, "geometry": { "type": "LineString", "coordinates": [ [ 26.645623, 38.061437 ], [ 26.22883, 38.122437 ], [ 26.09207, 38.111544 ], [ 25.966473, 38.085401 ] ] } },
{ "type": "Feature", "properties": { "catalog_name": "EMME" }, "geometry": { "type": "LineString", "coordinates": [ [ 25.711729, 37.970243 ], [ 25.768949, 37.923188 ], [ 25.809821, 37.873994 ], [ 25.910637, 37.796996 ], [ 25.970585, 37.730691 ] ] } },
{ "type": "Feature", "properties": { "catalog_name": "EMME" }, "geometry": { "type": "LineString", "coordinates": [ [ 26.35037, 37.718428 ], [ 26.177915, 37.662508 ], [ 26.052626, 37.644107 ], [ 25.97422, 37.605403 ], [ 25.869139, 37.533705 ] ] } },
{ "type": "Feature", "properties": { "catalog_name": "EMME" }, "geometry": { "type": "LineString", "coordinates": [ [ 26.619546, 37.798168 ], [ 26.595386, 37.76523 ], [ 26.38475, 37.578832 ], [ 26.237614, 37.435528 ] ] } },
{ "type": "Feature", "properties": { "catalog_name": "EMME" }, "geometry": { "type": "LineString", "coordinates": [ [ 26.599439, 37.821218 ], [ 26.868251, 37.823428 ], [ 27.030101, 37.806856 ], [ 27.099063, 37.79139 ] ] } },
{ "type": "Feature", "properties": { "catalog_name": "EMME" }, "geometry": { "type": "LineString", "coordinates": [ [ 26.586475, 37.708246 ], [ 26.649961, 37.708844 ], [ 26.744806, 37.723172 ], [ 26.835828, 37.713023 ], [ 26.95668, 37.686156 ] ] } },
{ "type": "Feature", "properties": { "catalog_name": "EMME" }, "geometry": { "type": "LineString", "coordinates": [ [ 26.164444, 36.859068 ], [ 26.352097, 36.940387 ], [ 26.419067, 36.947848 ], [ 26.533873, 36.98888 ], [ 26.672597, 37.059754 ] ] } },
{ "type": "Feature", "properties": { "catalog_name": "EMME" }, "geometry": { "type": "LineString", "coordinates": [ [ 27.377805, 36.857044 ], [ 27.212311, 36.812388 ], [ 27.174385, 36.793444 ], [ 27.139907, 36.766379 ], [ 27.053711, 36.72443 ], [ 26.962343, 36.640531 ] ] } },
{ "type": "Feature", "properties": { "catalog_name": "EMME" }, "geometry": { "type": "LineString", "coordinates": [ [ 26.542169, 36.160334 ], [ 26.668127, 36.138761 ], [ 26.897151, 36.129652 ] ] } },
{ "type": "Feature", "properties": { "catalog_name": "EMME" }, "geometry": { "type": "LineString", "coordinates": [ [ 25.451359, 40.042083 ], [ 25.334489, 39.977144 ], [ 24.94026, 39.670721 ] ] } },
{ "type": "Feature", "properties": { "catalog_name": "EMME" }, "geometry": { "type": "LineString", "coordinates": [ [ 40.548075, 39.414054 ], [ 40.666439, 39.377363 ], [ 40.793456, 39.385999 ], [ 40.920834, 39.381564 ], [ 41.130119, 39.317799 ] ] } },
{ "type": "Feature", "properties": { "catalog_name": "EMME" }, "geometry": { "type": "LineString", "coordinates": [ [ 39.722414, 39.673095 ], [ 39.751902, 39.63995 ], [ 39.816805, 39.610606 ], [ 39.9315, 39.58908 ], [ 40.333532, 39.490158 ], [ 40.548554, 39.422673 ] ] } },
{ "type": "Feature", "properties": { "catalog_name": "EMME" }, "geometry": { "type": "LineString", "coordinates": [ [ 36.383168, 40.5492 ], [ 36.501654, 40.539536 ], [ 36.619704, 40.551919 ], [ 36.733923, 40.526127 ], [ 36.970443, 40.505879 ], [ 37.063686, 40.449582 ], [ 37.858031, 40.261471 ], [ 38.192278, 40.168431 ], [ 38.513259, 40.05217 ], [ 38.967121, 39.95056 ], [ 39.305347, 39.861744 ], [ 39.70868, 39.698482 ] ] } },
{ "type": "Feature", "properties": { "catalog_name": "EMME" }, "geometry": { "type": "LineString", "coordinates": [ [ 34.093737, 39.927279 ], [ 34.702239, 40.193987 ], [ 35.808357, 40.5505 ], [ 35.952481, 40.574541 ], [ 36.160471, 40.57198 ], [ 36.349519, 40.551773 ] ] } },
{ "type": "Feature", "properties": { "catalog_name": "EMME" }, "geometry": { "type": "LineString", "coordinates": [ [ 36.658349, 40.712533 ], [ 36.880976, 40.618566 ], [ 36.999465, 40.583316 ], [ 37.250035, 40.550427 ], [ 37.356271, 40.50771 ] ] } },
{ "type": "Feature", "properties": { "catalog_name": "EMME" }, "geometry": { "type": "LineString", "coordinates": [ [ 33.197441, 40.91307 ], [ 33.305157, 40.921891 ], [ 33.390931, 40.961141 ], [ 33.524344, 40.992093 ], [ 33.870245, 41.046116 ], [ 34.337251, 41.094232 ], [ 34.448466, 41.123731 ], [ 34.5663, 41.120169 ], [ 34.682705, 41.106 ], [ 34.799328, 41.119099 ], [ 35.151799, 41.097154 ], [ 35.387511, 41.093448 ], [ 35.499727, 41.066298 ], [ 35.824856, 40.962766 ], [ 35.927033, 40.918779 ], [ 36.042527, 40.902231 ], [ 36.367177, 40.799211 ], [ 36.650778, 40.725816 ] ] } },
{ "type": "Feature", "properties": { "catalog_name": "EMME" }, "geometry": { "type": "LineString", "coordinates": [ [ 31.541616, 40.684775 ], [ 31.684143, 40.697325 ], [ 31.791679, 40.731199 ], [ 32.131657, 40.792008 ], [ 32.704469, 40.874345 ], [ 32.817286, 40.897083 ], [ 33.047776, 40.925548 ], [ 33.161175, 40.946835 ], [ 33.386673, 41.011299 ], [ 33.483599, 41.01925 ] ] } },
{ "type": "Feature", "properties": { "catalog_name": "EMME" }, "geometry": { "type": "LineString", "coordinates": [ [ 31.150511, 40.594456 ], [ 31.31976, 40.627628 ], [ 31.509552, 40.694574 ] ] } },
{ "type": "Feature", "properties": { "catalog_name": "EMME" }, "geometry": { "type": "LineString", "coordinates": [ [ 30.417031, 40.645341 ], [ 30.772579, 40.577053 ], [ 31.016651, 40.57484 ], [ 31.134696, 40.595308 ] ] } },
{ "type": "Feature", "properties": { "catalog_name": "EMME" }, "geometry": { "type": "LineString", "coordinates": [ [ 30.943611, 40.7546 ], [ 31.061257, 40.753943 ], [ 31.176091, 40.773377 ], [ 31.293759, 40.775016 ], [ 31.408655, 40.75578 ], [ 31.487129, 40.7325 ] ] } },
{ "type": "Feature", "properties": { "catalog_name": "EMME" }, "geometry": { "type": "LineString", "coordinates": [ [ 29.3275, 40.7259 ], [ 29.681251, 40.736457 ], [ 29.791993, 40.705459 ], [ 30.026666, 40.723943 ], [ 30.262779, 40.725372 ], [ 30.497906, 40.711151 ], [ 30.611161, 40.685999 ], [ 30.728272, 40.696986 ], [ 30.923536, 40.755293 ] ] } },
{ "type": "Feature", "properties": { "catalog_name": "EMME" }, "geometry": { "type": "LineString", "coordinates": [ [ 28.0563, 40.7968 ], [ 28.298014, 40.839979 ], [ 28.544518, 40.863614 ], [ 28.7926, 40.875073 ], [ 28.914582, 40.857118 ], [ 29.2279, 40.7157 ] ] } },
{ "type": "Feature", "properties": { "catalog_name": "EMME" }, "geometry": { "type": "LineString", "coordinates": [ [ 28.7511, 40.7298 ], [ 28.861882, 40.710007 ], [ 28.934885, 40.643852 ], [ 29.4575, 40.7157 ] ] } },
{ "type": "Feature", "properties": { "catalog_name": "EMME" }, "geometry": { "type": "LineString", "coordinates": [ [ 28.2957, 40.7189 ], [ 28.595546, 40.556254 ], [ 28.713889, 40.531665 ], [ 29.0356, 40.6454 ] ] } },
{ "type": "Feature", "properties": { "catalog_name": "EMME" }, "geometry": { "type": "LineString", "coordinates": [ [ 25.800556, 40.245041 ], [ 25.859048, 40.317778 ], [ 25.932812, 40.38198 ], [ 26.124159, 40.466192 ] ] } },
{ "type": "Feature", "properties": { "catalog_name": "EMME" }, "geometry": { "type": "LineString", "coordinates": [ [ 25.24364, 40.13174 ], [ 25.564442, 40.231983 ], [ 25.782, 40.2861 ] ] } },
{ "type": "Feature", "properties": { "catalog_name": "EMME" }, "geometry": { "type": "LineString", "coordinates": [ [ 29.050486, 40.424473 ], [ 29.288836, 40.414705 ], [ 29.523769, 40.382936 ], [ 29.642851, 40.388236 ], [ 30.114548, 40.443985 ], [ 30.226439, 40.475729 ], [ 30.574613, 40.540718 ], [ 30.680509, 40.570695 ] ] } },
{ "type": "Feature", "properties": { "catalog_name": "EMME" }, "geometry": { "type": "LineString", "coordinates": [ [ 27.957, 40.4104 ], [ 28.406589, 40.474277 ], [ 28.74839, 40.451512 ], [ 28.860915, 40.436058 ], [ 28.967527, 40.404676 ], [ 29.0782, 40.3946 ] ] } },
{ "type": "Feature", "properties": { "catalog_name": "EMME" }, "geometry": { "type": "LineString", "coordinates": [ [ 27.466, 40.2715 ], [ 27.584919, 40.269237 ], [ 27.696729, 40.300284 ], [ 27.9101, 40.3779 ] ] } },
{ "type": "Feature", "properties": { "catalog_name": "EMME" }, "geometry": { "type": "LineString", "coordinates": [ [ 27.2535, 40.0667 ], [ 27.472408, 40.174731 ], [ 27.7157, 40.2452 ] ] } },
{ "type": "Feature", "properties": { "catalog_name": "EMME" }, "geometry": { "type": "LineString", "coordinates": [ [ 26.139, 39.7089 ], [ 26.584852, 39.820438 ], [ 26.668225, 39.883852 ], [ 26.769303, 39.929745 ], [ 26.985564, 39.999874 ], [ 27.1755, 40.072 ] ] } },
{ "type": "Feature", "properties": { "catalog_name": "EMME" }, "geometry": { "type": "LineString", "coordinates": [ [ 29.447457, 40.160877 ], [ 29.669849, 40.236226 ], [ 29.968954, 40.374307 ] ] } },
{ "type": "Feature", "properties": { "catalog_name": "EMME" }, "geometry": { "type": "LineString", "coordinates": [ [ 29.21268, 40.170228 ], [ 28.812789, 40.170987 ] ] } },
{ "type": "Feature", "properties": { "catalog_name": "EMME" }, "geometry": { "type": "LineString", "coordinates": [ [ 27.790159, 40.115418 ], [ 28.4286, 40.0182 ] ] } },
{ "type": "Feature", "properties": { "catalog_name": "EMME" }, "geometry": { "type": "LineString", "coordinates": [ [ 27.04728, 39.87995 ], [ 27.163195, 39.901436 ], [ 27.281866, 39.910654 ], [ 27.486356, 40.005097 ], [ 27.574162, 40.067163 ], [ 27.738078, 40.101176 ], [ 27.780415, 40.117302 ] ] } },
{ "type": "Feature", "properties": { "catalog_name": "EMME" }, "geometry": { "type": "LineString", "coordinates": [ [ 27.4576, 39.8971 ], [ 27.039319, 39.686512 ], [ 26.848457, 39.573586 ] ] } },
{ "type": "Feature", "properties": { "catalog_name": "EMME" }, "geometry": { "type": "LineString", "coordinates": [ [ 25.4386, 39.2214 ], [ 25.649615, 39.303083 ], [ 25.873721, 39.360678 ], [ 26.084466, 39.443416 ], [ 26.201428, 39.457006 ], [ 26.650786, 39.571408 ], [ 26.872464, 39.63618 ] ] } },
{ "type": "Feature", "properties": { "catalog_name": "EMME" }, "geometry": { "type": "LineString", "coordinates": [ [ 29.215426, 40.403475 ], [ 28.911, 40.349927 ] ] } },
{ "type": "Feature", "properties": { "catalog_name": "EMME" }, "geometry": { "type": "LineString", "coordinates": [ [ 29.586795, 40.314221 ], [ 29.386841, 40.219232 ] ] } },
{ "type": "Feature", "properties": { "catalog_name": "EMME" }, "geometry": { "type": "LineString", "coordinates": [ [ 28.803114, 40.190994 ], [ 28.462543, 40.021253 ] ] } },
{ "type": "Feature", "properties": { "catalog_name": "EMME" }, "geometry": { "type": "LineString", "coordinates": [ [ 29.431945, 40.192324 ], [ 29.226585, 40.211794 ] ] } },
{ "type": "Feature", "properties": { "catalog_name": "EMME" }, "geometry": { "type": "LineString", "coordinates": [ [ 29.348241, 40.221132 ], [ 29.157808, 40.268295 ] ] } },
{ "type": "Feature", "properties": { "catalog_name": "EMME" }, "geometry": { "type": "LineString", "coordinates": [ [ 29.573587, 40.122883 ], [ 29.239443, 40.177823 ] ] } },
{ "type": "Feature", "properties": { "catalog_name": "EMME" }, "geometry": { "type": "LineString", "coordinates": [ [ 40.89713, 39.160715 ], [ 41.130119, 39.317799 ] ] } },
{ "type": "Feature", "properties": { "catalog_name": "EMME" }, "geometry": { "type": "LineString", "coordinates": [ [ 40.531954, 38.853486 ], [ 40.613094, 38.910476 ], [ 40.683273, 38.975729 ], [ 40.773314, 39.024108 ], [ 40.828705, 39.097505 ], [ 40.899976, 39.150928 ] ] } },
{ "type": "Feature", "properties": { "catalog_name": "EMME" }, "geometry": { "type": "LineString", "coordinates": [ [ 40.063362, 38.737644 ], [ 40.422739, 38.709118 ], [ 40.536584, 38.739829 ], [ 40.719843, 38.826068 ] ] } },
{ "type": "Feature", "properties": { "catalog_name": "EMME" }, "geometry": { "type": "LineString", "coordinates": [ [ 39.591964, 38.557105 ], [ 39.716837, 38.583499 ], [ 40.04984, 38.732789 ] ] } },
{ "type": "Feature", "properties": { "catalog_name": "EMME" }, "geometry": { "type": "LineString", "coordinates": [ [ 39.180743, 38.38943 ], [ 39.601845, 38.544303 ] ] } },
{ "type": "Feature", "properties": { "catalog_name": "EMME" }, "geometry": { "type": "LineString", "coordinates": [ [ 38.522641, 38.08495 ], [ 38.766909, 38.198474 ], [ 38.928945, 38.296784 ], [ 39.040032, 38.338189 ], [ 39.151101, 38.356411 ] ] } },
{ "type": "Feature", "properties": { "catalog_name": "EMME" }, "geometry": { "type": "LineString", "coordinates": [ [ 37.866327, 37.883326 ], [ 37.909675, 37.880462 ], [ 37.967995, 37.893588 ], [ 38.016651, 37.929307 ], [ 38.095176, 37.952655 ], [ 38.156933, 37.947853 ], [ 38.192477, 37.961915 ] ] } },
{ "type": "Feature", "properties": { "catalog_name": "EMME" }, "geometry": { "type": "LineString", "coordinates": [ [ 36.982937, 37.465012 ], [ 37.205671, 37.532758 ], [ 37.311934, 37.57585 ], [ 37.412532, 37.62685 ], [ 37.586561, 37.754935 ] ] } },
{ "type": "Feature", "properties": { "catalog_name": "EMME" }, "geometry": { "type": "LineString", "coordinates": [ [ 36.358333, 36.570569 ], [ 36.473138, 36.721091 ], [ 36.560409, 36.883198 ], [ 36.627468, 37.051358 ], [ 36.674217, 37.131363 ], [ 36.741986, 37.20118 ], [ 36.89442, 37.461859 ] ] } },
{ "type": "Feature", "properties": { "catalog_name": "EMME" }, "geometry": { "type": "LineString", "coordinates": [ [ 35.902475, 35.942201 ], [ 36.113794, 36.118467 ], [ 36.205103, 36.247098 ] ] } },
{ "type": "Feature", "properties": { "catalog_name": "EMME" }, "geometry": { "type": "LineString", "coordinates": [ [ 36.791919, 36.782253 ], [ 36.706526, 36.722398 ], [ 36.631914, 36.653958 ], [ 36.568263, 36.43252 ] ] } },
{ "type": "Feature", "properties": { "catalog_name": "EMME" }, "geometry": { "type": "LineString", "coordinates": [ [ 36.7555, 36.2157 ], [ 36.5296, 36.2515 ] ] } },
{ "type": "Feature", "properties": { "catalog_name": "EMME" }, "geometry": { "type": "LineString", "coordinates": [ [ 37.644122, 37.806106 ], [ 37.733171, 37.848057 ], [ 37.808764, 37.904154 ], [ 37.981024, 37.959706 ] ] } },
{ "type": "Feature", "properties": { "catalog_name": "EMME" }, "geometry": { "type": "LineString", "coordinates": [ [ 35.90824, 36.072221 ], [ 36.263508, 36.40234 ], [ 36.295054, 36.486003 ], [ 36.367872, 36.550956 ] ] } },
{ "type": "Feature", "properties": { "catalog_name": "EMME" }, "geometry": { "type": "LineString", "coordinates": [ [ 37.061982, 37.050842 ], [ 36.63743, 36.921763 ] ] } },
{ "type": "Feature", "properties": { "catalog_name": "EMME" }, "geometry": { "type": "LineString", "coordinates": [ [ 37.025482, 36.854785 ], [ 36.835157, 36.799518 ] ] } },
{ "type": "Feature", "properties": { "catalog_name": "EMME" }, "geometry": { "type": "LineString", "coordinates": [ [ 42.215052, 39.782894 ], [ 42.448576, 39.719974 ], [ 42.569207, 39.699058 ], [ 42.683264, 39.662397 ], [ 42.898658, 39.554953 ], [ 43.013885, 39.447499 ] ] } },
{ "type": "Feature", "properties": { "catalog_name": "EMME" }, "geometry": { "type": "LineString", "coordinates": [ [ 43.051907, 39.392888 ], [ 43.060511, 39.351844 ], [ 43.108033, 39.31352 ], [ 43.184719, 39.264733 ], [ 43.262239, 39.229286 ] ] } },
{ "type": "Feature", "properties": { "catalog_name": "EMME" }, "geometry": { "type": "LineString", "coordinates": [ [ 36.8201, 37.5968 ], [ 37.139889, 37.620471 ], [ 37.2271, 37.6612 ] ] } },
{ "type": "Feature", "properties": { "catalog_name": "EMME" }, "geometry": { "type": "LineString", "coordinates": [ [ 37.478246, 37.967678 ], [ 37.583633, 37.970606 ], [ 37.674591, 38.007963 ], [ 37.780719, 38.01886 ], [ 37.887651, 38.022583 ], [ 38.098257, 37.993847 ], [ 38.190469, 37.998007 ] ] } },
{ "type": "Feature", "properties": { "catalog_name": "EMME" }, "geometry": { "type": "LineString", "coordinates": [ [ 41.505929, 39.865817 ], [ 41.658725, 39.879436 ], [ 41.755104, 39.84376 ], [ 41.866826, 39.820191 ], [ 42.010192, 39.773647 ], [ 42.05206, 39.712038 ], [ 42.155943, 39.668413 ], [ 42.27403, 39.662905 ], [ 42.385469, 39.6324 ], [ 42.488991, 39.592961 ], [ 42.534089, 39.550585 ] ] } },
{ "type": "Feature", "properties": { "catalog_name": "EMME" }, "geometry": { "type": "LineString", "coordinates": [ [ 41.8572, 39.9352 ], [ 42.7717, 40.1732 ] ] } },
{ "type": "Feature", "properties": { "catalog_name": "EMME" }, "geometry": { "type": "LineString", "coordinates": [ [ 42.905, 40.2602 ], [ 42.454252, 40.141974 ], [ 42.1265, 40.0399 ] ] } },
{ "type": "Feature", "properties": { "catalog_name": "EMME" }, "geometry": { "type": "LineString", "coordinates": [ [ 43.14452, 40.197469 ], [ 42.817357, 40.063016 ], [ 42.479456, 39.946156 ], [ 42.380739, 39.889332 ], [ 42.155721, 39.826644 ] ] } },
{ "type": "Feature", "properties": { "catalog_name": "EMME" }, "geometry": { "type": "LineString", "coordinates": [ [ 43.859425, 40.848413 ], [ 43.6954, 40.614056 ], [ 43.634104, 40.538881 ], [ 43.559414, 40.493465 ], [ 43.381898, 40.36241 ], [ 43.250985, 40.305122 ], [ 43.188265, 40.241081 ] ] } },
{ "type": "Feature", "properties": { "catalog_name": "EMME" }, "geometry": { "type": "LineString", "coordinates": [ [ 43.098806, 40.161968 ], [ 43.224338, 40.15182 ], [ 43.301256, 40.122773 ], [ 43.60493, 40.06398 ], [ 43.686333, 40.011005 ] ] } },
{ "type": "Feature", "properties": { "catalog_name": "EMME" }, "geometry": { "type": "LineString", "coordinates": [ [ 42.611344, 39.19202 ], [ 42.604566, 39.088415 ], [ 42.547202, 38.99756 ] ] } },
{ "type": "Feature", "properties": { "catalog_name": "EMME" }, "geometry": { "type": "LineString", "coordinates": [ [ 42.34124, 39.456558 ], [ 42.287886, 39.378115 ], [ 42.182049, 39.344113 ], [ 41.843584, 39.298763 ], [ 41.66139, 39.191712 ], [ 41.557797, 39.180279 ] ] } },
{ "type": "Feature", "properties": { "catalog_name": "EMME" }, "geometry": { "type": "LineString", "coordinates": [ [ 42.128922, 40.189764 ], [ 42.318459, 40.361328 ], [ 42.485116, 40.488452 ], [ 42.832871, 40.645227 ] ] } },
{ "type": "Feature", "properties": { "catalog_name": "EMME" }, "geometry": { "type": "LineString", "coordinates": [ [ 41.744862, 39.974508 ], [ 41.812105, 39.990997 ], [ 41.919156, 40.075724 ], [ 42.08315, 40.189052 ] ] } },
{ "type": "Feature", "properties": { "catalog_name": "EMME" }, "geometry": { "type": "LineString", "coordinates": [ [ 41.0576, 39.758 ], [ 41.433978, 39.966256 ], [ 41.496766, 40.041182 ], [ 41.718584, 40.354379 ], [ 41.781837, 40.429255 ], [ 41.944475, 40.557234 ], [ 42.032744, 40.608489 ], [ 42.084585, 40.654084 ] ] } },
{ "type": "Feature", "properties": { "catalog_name": "EMME" }, "geometry": { "type": "LineString", "coordinates": [ [ 41.928086, 40.486685 ], [ 42.03443, 40.540048 ], [ 42.113332, 40.616159 ], [ 42.182807, 40.697441 ], [ 42.434823, 40.888943 ] ] } },
{ "type": "Feature", "properties": { "catalog_name": "EMME" }, "geometry": { "type": "LineString", "coordinates": [ [ 41.785071, 40.195347 ], [ 41.857593, 40.257597 ], [ 41.913711, 40.329075 ], [ 41.968153, 40.445309 ], [ 42.026847, 40.511597 ] ] } },
{ "type": "Feature", "properties": { "catalog_name": "EMME" }, "geometry": { "type": "LineString", "coordinates": [ [ 41.889979, 40.370997 ], [ 41.724132, 40.282337 ] ] } },
{ "type": "Feature", "properties": { "catalog_name": "EMME" }, "geometry": { "type": "LineString", "coordinates": [ [ 41.862477, 39.160525 ], [ 42.080792, 39.1756 ], [ 42.1869, 39.154378 ], [ 42.513453, 39.152767 ] ] } },
{ "type": "Feature", "properties": { "catalog_name": "EMME" }, "geometry": { "type": "LineString", "coordinates": [ [ 43.028981, 40.859036 ], [ 43.070794, 40.955455 ], [ 43.135121, 41.04455 ], [ 43.250148, 41.086974 ] ] } },
{ "type": "Feature", "properties": { "catalog_name": "EMME" }, "geometry": { "type": "LineString", "coordinates": [ [ 44.090583, 39.405821 ], [ 43.9772, 39.477785 ], [ 43.834125, 39.584655 ], [ 43.721402, 39.619911 ], [ 43.633499, 39.684762 ], [ 43.533749, 39.738596 ], [ 43.421349, 39.722113 ], [ 43.325297, 39.825494 ], [ 43.149731, 40.051479 ] ] } },
{ "type": "Feature", "properties": { "catalog_name": "EMME" }, "geometry": { "type": "LineString", "coordinates": [ [ 43.399131, 39.982765 ], [ 43.494049, 39.839764 ], [ 43.54406, 39.781745 ], [ 43.607074, 39.746979 ] ] } },
{ "type": "Feature", "properties": { "catalog_name": "EMME" }, "geometry": { "type": "LineString", "coordinates": [ [ 43.777118, 39.706469 ], [ 43.590598, 39.734727 ] ] } },
{ "type": "Feature", "properties": { "catalog_name": "EMME" }, "geometry": { "type": "LineString", "coordinates": [ [ 44.641608, 39.158904 ], [ 44.212172, 39.450333 ], [ 44.138415, 39.51831 ], [ 44.050705, 39.575639 ], [ 43.951291, 39.620282 ], [ 43.780435, 39.719276 ] ] } },
{ "type": "Feature", "properties": { "catalog_name": "EMME" }, "geometry": { "type": "LineString", "coordinates": [ [ 44.0482, 39.8254 ], [ 43.798126, 40.113797 ] ] } },
{ "type": "Feature", "properties": { "catalog_name": "EMME" }, "geometry": { "type": "LineString", "coordinates": [ [ 43.9461, 39.8452 ], [ 44.08407, 39.739605 ] ] } },
{ "type": "Feature", "properties": { "catalog_name": "EMME" }, "geometry": { "type": "LineString", "coordinates": [ [ 44.559329, 39.295667 ], [ 44.334421, 39.474379 ], [ 44.14, 39.689 ] ] } },
{ "type": "Feature", "properties": { "catalog_name": "EMME" }, "geometry": { "type": "LineString", "coordinates": [ [ 43.324218, 39.214764 ], [ 43.499207, 39.021202 ], [ 43.550944, 38.986132 ] ] } },
{ "type": "Feature", "properties": { "catalog_name": "EMME" }, "geometry": { "type": "LineString", "coordinates": [ [ 43.90756, 38.690629 ], [ 43.670681, 38.950906 ], [ 43.642545, 38.973944 ], [ 43.603117, 38.982865 ] ] } },
{ "type": "Feature", "properties": { "catalog_name": "EMME" }, "geometry": { "type": "LineString", "coordinates": [ [ 44.284536, 38.73073 ], [ 44.231435, 38.800926 ], [ 44.15537, 38.856876 ], [ 44.091214, 38.921282 ], [ 43.960707, 38.992412 ] ] } },
{ "type": "Feature", "properties": { "catalog_name": "EMME" }, "geometry": { "type": "LineString", "coordinates": [ [ 42.73366, 38.798674 ], [ 42.81225, 38.85769 ], [ 42.993287, 38.947651 ] ] } },
{ "type": "Feature", "properties": { "catalog_name": "EMME" }, "geometry": { "type": "LineString", "coordinates": [ [ 43.153987, 39.128802 ], [ 43.126223, 39.088865 ], [ 43.070169, 39.061144 ], [ 42.971977, 38.987346 ] ] } },
{ "type": "Feature", "properties": { "catalog_name": "EMME" }, "geometry": { "type": "LineString", "coordinates": [ [ 44.033494, 37.633959 ], [ 44.167026, 37.527588 ], [ 44.44919, 37.39598 ], [ 44.692161, 37.222254 ], [ 44.75994, 37.154514 ], [ 44.924766, 37.041766 ], [ 45.038494, 36.912597 ], [ 45.082007, 36.811299 ], [ 45.090558, 36.693894 ] ] } },
{ "type": "Feature", "properties": { "catalog_name": "EMME" }, "geometry": { "type": "LineString", "coordinates": [ [ 44.682895, 37.444019 ], [ 44.474109, 37.47662 ], [ 44.410309, 37.498937 ], [ 44.323163, 37.549899 ] ] } },
{ "type": "Feature", "properties": { "catalog_name": "EMME" }, "geometry": { "type": "LineString", "coordinates": [ [ 44.002809, 37.693977 ], [ 43.950089, 37.702742 ], [ 43.895608, 37.691995 ], [ 43.791906, 37.729039 ], [ 43.686413, 37.746576 ] ] } },
{ "type": "Feature", "properties": { "catalog_name": "EMME" }, "geometry": { "type": "LineString", "coordinates": [ [ 43.871616, 37.797949 ], [ 44.036548, 38.079161 ], [ 44.423748, 38.400662 ], [ 44.49186, 38.465155 ] ] } },
{ "type": "Feature", "properties": { "catalog_name": "EMME" }, "geometry": { "type": "LineString", "coordinates": [ [ 42.426813, 38.525881 ], [ 42.64286, 38.487974 ], [ 42.753502, 38.485868 ], [ 42.85906, 38.511947 ], [ 42.936427, 38.450005 ], [ 42.921037, 38.364214 ], [ 43.011243, 38.266689 ], [ 43.1208, 38.277045 ] ] } },
{ "type": "Feature", "properties": { "catalog_name": "EMME" }, "geometry": { "type": "LineString", "coordinates": [ [ 43.073594, 38.540464 ], [ 42.81906, 38.625016 ] ] } },
{ "type": "Feature", "properties": { "catalog_name": "EMME" }, "geometry": { "type": "LineString", "coordinates": [ [ 42.819535, 38.731125 ], [ 42.607745, 38.701501 ] ] } },
{ "type": "Feature", "properties": { "catalog_name": "EMME" }, "geometry": { "type": "LineString", "coordinates": [ [ 41.245293, 38.920058 ], [ 41.3187, 38.907072 ], [ 41.410266, 38.874102 ], [ 41.477622, 38.880538 ], [ 41.616678, 38.852535 ], [ 41.658392, 38.82308 ], [ 41.696987, 38.811715 ], [ 41.813049, 38.742913 ], [ 41.858741, 38.744376 ], [ 41.953332, 38.692124 ], [ 42.00191, 38.68563 ] ] } },
{ "type": "Feature", "properties": { "catalog_name": "EMME" }, "geometry": { "type": "LineString", "coordinates": [ [ 42.141778, 40.374559 ], [ 42.34283, 40.600409 ], [ 42.402176, 40.679385 ], [ 42.509657, 40.7197 ], [ 42.735548, 40.902955 ] ] } },
{ "type": "Feature", "properties": { "catalog_name": "EMME" }, "geometry": { "type": "LineString", "coordinates": [ [ 41.340386, 39.999144 ], [ 41.475679, 40.149793 ], [ 41.529543, 40.231404 ], [ 41.620296, 40.400559 ], [ 41.705704, 40.464801 ], [ 41.776766, 40.538515 ], [ 41.94062, 40.672341 ], [ 42.125438, 40.789806 ], [ 42.192494, 40.865825 ], [ 42.270116, 40.935907 ], [ 42.54594, 41.114373 ], [ 42.662374, 41.225774 ] ] } },
{ "type": "Feature", "properties": { "catalog_name": "EMME" }, "geometry": { "type": "LineString", "coordinates": [ [ 40.323205, 39.784713 ], [ 40.439508, 39.786193 ], [ 40.506794, 39.804942 ], [ 40.597956, 39.863616 ], [ 40.940846, 40.045541 ], [ 41.105523, 40.113399 ] ] } },
{ "type": "Feature", "properties": { "catalog_name": "EMME" }, "geometry": { "type": "LineString", "coordinates": [ [ 42.552058, 41.382034 ], [ 42.803526, 41.55119 ] ] } },
{ "type": "Feature", "properties": { "catalog_name": "EMME" }, "geometry": { "type": "LineString", "coordinates": [ [ 42.35557, 41.192416 ], [ 42.739777, 41.490212 ] ] } },
{ "type": "Feature", "properties": { "catalog_name": "EMME" }, "geometry": { "type": "LineString", "coordinates": [ [ 42.580701, 41.440602 ], [ 42.743381, 41.534122 ], [ 42.809446, 41.589092 ] ] } },
{ "type": "Feature", "properties": { "catalog_name": "EMME" }, "geometry": { "type": "LineString", "coordinates": [ [ 41.738376, 41.061781 ], [ 41.939877, 41.149086 ], [ 42.026455, 41.207587 ], [ 42.125648, 41.253447 ], [ 42.231414, 41.290183 ], [ 42.294012, 41.364065 ], [ 42.392334, 41.411255 ], [ 42.503285, 41.438592 ], [ 42.571101, 41.555512 ] ] } },
{ "type": "Feature", "properties": { "catalog_name": "EMME" }, "geometry": { "type": "LineString", "coordinates": [ [ 39.578316, 40.203098 ], [ 39.81139, 40.247426 ], [ 40.385838, 40.382798 ], [ 40.625654, 40.397116 ], [ 40.97345, 40.471294 ], [ 41.049832, 40.542252 ], [ 41.146309, 40.597364 ], [ 41.457886, 40.738021 ], [ 41.524507, 40.814587 ], [ 41.600146, 40.971608 ] ] } },
{ "type": "Feature", "properties": { "catalog_name": "EMME" }, "geometry": { "type": "LineString", "coordinates": [ [ 41.836471, 40.994042 ], [ 41.640516, 40.810836 ] ] } },
{ "type": "Feature", "properties": { "catalog_name": "EMME" }, "geometry": { "type": "LineString", "coordinates": [ [ 39.321204, 40.107161 ], [ 39.435603, 40.11868 ], [ 39.54739, 40.096836 ], [ 39.874294, 40.184197 ], [ 40.30928, 40.274497 ] ] } },
{ "type": "Feature", "properties": { "catalog_name": "EMME" }, "geometry": { "type": "LineString", "coordinates": [ [ 43.2037, 41.287306 ], [ 43.183369, 41.260892 ], [ 43.143661, 41.246398 ], [ 43.019075, 41.089497 ], [ 42.975669, 41.066971 ], [ 42.945796, 41.038182 ] ] } },
{ "type": "Feature", "properties": { "catalog_name": "EMME" }, "geometry": { "type": "LineString", "coordinates": [ [ 43.080103, 41.301347 ], [ 43.012816, 41.227253 ], [ 42.91685, 41.174015 ], [ 42.831678, 41.141016 ] ] } },
{ "type": "Feature", "properties": { "catalog_name": "EMME" }, "geometry": { "type": "LineString", "coordinates": [ [ 42.864318, 41.285746 ], [ 42.634199, 41.063489 ] ] } },
{ "type": "Feature", "properties": { "catalog_name": "EMME" }, "geometry": { "type": "LineString", "coordinates": [ [ 41.454821, 39.112823 ], [ 41.223996, 39.273117 ] ] } },
{ "type": "Feature", "properties": { "catalog_name": "EMME" }, "geometry": { "type": "LineString", "coordinates": [ [ 37.780457, 37.611791 ], [ 38.235, 37.489434 ], [ 38.345201, 37.45198 ], [ 38.538336, 37.339435 ], [ 38.642876, 37.305538 ] ] } },
{ "type": "Feature", "properties": { "catalog_name": "EMME" }, "geometry": { "type": "LineString", "coordinates": [ [ 42.9031, 37.679223 ], [ 43.389314, 37.522314 ], [ 43.646597, 37.501746 ], [ 43.826292, 37.604206 ], [ 43.904326, 37.591039 ], [ 44.330462, 37.269994 ], [ 44.329782, 37.150948 ] ] } },
{ "type": "Feature", "properties": { "catalog_name": "EMME" }, "geometry": { "type": "LineString", "coordinates": [ [ 41.398774, 38.321121 ], [ 41.808089, 38.125674 ], [ 42.51632, 37.877263 ], [ 42.859114, 37.707164 ] ] } },
{ "type": "Feature", "properties": { "catalog_name": "EMME" }, "geometry": { "type": "LineString", "coordinates": [ [ 40.7439, 38.5198 ], [ 40.95232, 38.494085 ], [ 41.052053, 38.467166 ], [ 41.3329, 38.3644 ] ] } },
{ "type": "Feature", "properties": { "catalog_name": "EMME" }, "geometry": { "type": "LineString", "coordinates": [ [ 40.2581, 38.4646 ], [ 40.499443, 38.512317 ], [ 40.7471, 38.5208 ] ] } },
{ "type": "Feature", "properties": { "catalog_name": "EMME" }, "geometry": { "type": "LineString", "coordinates": [ [ 38.223023, 37.995719 ], [ 38.273898, 37.983139 ], [ 38.508306, 37.990831 ], [ 38.930813, 38.146368 ], [ 39.030825, 38.193763 ], [ 39.143604, 38.217738 ], [ 39.377106, 38.211661 ], [ 39.486074, 38.244842 ], [ 39.692869, 38.330614 ], [ 39.790485, 38.381295 ], [ 39.8517, 38.459576 ], [ 39.946562, 38.513567 ], [ 40.1337, 38.5866 ] ] } },
{ "type": "Feature", "properties": { "catalog_name": "EMME" }, "geometry": { "type": "LineString", "coordinates": [ [ 41.853973, 38.493382 ], [ 41.775646, 38.501811 ], [ 41.687767, 38.523844 ], [ 41.636403, 38.54657 ], [ 41.519956, 38.572325 ], [ 41.408902, 38.608594 ], [ 41.385446, 38.638396 ], [ 41.344677, 38.660629 ], [ 41.287069, 38.681254 ], [ 41.230315, 38.712605 ], [ 41.132694, 38.745857 ], [ 40.965552, 38.840961 ] ] } },
{ "type": "Feature", "properties": { "catalog_name": "EMME" }, "geometry": { "type": "LineString", "coordinates": [ [ 43.193483, 38.349915 ], [ 43.301741, 38.333335 ], [ 43.412028, 38.333667 ], [ 43.502479, 38.374529 ] ] } },
{ "type": "Feature", "properties": { "catalog_name": "EMME" }, "geometry": { "type": "LineString", "coordinates": [ [ 34.764373, 37.246761 ], [ 34.831358, 37.415776 ], [ 34.886902, 37.492631 ], [ 34.968858, 37.552846 ], [ 35.002909, 37.637244 ], [ 35.021376, 37.724634 ], [ 35.11264, 37.886375 ], [ 35.174086, 38.056749 ], [ 35.249559, 38.195854 ] ] } },
{ "type": "Feature", "properties": { "catalog_name": "EMME" }, "geometry": { "type": "LineString", "coordinates": [ [ 34.271971, 37.163295 ], [ 34.473346, 37.270751 ], [ 34.555543, 37.341752 ], [ 34.658865, 37.392473 ], [ 34.748197, 37.457916 ], [ 34.820949, 37.491247 ] ] } },
{ "type": "Feature", "properties": { "catalog_name": "EMME" }, "geometry": { "type": "LineString", "coordinates": [ [ 34.982652, 37.819366 ], [ 34.871561, 37.79833 ], [ 34.757389, 37.801048 ], [ 34.655156, 37.841351 ], [ 34.57587, 37.906384 ], [ 34.377674, 37.996703 ], [ 34.315785, 38.072662 ], [ 34.108214, 38.288752 ], [ 33.885629, 38.495765 ], [ 33.817876, 38.568822 ], [ 33.624351, 38.793529 ], [ 33.60568, 38.882605 ], [ 33.537837, 38.955816 ], [ 33.446485, 39.011527 ], [ 33.417045, 39.098838 ], [ 33.334647, 39.162563 ] ] } },
{ "type": "Feature", "properties": { "catalog_name": "EMME" }, "geometry": { "type": "LineString", "coordinates": [ [ 40.404878, 38.948178 ], [ 40.482984, 38.883174 ], [ 40.552042, 38.812422 ] ] } },
{ "type": "Feature", "properties": { "catalog_name": "EMME" }, "geometry": { "type": "LineString", "coordinates": [ [ 40.096277, 39.048813 ], [ 40.145771, 39.03002 ], [ 40.253488, 39.012158 ], [ 40.355221, 38.979436 ], [ 40.450021, 38.964588 ] ] } },
{ "type": "Feature", "properties": { "catalog_name": "EMME" }, "geometry": { "type": "LineString", "coordinates": [ [ 39.356869, 39.22735 ], [ 39.470241, 39.205153 ], [ 39.587086, 39.20198 ], [ 39.702616, 39.188148 ], [ 39.814193, 39.161202 ], [ 40.021817, 39.078228 ], [ 40.119295, 39.071187 ] ] } },
{ "type": "Feature", "properties": { "catalog_name": "EMME" }, "geometry": { "type": "LineString", "coordinates": [ [ 40.32836, 39.063671 ], [ 40.426353, 39.038324 ], [ 40.590303, 38.938251 ] ] } },
{ "type": "Feature", "properties": { "catalog_name": "EMME" }, "geometry": { "type": "LineString", "coordinates": [ [ 39.39775, 39.884259 ], [ 39.453768, 39.88562 ], [ 39.563349, 39.903785 ], [ 39.669417, 39.931726 ], [ 40.003165, 39.964217 ], [ 40.111944, 39.985413 ], [ 40.215538, 40.018593 ], [ 40.385017, 40.105586 ] ] } },
{ "type": "Feature", "properties": { "catalog_name": "EMME" }, "geometry": { "type": "LineString", "coordinates": [ [ 40.79787, 39.34109 ], [ 40.871647, 39.255205 ], [ 40.861286, 39.156736 ] ] } },
{ "type": "Feature", "properties": { "catalog_name": "EMME" }, "geometry": { "type": "LineString", "coordinates": [ [ 40.69686, 38.545709 ], [ 40.601626, 38.570476 ], [ 40.434182, 38.656915 ] ] } },
{ "type": "Feature", "properties": { "catalog_name": "EMME" }, "geometry": { "type": "LineString", "coordinates": [ [ 40.490265, 39.056155 ], [ 40.525697, 39.076729 ], [ 40.579729, 39.134729 ], [ 40.624552, 39.158578 ], [ 40.671889, 39.16497 ] ] } },
{ "type": "Feature", "properties": { "catalog_name": "EMME" }, "geometry": { "type": "LineString", "coordinates": [ [ 40.504739, 39.170643 ], [ 40.704929, 39.337984 ] ] } },
{ "type": "Feature", "properties": { "catalog_name": "EMME" }, "geometry": { "type": "LineString", "coordinates": [ [ 40.18141, 39.077055 ], [ 40.301226, 39.087321 ], [ 40.498497, 39.166092 ] ] } },
{ "type": "Feature", "properties": { "catalog_name": "EMME" }, "geometry": { "type": "LineString", "coordinates": [ [ 38.872622, 39.272602 ], [ 38.937473, 39.280797 ], [ 39.146254, 39.368863 ], [ 39.361583, 39.447301 ], [ 39.582806, 39.515569 ], [ 39.685009, 39.528092 ], [ 39.759184, 39.548146 ] ] } },
{ "type": "Feature", "properties": { "catalog_name": "EMME" }, "geometry": { "type": "LineString", "coordinates": [ [ 39.028974, 39.253277 ], [ 39.112328, 39.305554 ], [ 39.203653, 39.3492 ], [ 39.296921, 39.34274 ] ] } },
{ "type": "Feature", "properties": { "catalog_name": "EMME" }, "geometry": { "type": "LineString", "coordinates": [ [ 38.616351, 39.120554 ], [ 38.563847, 39.084309 ], [ 38.523693, 39.074052 ], [ 38.488822, 39.052857 ], [ 38.409789, 38.983134 ], [ 38.356444, 38.979751 ] ] } },
{ "type": "Feature", "properties": { "catalog_name": "EMME" }, "geometry": { "type": "LineString", "coordinates": [ [ 38.384727, 39.143871 ], [ 38.400666, 39.183594 ], [ 38.417501, 39.265772 ], [ 38.409487, 39.348745 ], [ 38.426519, 39.430902 ], [ 38.383014, 39.477716 ] ] } },
{ "type": "Feature", "properties": { "catalog_name": "EMME" }, "geometry": { "type": "LineString", "coordinates": [ [ 37.494848, 37.989473 ], [ 37.592881, 38.03747 ], [ 37.696916, 38.07695 ], [ 37.79202, 38.128605 ], [ 37.87326, 38.193325 ], [ 38.071502, 38.522064 ], [ 38.131679, 38.599878 ], [ 38.169542, 38.685872 ], [ 38.230494, 38.861419 ], [ 38.308581, 39.030707 ], [ 38.385133, 39.09835 ] ] } },
{ "type": "Feature", "properties": { "catalog_name": "EMME" }, "geometry": { "type": "LineString", "coordinates": [ [ 38.411318, 39.118568 ], [ 38.526761, 39.16471 ], [ 38.656466, 39.170501 ], [ 38.783915, 39.190144 ], [ 38.85862, 39.218405 ], [ 38.958503, 39.230488 ] ] } },
{ "type": "Feature", "properties": { "catalog_name": "EMME" }, "geometry": { "type": "LineString", "coordinates": [ [ 37.031693, 39.566683 ], [ 36.682749, 39.492484 ], [ 36.464423, 39.413565 ], [ 36.318031, 39.34752 ], [ 35.993625, 39.157061 ] ] } },
{ "type": "Feature", "properties": { "catalog_name": "EMME" }, "geometry": { "type": "LineString", "coordinates": [ [ 37.043366, 39.39373 ], [ 36.856, 39.350397 ], [ 36.652331, 39.253357 ], [ 36.540623, 39.220501 ], [ 36.313581, 39.163125 ], [ 36.081076, 39.121437 ], [ 35.897741, 39.015285 ] ] } },
{ "type": "Feature", "properties": { "catalog_name": "EMME" }, "geometry": { "type": "LineString", "coordinates": [ [ 37.978522, 39.536895 ], [ 37.867038, 39.513866 ], [ 37.752941, 39.500637 ], [ 37.523398, 39.518734 ], [ 37.086328, 39.406271 ] ] } },
{ "type": "Feature", "properties": { "catalog_name": "EMME" }, "geometry": { "type": "LineString", "coordinates": [ [ 36.260037, 39.815877 ], [ 36.158521, 39.770799 ], [ 36.068182, 39.713438 ], [ 35.683728, 39.375736 ] ] } },
{ "type": "Feature", "properties": { "catalog_name": "EMME" }, "geometry": { "type": "LineString", "coordinates": [ [ 35.232792, 39.264526 ], [ 35.461623, 39.42414 ] ] } },
{ "type": "Feature", "properties": { "catalog_name": "EMME" }, "geometry": { "type": "LineString", "coordinates": [ [ 37.129728, 39.961598 ], [ 36.77452, 39.907505 ], [ 36.545957, 39.848695 ], [ 36.433449, 39.815462 ], [ 36.334426, 39.762746 ], [ 36.215183, 39.749875 ], [ 36.059192, 39.663238 ] ] } },
{ "type": "Feature", "properties": { "catalog_name": "EMME" }, "geometry": { "type": "LineString", "coordinates": [ [ 36.675973, 39.839589 ], [ 36.577273, 39.827298 ], [ 36.489396, 39.790712 ], [ 36.397977, 39.763886 ] ] } },
{ "type": "Feature", "properties": { "catalog_name": "EMME" }, "geometry": { "type": "LineString", "coordinates": [ [ 35.928393, 39.745952 ], [ 36.023916, 39.799392 ], [ 36.236499, 39.878689 ] ] } },
{ "type": "Feature", "properties": { "catalog_name": "EMME" }, "geometry": { "type": "LineString", "coordinates": [ [ 35.594678, 39.615638 ], [ 35.719192, 39.656169 ], [ 35.832207, 39.711562 ] ] } },
{ "type": "Feature", "properties": { "catalog_name": "EMME" }, "geometry": { "type": "LineString", "coordinates": [ [ 35.117116, 39.298939 ], [ 35.332471, 39.496477 ], [ 35.417989, 39.551809 ], [ 35.475049, 39.625829 ], [ 35.65987, 39.699951 ] ] } },
{ "type": "Feature", "properties": { "catalog_name": "EMME" }, "geometry": { "type": "LineString", "coordinates": [ [ 35.76242, 38.986703 ], [ 35.273549, 38.718668 ], [ 35.185112, 38.656169 ], [ 35.058905, 38.498207 ], [ 35.118606, 38.222887 ], [ 35.138286, 38.044905 ] ] } },
{ "type": "Feature", "properties": { "catalog_name": "EMME" }, "geometry": { "type": "LineString", "coordinates": [ [ 35.351253, 38.078828 ], [ 35.495702, 38.37582 ] ] } },
{ "type": "Feature", "properties": { "catalog_name": "EMME" }, "geometry": { "type": "LineString", "coordinates": [ [ 35.59336, 38.734553 ], [ 35.905607, 38.968269 ] ] } },
{ "type": "Feature", "properties": { "catalog_name": "EMME" }, "geometry": { "type": "LineString", "coordinates": [ [ 34.876773, 38.730685 ], [ 35.153811, 38.81755 ] ] } },
{ "type": "Feature", "properties": { "catalog_name": "EMME" }, "geometry": { "type": "LineString", "coordinates": [ [ 35.33678, 38.906441 ], [ 35.223079, 38.886507 ], [ 35.107896, 38.891168 ] ] } },
{ "type": "Feature", "properties": { "catalog_name": "EMME" }, "geometry": { "type": "LineString", "coordinates": [ [ 36.276446, 39.453834 ], [ 36.103218, 39.329371 ], [ 35.948353, 39.191657 ], [ 35.560654, 38.984225 ], [ 35.291444, 38.812675 ] ] } },
{ "type": "Feature", "properties": { "catalog_name": "EMME" }, "geometry": { "type": "LineString", "coordinates": [ [ 37.135356, 39.851743 ], [ 37.028336, 39.811929 ], [ 36.837876, 39.72328 ], [ 36.622885, 39.67866 ], [ 36.436968, 39.584556 ], [ 36.414017, 39.545546 ], [ 36.302648, 39.47615 ] ] } },
{ "type": "Feature", "properties": { "catalog_name": "EMME" }, "geometry": { "type": "LineString", "coordinates": [ [ 37.261909, 39.841395 ], [ 37.161973, 39.8007 ], [ 37.006109, 39.683664 ], [ 36.856587, 39.62445 ], [ 36.773828, 39.580693 ] ] } },
{ "type": "Feature", "properties": { "catalog_name": "EMME" }, "geometry": { "type": "LineString", "coordinates": [ [ 38.167793, 39.860081 ], [ 37.939172, 39.897802 ], [ 37.822483, 39.903913 ], [ 37.709444, 39.927022 ], [ 37.592616, 39.932009 ], [ 37.359605, 39.918745 ], [ 37.141952, 39.853583 ] ] } },
{ "type": "Feature", "properties": { "catalog_name": "EMME" }, "geometry": { "type": "LineString", "coordinates": [ [ 36.04815, 39.41218 ], [ 35.68204, 39.10037 ] ] } },
{ "type": "Feature", "properties": { "catalog_name": "EMME" }, "geometry": { "type": "LineString", "coordinates": [ [ 34.895518, 39.266432 ], [ 35.414718, 39.096832 ] ] } },
{ "type": "Feature", "properties": { "catalog_name": "EMME" }, "geometry": { "type": "LineString", "coordinates": [ [ 31.887926, 39.186038 ], [ 32.168804, 39.030346 ], [ 32.256114, 38.97231 ], [ 32.730399, 38.721869 ], [ 32.834304, 38.684492 ], [ 32.941432, 38.658897 ] ] } },
{ "type": "Feature", "properties": { "catalog_name": "EMME" }, "geometry": { "type": "LineString", "coordinates": [ [ 32.169394, 39.009827 ], [ 32.213273, 38.932482 ], [ 32.309523, 38.893277 ], [ 32.407887, 38.86846 ] ] } },
{ "type": "Feature", "properties": { "catalog_name": "EMME" }, "geometry": { "type": "LineString", "coordinates": [ [ 32.02311, 39.39159 ], [ 32.087319, 39.320374 ], [ 32.161404, 39.255194 ], [ 32.40405, 39.075172 ], [ 32.586013, 38.974366 ], [ 32.656308, 38.906932 ], [ 32.743172, 38.85249 ], [ 32.84538, 38.76466 ] ] } },
{ "type": "Feature", "properties": { "catalog_name": "EMME" }, "geometry": { "type": "LineString", "coordinates": [ [ 32.077327, 39.48293 ], [ 32.543201, 39.202213 ], [ 32.704134, 39.068813 ], [ 32.897083, 38.964544 ], [ 32.981385, 38.845585 ] ] } },
{ "type": "Feature", "properties": { "catalog_name": "EMME" }, "geometry": { "type": "LineString", "coordinates": [ [ 30.842699, 39.707609 ], [ 31.055835, 39.648917 ], [ 31.395249, 39.648362 ], [ 31.609282, 39.592539 ], [ 31.663601, 39.516132 ], [ 31.763716, 39.475839 ], [ 31.839818, 39.411511 ], [ 31.936147, 39.366239 ], [ 32.031138, 39.252012 ] ] } },
{ "type": "Feature", "properties": { "catalog_name": "EMME" }, "geometry": { "type": "LineString", "coordinates": [ [ 30.924923, 39.622417 ], [ 31.498465, 39.442179 ], [ 31.797081, 39.292367 ] ] } },
{ "type": "Feature", "properties": { "catalog_name": "EMME" }, "geometry": { "type": "LineString", "coordinates": [ [ 30.737855, 39.8636 ], [ 30.85206, 39.906584 ], [ 30.973006, 39.936972 ], [ 31.211465, 39.875671 ] ] } },
{ "type": "Feature", "properties": { "catalog_name": "EMME" }, "geometry": { "type": "LineString", "coordinates": [ [ 30.340215, 39.850701 ], [ 30.471048, 39.876612 ], [ 30.602254, 39.851829 ], [ 30.727258, 39.81731 ] ] } },
{ "type": "Feature", "properties": { "catalog_name": "EMME" }, "geometry": { "type": "LineString", "coordinates": [ [ 30.224873, 39.807559 ], [ 30.420987, 39.746851 ], [ 30.524751, 39.731559 ], [ 30.712493, 39.668302 ] ] } },
{ "type": "Feature", "properties": { "catalog_name": "EMME" }, "geometry": { "type": "LineString", "coordinates": [ [ 30.303447, 39.860241 ], [ 29.979502, 39.917039 ] ] } },
{ "type": "Feature", "properties": { "catalog_name": "EMME" }, "geometry": { "type": "LineString", "coordinates": [ [ 29.217282, 40.16646 ], [ 29.32326, 40.133793 ], [ 29.417571, 40.084542 ], [ 29.502813, 40.026477 ], [ 29.696162, 39.934157 ], [ 29.803175, 39.904275 ], [ 29.915017, 39.88797 ], [ 30.06152, 39.854308 ] ] } },
{ "type": "Feature", "properties": { "catalog_name": "EMME" }, "geometry": { "type": "LineString", "coordinates": [ [ 31.375422, 38.390347 ], [ 31.580278, 38.187691 ], [ 31.660247, 38.128681 ], [ 32.255204, 37.749425 ] ] } },
{ "type": "Feature", "properties": { "catalog_name": "EMME" }, "geometry": { "type": "LineString", "coordinates": [ [ 31.073959, 38.586991 ], [ 31.186415, 38.543464 ], [ 31.366823, 38.408083 ] ] } },
{ "type": "Feature", "properties": { "catalog_name": "EMME" }, "geometry": { "type": "LineString", "coordinates": [ [ 30.800322, 38.609122 ], [ 31.051624, 38.587376 ] ] } },
{ "type": "Feature", "properties": { "catalog_name": "EMME" }, "geometry": { "type": "LineString", "coordinates": [ [ 29.820998, 38.800826 ], [ 30.019032, 38.73182 ], [ 30.334304, 38.710069 ] ] } },
{ "type": "Feature", "properties": { "catalog_name": "EMME" }, "geometry": { "type": "LineString", "coordinates": [ [ 29.479808, 38.921246 ], [ 29.562668, 38.85958 ], [ 29.662036, 38.815179 ], [ 29.770108, 38.786571 ] ] } },
{ "type": "Feature", "properties": { "catalog_name": "EMME" }, "geometry": { "type": "LineString", "coordinates": [ [ 28.911108, 39.101879 ], [ 29.33166, 38.943985 ], [ 29.448206, 38.940402 ], [ 29.660965, 38.995625 ] ] } },
{ "type": "Feature", "properties": { "catalog_name": "EMME" }, "geometry": { "type": "LineString", "coordinates": [ [ 28.90582, 39.108938 ], [ 28.420788, 39.18864 ] ] } },
{ "type": "Feature", "properties": { "catalog_name": "EMME" }, "geometry": { "type": "LineString", "coordinates": [ [ 28.332585, 39.146565 ], [ 28.023449, 39.264565 ] ] } },
{ "type": "Feature", "properties": { "catalog_name": "EMME" }, "geometry": { "type": "LineString", "coordinates": [ [ 31.694125, 38.567794 ], [ 31.632659, 38.469687 ], [ 31.59987, 38.38352 ] ] } },
{ "type": "Feature", "properties": { "catalog_name": "EMME" }, "geometry": { "type": "LineString", "coordinates": [ [ 31.40086, 38.594195 ], [ 31.510488, 38.632086 ], [ 31.593265, 38.675033 ], [ 31.623736, 38.703156 ] ] } },
{ "type": "Feature", "properties": { "catalog_name": "EMME" }, "geometry": { "type": "LineString", "coordinates": [ [ 31.484067, 38.960748 ], [ 31.438119, 38.793447 ], [ 31.321562, 38.634297 ] ] } },
{ "type": "Feature", "properties": { "catalog_name": "EMME" }, "geometry": { "type": "LineString", "coordinates": [ [ 43.785329, 38.091767 ], [ 43.913501, 38.235054 ], [ 43.939996, 38.320136 ], [ 43.936689, 38.403067 ] ] } },
{ "type": "Feature", "properties": { "catalog_name": "EMME" }, "geometry": { "type": "LineString", "coordinates": [ [ 31.344749, 38.867601 ], [ 31.211038, 38.718428 ] ] } },
{ "type": "Feature", "properties": { "catalog_name": "EMME" }, "geometry": { "type": "LineString", "coordinates": [ [ 31.03033, 38.869139 ], [ 31.099367, 38.775564 ], [ 31.211038, 38.718428 ] ] } },
{ "type": "Feature", "properties": { "catalog_name": "EMME" }, "geometry": { "type": "LineString", "coordinates": [ [ 30.98967, 38.697908 ], [ 31.014061, 38.782256 ], [ 30.923631, 38.940202 ], [ 30.905416, 39.016974 ] ] } },
{ "type": "Feature", "properties": { "catalog_name": "EMME" }, "geometry": { "type": "LineString", "coordinates": [ [ 30.635672, 38.658654 ], [ 30.557618, 38.706789 ], [ 30.419456, 38.818091 ] ] } },
{ "type": "Feature", "properties": { "catalog_name": "EMME" }, "geometry": { "type": "LineString", "coordinates": [ [ 30.040627, 38.938117 ], [ 30.252069, 38.831311 ], [ 30.352296, 38.817961 ] ] } },
{ "type": "Feature", "properties": { "catalog_name": "EMME" }, "geometry": { "type": "LineString", "coordinates": [ [ 28.351609, 39.252083 ], [ 28.070327, 39.336419 ] ] } },
{ "type": "Feature", "properties": { "catalog_name": "EMME" }, "geometry": { "type": "LineString", "coordinates": [ [ 27.67261, 38.784217 ], [ 27.835222, 38.92097 ], [ 27.823265, 39.013696 ], [ 27.957908, 39.168002 ], [ 27.990121, 39.257787 ], [ 28.052346, 39.337573 ], [ 28.157554, 39.505115 ], [ 28.162, 39.598244 ] ] } },
{ "type": "Feature", "properties": { "catalog_name": "EMME" }, "geometry": { "type": "LineString", "coordinates": [ [ 28.374863, 39.81843 ], [ 27.682032, 39.43613 ] ] } },
{ "type": "Feature", "properties": { "catalog_name": "EMME" }, "geometry": { "type": "LineString", "coordinates": [ [ 27.543105, 39.616842 ], [ 27.867323, 39.624878 ] ] } },
{ "type": "Feature", "properties": { "catalog_name": "EMME" }, "geometry": { "type": "LineString", "coordinates": [ [ 32.89682, 38.559219 ], [ 32.59332, 38.0911 ], [ 32.513688, 38.030024 ], [ 32.340486, 37.805786 ] ] } },
{ "type": "Feature", "properties": { "catalog_name": "EMME" }, "geometry": { "type": "LineString", "coordinates": [ [ 33.512145, 39.935588 ], [ 33.428849, 39.870153 ], [ 33.362451, 39.731888 ], [ 33.333413, 39.639488 ], [ 33.165392, 39.293698 ], [ 33.105922, 39.114937 ], [ 33.08911, 38.93714 ] ] } },
{ "type": "Feature", "properties": { "catalog_name": "EMME" }, "geometry": { "type": "LineString", "coordinates": [ [ 32.7162, 39.1843 ], [ 32.74757, 39.81887 ] ] } },
{ "type": "Feature", "properties": { "catalog_name": "EMME" }, "geometry": { "type": "LineString", "coordinates": [ [ 32.37208, 39.765835 ], [ 32.565355, 40.004888 ], [ 32.639745, 40.079385 ], [ 32.917012, 40.263043 ] ] } },
{ "type": "Feature", "properties": { "catalog_name": "EMME" }, "geometry": { "type": "LineString", "coordinates": [ [ 32.65965, 40.26804 ], [ 32.10681, 39.60991 ] ] } },
{ "type": "Feature", "properties": { "catalog_name": "EMME" }, "geometry": { "type": "LineString", "coordinates": [ [ 31.60871, 40.062415 ], [ 32.144885, 40.209633 ], [ 32.248984, 40.245292 ], [ 32.549135, 40.371408 ], [ 32.633733, 40.43004 ], [ 32.789209, 40.556526 ] ] } },
{ "type": "Feature", "properties": { "catalog_name": "EMME" }, "geometry": { "type": "LineString", "coordinates": [ [ 32.494919, 40.38273 ], [ 32.265531, 40.394681 ] ] } },
{ "type": "Feature", "properties": { "catalog_name": "EMME" }, "geometry": { "type": "LineString", "coordinates": [ [ 32.50433, 39.4151 ], [ 32.467841, 39.501276 ], [ 32.377631, 39.668742 ], [ 32.338933, 39.754379 ], [ 32.31478, 39.83104 ] ] } },
{ "type": "Feature", "properties": { "catalog_name": "EMME" }, "geometry": { "type": "LineString", "coordinates": [ [ 33.10191, 40.26804 ], [ 32.9755, 40.00479 ] ] } },
{ "type": "Feature", "properties": { "catalog_name": "EMME" }, "geometry": { "type": "LineString", "coordinates": [ [ 33.371864, 39.924721 ], [ 33.422419, 39.975056 ], [ 33.421276, 40.002923 ], [ 33.436727, 40.030855 ], [ 33.414787, 40.092117 ], [ 33.397527, 40.186486 ], [ 33.439188, 40.349504 ] ] } },
{ "type": "Feature", "properties": { "catalog_name": "EMME" }, "geometry": { "type": "LineString", "coordinates": [ [ 33.558986, 39.963761 ], [ 33.635084, 40.087087 ], [ 34.05095, 40.38387 ] ] } },
{ "type": "Feature", "properties": { "catalog_name": "EMME" }, "geometry": { "type": "LineString", "coordinates": [ [ 34.947935, 38.931297 ], [ 34.51939, 39.067142 ], [ 34.41741, 39.109806 ], [ 34.095921, 39.369177 ], [ 34.007725, 39.427835 ], [ 33.718012, 39.578679 ], [ 33.481616, 39.774789 ] ] } },
{ "type": "Feature", "properties": { "catalog_name": "EMME" }, "geometry": { "type": "LineString", "coordinates": [ [ 33.337017, 39.509185 ], [ 33.427196, 39.750823 ] ] } },
{ "type": "Feature", "properties": { "catalog_name": "EMME" }, "geometry": { "type": "LineString", "coordinates": [ [ 33.148953, 39.429903 ], [ 33.179459, 39.45106 ], [ 33.261547, 39.645311 ] ] } },
{ "type": "Feature", "properties": { "catalog_name": "EMME" }, "geometry": { "type": "LineString", "coordinates": [ [ 33.065926, 39.537773 ], [ 33.258898, 39.751837 ], [ 33.300306, 39.922547 ] ] } },
{ "type": "Feature", "properties": { "catalog_name": "EMME" }, "geometry": { "type": "LineString", "coordinates": [ [ 32.76954, 39.94935 ], [ 32.53975, 39.85157 ] ] } },
{ "type": "Feature", "properties": { "catalog_name": "EMME" }, "geometry": { "type": "LineString", "coordinates": [ [ 31.079415, 38.468238 ], [ 31.121098, 38.435302 ], [ 31.158627, 38.349535 ], [ 31.219919, 38.277284 ], [ 31.428105, 38.114662 ], [ 31.486225, 37.959864 ], [ 31.730204, 37.714265 ] ] } },
{ "type": "Feature", "properties": { "catalog_name": "EMME" }, "geometry": { "type": "LineString", "coordinates": [ [ 31.145441, 38.093627 ], [ 31.356851, 37.863741 ], [ 31.417751, 37.782239 ], [ 31.44971, 37.724955 ], [ 31.457009, 37.659288 ] ] } },
{ "type": "Feature", "properties": { "catalog_name": "EMME" }, "geometry": { "type": "LineString", "coordinates": [ [ 31.81459, 37.696137 ], [ 31.784142, 37.67516 ], [ 31.55743, 37.612239 ] ] } },
{ "type": "Feature", "properties": { "catalog_name": "EMME" }, "geometry": { "type": "LineString", "coordinates": [ [ 32.825117, 36.669785 ], [ 32.379476, 36.949593 ], [ 32.179374, 37.169934 ], [ 32.102316, 37.236718 ], [ 32.005039, 37.283973 ], [ 31.837983, 37.407556 ], [ 31.764714, 37.477151 ], [ 31.681653, 37.586964 ] ] } },
{ "type": "Feature", "properties": { "catalog_name": "EMME" }, "geometry": { "type": "LineString", "coordinates": [ [ 31.285689, 37.005338 ], [ 31.279434, 37.095988 ], [ 31.292397, 37.186184 ], [ 31.282142, 37.276604 ], [ 31.292028, 37.367052 ], [ 31.2298, 37.667462 ] ] } },
{ "type": "Feature", "properties": { "catalog_name": "EMME" }, "geometry": { "type": "LineString", "coordinates": [ [ 30.985415, 38.019247 ], [ 31.031104, 37.921305 ], [ 31.168064, 37.750153 ] ] } },
{ "type": "Feature", "properties": { "catalog_name": "EMME" }, "geometry": { "type": "LineString", "coordinates": [ [ 30.634674, 36.913764 ], [ 30.545458, 37.012381 ], [ 30.542913, 37.046417 ], [ 30.575257, 37.147055 ], [ 30.621499, 37.225233 ] ] } },
{ "type": "Feature", "properties": { "catalog_name": "EMME" }, "geometry": { "type": "LineString", "coordinates": [ [ 30.133853, 36.486713 ], [ 30.313966, 36.677352 ] ] } },
{ "type": "Feature", "properties": { "catalog_name": "EMME" }, "geometry": { "type": "LineString", "coordinates": [ [ 30.258605, 36.768634 ], [ 30.22717, 36.84827 ], [ 30.249049, 36.929937 ], [ 30.365313, 37.068628 ], [ 30.411257, 37.293892 ] ] } },
{ "type": "Feature", "properties": { "catalog_name": "EMME" }, "geometry": { "type": "LineString", "coordinates": [ [ 29.362743, 37.40717 ], [ 29.326503, 37.329377 ], [ 29.27787, 37.255998 ], [ 29.142908, 37.131253 ] ] } },
{ "type": "Feature", "properties": { "catalog_name": "EMME" }, "geometry": { "type": "LineString", "coordinates": [ [ 29.26995, 37.628289 ], [ 29.290211, 37.546365 ], [ 29.293809, 37.46293 ], [ 29.365164, 37.412735 ] ] } },
{ "type": "Feature", "properties": { "catalog_name": "EMME" }, "geometry": { "type": "LineString", "coordinates": [ [ 28.834061, 37.364785 ], [ 28.926962, 37.427156 ], [ 29.028499, 37.480449 ], [ 29.076734, 37.569184 ], [ 29.145049, 37.612877 ] ] } },
{ "type": "Feature", "properties": { "catalog_name": "EMME" }, "geometry": { "type": "LineString", "coordinates": [ [ 29.277536, 36.96533 ], [ 29.339023, 37.032145 ], [ 29.416911, 37.08703 ], [ 29.43827, 37.142697 ] ] } },
{ "type": "Feature", "properties": { "catalog_name": "EMME" }, "geometry": { "type": "LineString", "coordinates": [ [ 29.585863, 37.085342 ], [ 29.422694, 37.004095 ] ] } },
{ "type": "Feature", "properties": { "catalog_name": "EMME" }, "geometry": { "type": "LineString", "coordinates": [ [ 29.68784, 37.18343 ], [ 29.796565, 37.213077 ], [ 29.897918, 37.169946 ], [ 29.96386, 37.11299 ] ] } },
{ "type": "Feature", "properties": { "catalog_name": "EMME" }, "geometry": { "type": "LineString", "coordinates": [ [ 29.756356, 38.371156 ], [ 29.717235, 38.46216 ], [ 29.760857, 38.651074 ], [ 29.849568, 38.713534 ] ] } },
{ "type": "Feature", "properties": { "catalog_name": "EMME" }, "geometry": { "type": "LineString", "coordinates": [ [ 29.929232, 38.639105 ], [ 29.936134, 38.5595 ], [ 29.894841, 38.486545 ], [ 29.834068, 38.422507 ], [ 29.797329, 38.363243 ] ] } },
{ "type": "Feature", "properties": { "catalog_name": "EMME" }, "geometry": { "type": "LineString", "coordinates": [ [ 29.259613, 37.950041 ], [ 29.351461, 37.998963 ], [ 29.518243, 38.114264 ], [ 29.591893, 38.179687 ], [ 29.723032, 38.320731 ], [ 29.828455, 38.330998 ] ] } },
{ "type": "Feature", "properties": { "catalog_name": "EMME" }, "geometry": { "type": "LineString", "coordinates": [ [ 30.767179, 38.375373 ], [ 30.907133, 38.431584 ], [ 30.955852, 38.578316 ] ] } },
{ "type": "Feature", "properties": { "catalog_name": "EMME" }, "geometry": { "type": "LineString", "coordinates": [ [ 29.58963, 36.155942 ], [ 29.696206, 36.199469 ], [ 29.74892, 36.286 ], [ 29.83938, 36.349108 ], [ 29.904771, 36.414964 ] ] } },
{ "type": "Feature", "properties": { "catalog_name": "EMME" }, "geometry": { "type": "LineString", "coordinates": [ [ 30.485436, 36.542719 ], [ 30.504995, 36.631267 ], [ 30.509155, 36.721133 ], [ 30.527961, 36.805721 ] ] } },
{ "type": "Feature", "properties": { "catalog_name": "EMME" }, "geometry": { "type": "LineString", "coordinates": [ [ 30.612542, 36.589873 ], [ 30.49689, 36.399567 ] ] } },
{ "type": "Feature", "properties": { "catalog_name": "EMME" }, "geometry": { "type": "LineString", "coordinates": [ [ 30.549397, 36.332374 ], [ 30.420254, 36.198675 ] ] } },
{ "type": "Feature", "properties": { "catalog_name": "EMME" }, "geometry": { "type": "LineString", "coordinates": [ [ 29.879157, 36.475161 ], [ 29.764963, 36.435926 ], [ 29.680107, 36.363053 ], [ 29.585402, 36.298599 ], [ 29.469877, 36.270577 ] ] } },
{ "type": "Feature", "properties": { "catalog_name": "EMME" }, "geometry": { "type": "LineString", "coordinates": [ [ 29.250021, 36.396482 ], [ 29.271125, 36.479088 ], [ 29.337993, 36.544078 ], [ 29.358369, 36.62681 ], [ 29.345883, 36.710548 ], [ 29.287815, 36.780883 ], [ 29.225645, 36.822685 ] ] } },
{ "type": "Feature", "properties": { "catalog_name": "EMME" }, "geometry": { "type": "LineString", "coordinates": [ [ 30.580522, 38.082992 ], [ 30.789661, 38.112343 ], [ 30.987986, 38.309016 ], [ 31.065329, 38.3635 ] ] } },
{ "type": "Feature", "properties": { "catalog_name": "EMME" }, "geometry": { "type": "LineString", "coordinates": [ [ 30.395801, 38.034708 ], [ 30.452536, 38.122343 ], [ 30.576272, 38.136485 ], [ 30.681339, 38.189867 ], [ 30.87291, 38.31573 ] ] } },
{ "type": "Feature", "properties": { "catalog_name": "EMME" }, "geometry": { "type": "LineString", "coordinates": [ [ 29.088621, 36.618744 ], [ 29.179074, 36.613375 ], [ 29.264493, 36.621717 ], [ 29.313491, 36.636981 ] ] } },
{ "type": "Feature", "properties": { "catalog_name": "EMME" }, "geometry": { "type": "LineString", "coordinates": [ [ 30.176511, 37.081985 ], [ 30.163229, 37.167734 ], [ 30.228858, 37.236525 ], [ 30.258532, 37.312487 ] ] } },
{ "type": "Feature", "properties": { "catalog_name": "EMME" }, "geometry": { "type": "LineString", "coordinates": [ [ 30.867744, 37.838024 ], [ 30.786879, 37.906508 ], [ 30.771551, 37.936918 ], [ 30.775599, 37.982603 ], [ 30.852293, 38.073008 ] ] } },
{ "type": "Feature", "properties": { "catalog_name": "EMME" }, "geometry": { "type": "LineString", "coordinates": [ [ 29.591296, 37.909564 ], [ 29.616493, 38.002691 ], [ 29.758505, 38.156856 ], [ 29.827317, 38.197477 ] ] } },
{ "type": "Feature", "properties": { "catalog_name": "EMME" }, "geometry": { "type": "LineString", "coordinates": [ [ 29.526569, 37.801952 ], [ 29.620531, 37.843947 ], [ 29.727366, 37.831551 ], [ 29.998867, 37.971182 ], [ 30.058815, 38.025045 ] ] } },
{ "type": "Feature", "properties": { "catalog_name": "EMME" }, "geometry": { "type": "LineString", "coordinates": [ [ 29.644904, 37.680716 ], [ 29.723484, 37.73741 ], [ 29.825417, 37.761555 ], [ 29.913967, 37.808262 ], [ 30.014909, 37.835117 ], [ 30.09088, 37.894124 ], [ 30.11246, 38.001467 ] ] } },
{ "type": "Feature", "properties": { "catalog_name": "EMME" }, "geometry": { "type": "LineString", "coordinates": [ [ 30.046746, 38.127448 ], [ 29.995004, 38.128631 ], [ 29.866229, 38.190123 ] ] } },
{ "type": "Feature", "properties": { "catalog_name": "EMME" }, "geometry": { "type": "LineString", "coordinates": [ [ 29.90348, 37.562217 ], [ 30.020321, 37.541323 ], [ 30.113129, 37.601375 ], [ 30.183572, 37.678226 ], [ 30.285108, 37.72886 ], [ 30.378165, 37.788899 ], [ 30.431774, 37.844462 ] ] } },
{ "type": "Feature", "properties": { "catalog_name": "EMME" }, "geometry": { "type": "LineString", "coordinates": [ [ 30.47808, 38.95573 ], [ 29.60144, 39.30574 ] ] } },
{ "type": "Feature", "properties": { "catalog_name": "EMME" }, "geometry": { "type": "LineString", "coordinates": [ [ 28.218619, 39.672874 ], [ 28.910402, 39.620125 ], [ 29.127684, 39.558996 ], [ 29.574747, 39.46739 ], [ 29.672965, 39.514441 ], [ 30.148197, 39.355612 ] ] } },
{ "type": "Feature", "properties": { "catalog_name": "EMME" }, "geometry": { "type": "LineString", "coordinates": [ [ 29.13829, 39.20767 ], [ 29.129221, 39.288717 ], [ 29.164475, 39.365359 ], [ 29.247045, 39.467298 ] ] } },
{ "type": "Feature", "properties": { "catalog_name": "EMME" }, "geometry": { "type": "LineString", "coordinates": [ [ 31.84465, 38.446525 ], [ 31.854342, 38.350648 ], [ 31.893724, 38.25957 ], [ 31.979321, 38.196943 ] ] } },
{ "type": "Feature", "properties": { "catalog_name": "EMME" }, "geometry": { "type": "LineString", "coordinates": [ [ 31.735953, 38.155291 ], [ 32.081306, 38.134915 ], [ 32.5393, 38.17548 ] ] } },
{ "type": "Feature", "properties": { "catalog_name": "EMME" }, "geometry": { "type": "LineString", "coordinates": [ [ 27.250395, 39.0344 ], [ 27.57686, 39.15672 ] ] } },
{ "type": "Feature", "properties": { "catalog_name": "EMME" }, "geometry": { "type": "LineString", "coordinates": [ [ 27.24377, 39.093757 ], [ 26.979376, 38.749623 ] ] } },
{ "type": "Feature", "properties": { "catalog_name": "EMME" }, "geometry": { "type": "LineString", "coordinates": [ [ 26.94664, 38.764509 ], [ 27.120467, 39.055238 ] ] } },
{ "type": "Feature", "properties": { "catalog_name": "EMME" }, "geometry": { "type": "LineString", "coordinates": [ [ 27.947205, 38.711021 ], [ 28.045354, 38.661059 ], [ 28.149671, 38.6195 ], [ 28.259176, 38.587218 ], [ 28.36197, 38.543566 ], [ 28.540522, 38.425577 ], [ 28.750271, 38.363197 ] ] } },
{ "type": "Feature", "properties": { "catalog_name": "EMME" }, "geometry": { "type": "LineString", "coordinates": [ [ 27.464794, 38.370822 ], [ 27.679165, 38.435143 ], [ 27.776504, 38.483135 ], [ 27.890452, 38.495724 ], [ 28.005537, 38.495497 ], [ 28.116718, 38.472285 ], [ 28.230712, 38.460181 ], [ 28.436481, 38.379802 ], [ 28.528798, 38.326214 ], [ 28.577192, 38.244542 ], [ 28.7529, 38.202553 ] ] } },
{ "type": "Feature", "properties": { "catalog_name": "EMME" }, "geometry": { "type": "LineString", "coordinates": [ [ 27.80078, 38.20894 ], [ 27.4768, 38.18346 ] ] } },
{ "type": "Feature", "properties": { "catalog_name": "EMME" }, "geometry": { "type": "LineString", "coordinates": [ [ 27.54596, 38.02329 ], [ 27.896001, 38.096218 ], [ 28.015687, 38.108891 ], [ 28.24853, 38.06697 ] ] } },
{ "type": "Feature", "properties": { "catalog_name": "EMME" }, "geometry": { "type": "LineString", "coordinates": [ [ 28.825182, 38.067747 ], [ 28.937772, 38.047317 ], [ 29.027683, 37.990228 ], [ 29.18438, 37.86004 ] ] } },
{ "type": "Feature", "properties": { "catalog_name": "EMME" }, "geometry": { "type": "LineString", "coordinates": [ [ 27.5201, 37.92966 ], [ 27.613632, 37.884541 ], [ 27.830153, 37.85781 ], [ 27.939692, 37.859457 ], [ 28.369557, 37.927517 ], [ 28.588151, 37.939115 ], [ 28.690473, 37.970302 ], [ 28.800142, 37.973093 ], [ 28.887451, 37.959753 ] ] } },
{ "type": "Feature", "properties": { "catalog_name": "EMME" }, "geometry": { "type": "LineString", "coordinates": [ [ 27.234838, 37.834221 ], [ 27.368364, 37.827087 ], [ 27.499435, 37.847822 ] ] } },
{ "type": "Feature", "properties": { "catalog_name": "EMME" }, "geometry": { "type": "LineString", "coordinates": [ [ 28.745316, 37.850238 ], [ 28.945022, 37.790092 ], [ 29.035683, 37.745468 ], [ 29.141638, 37.73512 ], [ 29.246244, 37.751998 ], [ 29.327893, 37.743866 ] ] } },
{ "type": "Feature", "properties": { "catalog_name": "EMME" }, "geometry": { "type": "LineString", "coordinates": [ [ 27.149675, 37.432326 ], [ 27.439889, 37.539253 ], [ 27.479044, 37.617994 ], [ 27.595882, 37.758404 ] ] } },
{ "type": "Feature", "properties": { "catalog_name": "EMME" }, "geometry": { "type": "LineString", "coordinates": [ [ 34.97162, 37.00786 ], [ 35.618351, 37.397125 ], [ 35.91177, 37.54642 ] ] } },
{ "type": "Feature", "properties": { "catalog_name": "EMME" }, "geometry": { "type": "LineString", "coordinates": [ [ 36.302862, 37.69169 ], [ 36.252994, 37.595166 ], [ 36.230836, 37.500596 ] ] } },
{ "type": "Feature", "properties": { "catalog_name": "EMME" }, "geometry": { "type": "LineString", "coordinates": [ [ 36.232906, 37.464014 ], [ 36.245011, 37.327201 ], [ 36.240177, 37.289196 ], [ 36.199566, 37.219974 ], [ 36.176213, 37.155639 ] ] } },
{ "type": "Feature", "properties": { "catalog_name": "EMME" }, "geometry": { "type": "LineString", "coordinates": [ [ 36.153974, 37.09328 ], [ 36.38381, 37.169962 ], [ 36.477105, 37.235855 ], [ 36.567895, 37.26381 ] ] } },
{ "type": "Feature", "properties": { "catalog_name": "EMME" }, "geometry": { "type": "LineString", "coordinates": [ [ 35.711891, 36.347753 ], [ 35.975943, 36.518834 ], [ 36.25605, 36.67267 ] ] } },
{ "type": "Feature", "properties": { "catalog_name": "EMME" }, "geometry": { "type": "LineString", "coordinates": [ [ 35.79746, 37.08322 ], [ 35.97274, 37.31982 ], [ 36.005555, 37.4076 ], [ 36.059842, 37.488401 ], [ 36.124801, 37.658554 ] ] } },
{ "type": "Feature", "properties": { "catalog_name": "EMME" }, "geometry": { "type": "LineString", "coordinates": [ [ 35.565631, 36.789933 ], [ 35.627776, 36.856111 ], [ 35.678285, 36.928377 ], [ 35.792395, 37.062334 ] ] } },
{ "type": "Feature", "properties": { "catalog_name": "EMME" }, "geometry": { "type": "LineString", "coordinates": [ [ 26.92431, 38.08435 ], [ 27.050741, 38.065707 ], [ 27.13731, 37.99107 ] ] } },
{ "type": "Feature", "properties": { "catalog_name": "EMME" }, "geometry": { "type": "LineString", "coordinates": [ [ 27.188525, 37.977473 ], [ 27.206469, 38.084825 ], [ 27.25684, 38.18037 ] ] } },
{ "type": "Feature", "properties": { "catalog_name": "EMME" }, "geometry": { "type": "LineString", "coordinates": [ [ 26.874916, 38.007871 ], [ 26.904198, 38.095811 ], [ 26.960003, 38.175428 ], [ 27.037562, 38.242893 ], [ 27.093112, 38.322666 ], [ 27.11271, 38.39758 ] ] } },
{ "type": "Feature", "properties": { "catalog_name": "EMME" }, "geometry": { "type": "LineString", "coordinates": [ [ 26.77897, 38.10614 ], [ 26.863094, 38.299619 ], [ 26.937788, 38.374244 ] ] } },
{ "type": "Feature", "properties": { "catalog_name": "EMME" }, "geometry": { "type": "LineString", "coordinates": [ [ 27.061918, 38.772765 ], [ 27.298356, 38.750303 ] ] } },
{ "type": "Feature", "properties": { "catalog_name": "EMME" }, "geometry": { "type": "LineString", "coordinates": [ [ 26.82455, 38.894953 ], [ 26.900365, 38.828223 ], [ 26.917836, 38.740173 ], [ 26.91141, 38.65505 ] ] } },
{ "type": "Feature", "properties": { "catalog_name": "EMME" }, "geometry": { "type": "LineString", "coordinates": [ [ 27.1896, 38.28223 ], [ 27.288383, 38.297481 ], [ 27.381751, 38.327099 ], [ 27.45103, 38.373432 ] ] } },
{ "type": "Feature", "properties": { "catalog_name": "EMME" }, "geometry": { "type": "LineString", "coordinates": [ [ 27.04366, 38.5086 ], [ 27.136405, 38.464924 ], [ 27.24299, 38.46057 ] ] } },
{ "type": "Feature", "properties": { "catalog_name": "EMME" }, "geometry": { "type": "LineString", "coordinates": [ [ 26.638095, 38.352354 ], [ 26.623946, 38.287901 ], [ 26.629853, 38.189909 ], [ 26.61672, 38.09306 ] ] } },
{ "type": "Feature", "properties": { "catalog_name": "EMME" }, "geometry": { "type": "LineString", "coordinates": [ [ 27.236155, 38.511385 ], [ 27.405731, 38.428477 ], [ 27.502865, 38.412137 ] ] } },
{ "type": "Feature", "properties": { "catalog_name": "EMME" }, "geometry": { "type": "LineString", "coordinates": [ [ 36.442298, 37.876545 ], [ 36.490082, 37.961512 ], [ 36.58081, 38.020903 ], [ 36.689268, 38.057557 ], [ 36.924814, 38.069813 ], [ 37.382844, 37.994238 ] ] } },
{ "type": "Feature", "properties": { "catalog_name": "EMME" }, "geometry": { "type": "LineString", "coordinates": [ [ 33.027833, 40.621093 ], [ 33.134921, 40.651055 ], [ 33.212399, 40.714692 ], [ 33.324444, 40.731747 ], [ 33.465216, 40.805948 ], [ 33.523764, 40.820209 ] ] } },
{ "type": "Feature", "properties": { "catalog_name": "EMME" }, "geometry": { "type": "LineString", "coordinates": [ [ 33.857017, 40.932832 ], [ 33.976514, 40.946974 ], [ 34.090378, 40.977876 ], [ 34.309413, 41.055645 ], [ 34.395121, 41.067555 ], [ 34.464022, 41.065151 ] ] } },
{ "type": "Feature", "properties": { "catalog_name": "EMME" }, "geometry": { "type": "LineString", "coordinates": [ [ 34.023309, 41.036805 ], [ 33.740665, 40.90919 ], [ 33.663231, 40.850489 ], [ 33.557989, 40.822125 ] ] } },
{ "type": "Feature", "properties": { "catalog_name": "EMME" }, "geometry": { "type": "LineString", "coordinates": [ [ 33.008551, 40.733589 ], [ 32.989325, 40.596025 ], [ 32.962472, 40.542649 ], [ 32.921108, 40.510762 ] ] } },
{ "type": "Feature", "properties": { "catalog_name": "EMME" }, "geometry": { "type": "LineString", "coordinates": [ [ 32.694047, 40.817264 ], [ 32.774761, 40.818127 ], [ 32.904017, 40.785872 ], [ 33.020823, 40.78973 ], [ 33.132787, 40.815288 ], [ 33.221888, 40.854984 ] ] } },
{ "type": "Feature", "properties": { "catalog_name": "EMME" }, "geometry": { "type": "LineString", "coordinates": [ [ 33.836083, 41.021359 ], [ 33.72667, 40.982203 ], [ 33.662869, 40.904555 ], [ 33.432469, 40.849849 ], [ 33.263135, 40.828501 ] ] } },
{ "type": "Feature", "properties": { "catalog_name": "EMME" }, "geometry": { "type": "LineString", "coordinates": [ [ 31.3128, 37.378665 ], [ 31.346301, 37.477248 ], [ 31.350037, 37.579313 ], [ 31.317912, 37.674512 ] ] } },
{ "type": "Feature", "properties": { "catalog_name": "EMME" }, "geometry": { "type": "LineString", "coordinates": [ [ 31.465126, 36.99411 ], [ 31.449791, 37.093382 ], [ 31.408001, 37.187692 ], [ 31.408128, 37.283642 ] ] } },
{ "type": "Feature", "properties": { "catalog_name": "EMME" }, "geometry": { "type": "LineString", "coordinates": [ [ 31.490904, 36.92459 ], [ 31.733197, 36.778035 ] ] } },
{ "type": "Feature", "properties": { "catalog_name": "EMME" }, "geometry": { "type": "LineString", "coordinates": [ [ 26.76828, 38.53366 ], [ 26.60315, 38.85743 ] ] } },
{ "type": "Feature", "properties": { "catalog_name": "EMME" }, "geometry": { "type": "LineString", "coordinates": [ [ 26.656686, 38.35285 ], [ 26.627409, 38.54426 ], [ 26.576905, 38.632195 ], [ 26.43397, 38.78113 ] ] } },
{ "type": "Feature", "properties": { "catalog_name": "EMME" }, "geometry": { "type": "LineString", "coordinates": [ [ 26.856414, 38.785411 ], [ 26.727741, 38.816099 ], [ 26.647932, 38.900565 ], [ 26.606971, 38.960668 ] ] } },
{ "type": "Feature", "properties": { "catalog_name": "EMME" }, "geometry": { "type": "LineString", "coordinates": [ [ 32.392343, 35.776265 ], [ 31.340484, 36.706824 ], [ 31.060808, 36.988451 ], [ 31.006425, 37.067225 ], [ 30.911846, 37.230559 ], [ 30.813503, 37.581754 ], [ 30.756284, 37.671859 ] ] } },
{ "type": "Feature", "properties": { "catalog_name": "EMME" }, "geometry": { "type": "LineString", "coordinates": [ [ 27.927657, 37.038303 ], [ 28.041698, 37.054831 ], [ 28.155027, 37.035429 ], [ 28.383736, 37.065655 ], [ 28.48211, 37.097988 ] ] } },
{ "type": "Feature", "properties": { "catalog_name": "EMME" }, "geometry": { "type": "LineString", "coordinates": [ [ 27.510022, 36.990547 ], [ 27.640845, 36.99037 ], [ 27.768791, 37.004661 ], [ 27.855473, 37.026497 ] ] } },
{ "type": "Feature", "properties": { "catalog_name": "EMME" }, "geometry": { "type": "LineString", "coordinates": [ [ 28.00991, 36.82727 ], [ 27.693424, 36.815697 ], [ 27.592599, 36.800923 ], [ 27.532325, 36.803673 ] ] } },
{ "type": "Feature", "properties": { "catalog_name": "EMME" }, "geometry": { "type": "LineString", "coordinates": [ [ 27.667942, 36.846452 ], [ 27.69463, 36.869334 ], [ 27.76562, 36.903127 ], [ 27.854813, 37.006673 ], [ 27.98008, 37.12378 ] ] } },
{ "type": "Feature", "properties": { "catalog_name": "EMME" }, "geometry": { "type": "LineString", "coordinates": [ [ 27.620312, 37.25146 ], [ 27.836241, 37.154245 ] ] } },
{ "type": "Feature", "properties": { "catalog_name": "EMME" }, "geometry": { "type": "LineString", "coordinates": [ [ 26.33009, 37.91892 ], [ 25.76268, 37.56996 ] ] } },
{ "type": "Feature", "properties": { "catalog_name": "EMME" }, "geometry": { "type": "LineString", "coordinates": [ [ 28.5069, 41.53188 ], [ 30.17864, 41.468877 ], [ 31.101308, 41.660042 ], [ 31.585724, 41.92464 ], [ 31.690065, 41.969314 ], [ 32.386309, 42.115228 ], [ 32.490651, 42.1603 ], [ 32.762927, 42.337831 ], [ 32.863928, 42.387312 ], [ 33.590108, 42.420696 ], [ 34.43656, 42.473202 ], [ 35.951592, 42.157091 ], [ 36.041153, 42.097041 ], [ 36.48336, 41.58981 ] ] } },
{ "type": "Feature", "properties": { "catalog_name": "EMME" }, "geometry": { "type": "LineString", "coordinates": [ [ 41.66322, 41.80601 ], [ 40.68169, 41.16951 ] ] } },
{ "type": "Feature", "properties": { "catalog_name": "EMME" }, "geometry": { "type": "LineString", "coordinates": [ [ 40.45565, 41.35986 ], [ 39.36704, 41.26469 ] ] } },
{ "type": "Feature", "properties": { "catalog_name": "EMME" }, "geometry": { "type": "LineString", "coordinates": [ [ 39.27186, 41.40745 ], [ 38.33793, 41.28253 ] ] } },
{ "type": "Feature", "properties": { "catalog_name": "EMME" }, "geometry": { "type": "LineString", "coordinates": [ [ 38.213, 41.35986 ], [ 37.04707, 41.33607 ] ] } },
{ "type": "Feature", "properties": { "catalog_name": "EMME" }, "geometry": { "type": "LineString", "coordinates": [ [ 28.366093, 37.191956 ], [ 28.149421, 37.285086 ], [ 28.096112, 37.372517 ] ] } },
{ "type": "Feature", "properties": { "catalog_name": "EMME" }, "geometry": { "type": "LineString", "coordinates": [ [ 27.922619, 37.302276 ], [ 27.708873, 37.347648 ], [ 27.519413, 37.436707 ] ] } },
{ "type": "Feature", "properties": { "catalog_name": "EMME" }, "geometry": { "type": "LineString", "coordinates": [ [ 27.667392, 39.171129 ], [ 27.585544, 38.812403 ] ] } },
{ "type": "Feature", "properties": { "catalog_name": "EMME" }, "geometry": { "type": "LineString", "coordinates": [ [ 27.10363, 39.93501 ], [ 26.85807, 39.76465 ] ] } },
{ "type": "Feature", "properties": { "catalog_name": "EMME" }, "geometry": { "type": "LineString", "coordinates": [ [ 27.99441, 42.92793 ], [ 28.66066, 41.09099 ] ] } },
{ "type": "Feature", "properties": { "catalog_name": "EMME" }, "geometry": { "type": "LineString", "coordinates": [ [ 30.126269, 36.475201 ], [ 30.039228, 36.518709 ], [ 29.973907, 36.582231 ], [ 29.92438, 36.654402 ], [ 29.916702, 36.712633 ] ] } },
{ "type": "Feature", "properties": { "catalog_name": "EMME" }, "geometry": { "type": "LineString", "coordinates": [ [ 30.034367, 36.710149 ], [ 30.033297, 36.786586 ], [ 30.063288, 36.856691 ] ] } },
{ "type": "Feature", "properties": { "catalog_name": "EMME" }, "geometry": { "type": "LineString", "coordinates": [ [ 30.93032, 37.54795 ], [ 30.865986, 37.632807 ], [ 30.874136, 37.826948 ] ] } },
{ "type": "Feature", "properties": { "catalog_name": "EMME" }, "geometry": { "type": "LineString", "coordinates": [ [ 29.990528, 38.239375 ], [ 30.065964, 38.180574 ], [ 30.196385, 38.049576 ] ] } },
{ "type": "Feature", "properties": { "catalog_name": "EMME" }, "geometry": { "type": "LineString", "coordinates": [ [ 42.680333, 39.136228 ], [ 42.724764, 39.329681 ] ] } },
{ "type": "Feature", "properties": { "catalog_name": "EMME" }, "geometry": { "type": "LineString", "coordinates": [ [ 39.671042, 39.602739 ], [ 39.703849, 39.587759 ], [ 39.81968, 39.566253 ], [ 39.896337, 39.541758 ], [ 39.975214, 39.504098 ] ] } },
{ "type": "Feature", "properties": { "catalog_name": "EMME" }, "geometry": { "type": "LineString", "coordinates": [ [ 42.944179, 39.209532 ], [ 42.733059, 39.126635 ] ] } },
{ "type": "Feature", "properties": { "catalog_name": "EMME" }, "geometry": { "type": "LineString", "coordinates": [ [ 35.784182, 40.844251 ], [ 35.925053, 40.785085 ], [ 36.070415, 40.757078 ], [ 36.680126, 40.59029 ] ] } },
{ "type": "Feature", "properties": { "catalog_name": "EMME" }, "geometry": { "type": "LineString", "coordinates": [ [ 43.542628, 37.650948 ], [ 43.665193, 37.796911 ] ] } },
{ "type": "Feature", "properties": { "catalog_name": "EMME" }, "geometry": { "type": "LineString", "coordinates": [ [ 44.236864, 39.974967 ], [ 44.078473, 40.052208 ], [ 43.722118, 40.144716 ], [ 43.554792, 40.165149 ], [ 43.387218, 40.160715 ] ] } },
{ "type": "Feature", "properties": { "catalog_name": "EMME" }, "geometry": { "type": "LineString", "coordinates": [ [ 45.778261, 38.483527 ], [ 45.6279, 38.685087 ], [ 45.62575, 38.730844 ], [ 45.611557, 38.787614 ], [ 45.609868, 38.865551 ], [ 45.586079, 38.967196 ], [ 45.525524, 39.088304 ], [ 45.462807, 39.155347 ], [ 45.222752, 39.321871 ], [ 45.105969, 39.419191 ], [ 45.0173, 39.531649 ], [ 44.856624, 39.655798 ], [ 44.77752, 39.704948 ], [ 44.694096, 39.838956 ] ] } },
{ "type": "Feature", "properties": { "catalog_name": "EMME" }, "geometry": { "type": "LineString", "coordinates": [ [ 34.678261, 38.770174 ], [ 34.4801, 38.86719 ], [ 34.372875, 38.903877 ], [ 34.277696, 38.957076 ], [ 33.970662, 39.090904 ], [ 33.425165, 39.407397 ] ] } },
{ "type": "Feature", "properties": { "catalog_name": "EMME" }, "geometry": { "type": "LineString", "coordinates": [ [ 34.483002, 37.153233 ], [ 33.498131, 36.58278 ] ] } },
{ "type": "Feature", "properties": { "catalog_name": "EMME" }, "geometry": { "type": "LineString", "coordinates": [ [ 26.169011, 39.962305 ], [ 26.239977, 39.959472 ], [ 26.334398, 39.971274 ], [ 26.433029, 40.010732 ] ] } },
{ "type": "Feature", "properties": { "catalog_name": "EMME" }, "geometry": { "type": "LineString", "coordinates": [ [ 26.054486, 39.474686 ], [ 25.924686, 39.533401 ], [ 25.836685, 39.547217 ], [ 25.733285, 39.538582 ], [ 25.662884, 39.516132 ] ] } },
{ "type": "Feature", "properties": { "catalog_name": "EMME" }, "geometry": { "type": "LineString", "coordinates": [ [ 27.276825, 38.636435 ], [ 27.379103, 38.607762 ], [ 27.478802, 38.610123 ], [ 27.541114, 38.577065 ], [ 27.610302, 38.505888 ] ] } },
{ "type": "Feature", "properties": { "catalog_name": "EMME" }, "geometry": { "type": "LineString", "coordinates": [ [ 26.359019, 38.52809 ], [ 26.515915, 38.432301 ] ] } },
{ "type": "Feature", "properties": { "catalog_name": "EMME" }, "geometry": { "type": "LineString", "coordinates": [ [ 27.146614, 37.620397 ], [ 27.206778, 37.624445 ], [ 27.340856, 37.672346 ], [ 27.380392, 37.707428 ], [ 27.411333, 37.760726 ], [ 27.456026, 37.778942 ], [ 27.487827, 37.820771 ], [ 27.519627, 37.838987 ] ] } },
{ "type": "Feature", "properties": { "catalog_name": "EMME" }, "geometry": { "type": "LineString", "coordinates": [ [ 27.791652, 36.974908 ], [ 27.585225, 36.955672 ], [ 27.533287, 36.941167 ], [ 27.391798, 36.936121 ] ] } },
{ "type": "Feature", "properties": { "catalog_name": "EMME" }, "geometry": { "type": "LineString", "coordinates": [ [ 25.005397, 39.984839 ], [ 25.524078, 40.123521 ], [ 25.773818, 40.212031 ], [ 25.926659, 40.247307 ], [ 26.085589, 40.272354 ], [ 26.200499, 40.315794 ], [ 26.488272, 40.451043 ], [ 26.681833, 40.532155 ], [ 27.067007, 40.682895 ], [ 27.501385, 40.79608 ], [ 27.881072, 40.811477 ], [ 28.026022, 40.80224 ] ] } },
{ "type": "Feature", "properties": { "catalog_name": "EMME" }, "geometry": { "type": "LineString", "coordinates": [ [ 33.925832, 34.997883 ], [ 34.16578, 34.942302 ], [ 34.564385, 34.94298 ], [ 34.749797, 34.96779 ], [ 34.913834, 35.003062 ], [ 35.077462, 35.045332 ], [ 35.281178, 35.112165 ], [ 35.560712, 35.231616 ], [ 35.758694, 35.39642 ], [ 36.07331, 35.76788 ] ] } },
{ "type": "Feature", "properties": { "catalog_name": "EMME" }, "geometry": { "type": "LineString", "coordinates": [ [ 33.471576, 35.238561 ], [ 33.627225, 35.213865 ], [ 33.734436, 35.212875 ], [ 33.933984, 35.227286 ], [ 34.183799, 35.286346 ], [ 34.398843, 35.359114 ], [ 34.768552, 35.569701 ], [ 34.949311, 35.744973 ] ] } },
{ "type": "Feature", "properties": { "catalog_name": "EMME" }, "geometry": { "type": "LineString", "coordinates": [ [ 36.055508, 37.058181 ], [ 35.947108, 36.962289 ], [ 35.827068, 36.882498 ], [ 35.688612, 36.766329 ], [ 35.450948, 36.532845 ], [ 35.296692, 36.370241 ], [ 34.879748, 35.865749 ] ] } },
{ "type": "Feature", "properties": { "catalog_name": "EMME" }, "geometry": { "type": "LineString", "coordinates": [ [ 43.896118, 41.993592 ], [ 43.975649, 41.980335 ], [ 44.066506, 41.982686 ], [ 44.188602, 41.972635 ], [ 44.272279, 41.952717 ], [ 44.374492, 41.953223 ], [ 44.514415, 41.880654 ], [ 44.667876, 41.839096 ] ] } },
{ "type": "Feature", "properties": { "catalog_name": "EMME" }, "geometry": { "type": "LineString", "coordinates": [ [ 45.209302, 41.425062 ], [ 44.720537, 41.798275 ] ] } },
{ "type": "Feature", "properties": { "catalog_name": "EMME" }, "geometry": { "type": "LineString", "coordinates": [ [ 44.667876, 41.839096 ], [ 44.758842, 41.831134 ], [ 44.878925, 41.837283 ], [ 45.006478, 41.820604 ], [ 45.135676, 41.788145 ] ] } },
{ "type": "Feature", "properties": { "catalog_name": "EMME" }, "geometry": { "type": "LineString", "coordinates": [ [ 41.784793, 42.953214 ], [ 41.849164, 42.937339 ], [ 41.912558, 42.94033 ], [ 42.164288, 42.919088 ] ] } },
{ "type": "Feature", "properties": { "catalog_name": "EMME" }, "geometry": { "type": "LineString", "coordinates": [ [ 44.159901, 41.385025 ], [ 44.201339, 41.380982 ], [ 44.393954, 41.395877 ], [ 44.491849, 41.387885 ], [ 44.857979, 41.38934 ], [ 44.918007, 41.383554 ], [ 45.05392, 41.323793 ] ] } },
{ "type": "Feature", "properties": { "catalog_name": "EMME" }, "geometry": { "type": "LineString", "coordinates": [ [ 43.912075, 41.404302 ], [ 43.95649, 41.370409 ], [ 43.999477, 41.322616 ] ] } },
{ "type": "Feature", "properties": { "catalog_name": "EMME" }, "geometry": { "type": "LineString", "coordinates": [ [ 43.600123, 41.625292 ], [ 43.486299, 41.507291 ], [ 43.297426, 41.350347 ], [ 43.247398, 41.277746 ] ] } },
{ "type": "Feature", "properties": { "catalog_name": "EMME" }, "geometry": { "type": "LineString", "coordinates": [ [ 43.578557, 41.629057 ], [ 43.279215, 41.473848 ], [ 43.169122, 41.387522 ], [ 43.080626, 41.303467 ] ] } },
{ "type": "Feature", "properties": { "catalog_name": "EMME" }, "geometry": { "type": "LineString", "coordinates": [ [ 43.59296, 41.281982 ], [ 43.822336, 41.153912 ] ] } },
{ "type": "Feature", "properties": { "catalog_name": "EMME" }, "geometry": { "type": "LineString", "coordinates": [ [ 44.003473, 41.451359 ], [ 44.010667, 41.383179 ], [ 43.999477, 41.322616 ], [ 44.006157, 41.268393 ] ] } },
{ "type": "Feature", "properties": { "catalog_name": "EMME" }, "geometry": { "type": "LineString", "coordinates": [ [ 43.459434, 42.497897 ], [ 43.577181, 42.440948 ], [ 43.690041, 42.410607 ], [ 43.73631, 42.388869 ], [ 43.79148, 42.384807 ], [ 43.844318, 42.394967 ] ] } },
{ "type": "Feature", "properties": { "catalog_name": "EMME" }, "geometry": { "type": "LineString", "coordinates": [ [ 43.338756, 41.69093 ], [ 43.11568, 41.658114 ], [ 42.88433, 41.595873 ], [ 42.832424, 41.567734 ] ] } },
{ "type": "Feature", "properties": { "catalog_name": "EMME" }, "geometry": { "type": "LineString", "coordinates": [ [ 44.345406, 41.241725 ], [ 44.298869, 41.279752 ], [ 44.214385, 41.316065 ], [ 44.123447, 41.386089 ], [ 44.024723, 41.44694 ], [ 43.88692, 41.563053 ] ] } },
{ "type": "Feature", "properties": { "catalog_name": "EMME" }, "geometry": { "type": "LineString", "coordinates": [ [ 43.889713, 41.650619 ], [ 44.11009, 41.644476 ], [ 44.803255, 41.596167 ] ] } },
{ "type": "Feature", "properties": { "catalog_name": "EMME" }, "geometry": { "type": "LineString", "coordinates": [ [ 43.788333, 41.602583 ], [ 43.862981, 41.508701 ], [ 43.92545, 41.337442 ], [ 43.923357, 41.247009 ], [ 43.957309, 41.180508 ] ] } },
{ "type": "Feature", "properties": { "catalog_name": "EMME" }, "geometry": { "type": "LineString", "coordinates": [ [ 43.49053, 42.628661 ], [ 43.339439, 42.65536 ], [ 43.271406, 42.697538 ], [ 43.034424, 42.786252 ], [ 42.857655, 42.811869 ], [ 42.75167, 42.807779 ], [ 42.579603, 42.851564 ], [ 42.530577, 42.889586 ], [ 42.419044, 42.948812 ], [ 42.378149, 42.989006 ], [ 42.275422, 43.031841 ], [ 42.187692, 43.050279 ] ] } },
{ "type": "Feature", "properties": { "catalog_name": "EMME" }, "geometry": { "type": "LineString", "coordinates": [ [ 42.53004, 42.764684 ], [ 42.416947, 42.782012 ], [ 42.304264, 42.824893 ], [ 42.024166, 42.88442 ], [ 41.996281, 42.903515 ], [ 41.8642, 42.909745 ] ] } },
{ "type": "Feature", "properties": { "catalog_name": "EMME" }, "geometry": { "type": "LineString", "coordinates": [ [ 42.62505, 42.636828 ], [ 42.4333, 42.639706 ], [ 42.356165, 42.628596 ], [ 42.314784, 42.63348 ], [ 42.028803, 42.752698 ], [ 41.751532, 42.805963 ], [ 41.691185, 42.835803 ] ] } },
{ "type": "Feature", "properties": { "catalog_name": "EMME" }, "geometry": { "type": "LineString", "coordinates": [ [ 43.229291, 42.533162 ], [ 43.032533, 42.572053 ], [ 42.981066, 42.598053 ], [ 42.685144, 42.639228 ] ] } },
{ "type": "Feature", "properties": { "catalog_name": "EMME" }, "geometry": { "type": "LineString", "coordinates": [ [ 43.88058, 42.435068 ], [ 43.742795, 42.420668 ], [ 43.569736, 42.465417 ], [ 43.519987, 42.498699 ], [ 43.472195, 42.514443 ], [ 43.244412, 42.522727 ] ] } },
{ "type": "Feature", "properties": { "catalog_name": "EMME" }, "geometry": { "type": "LineString", "coordinates": [ [ 41.725427, 42.792943 ], [ 41.783731, 42.724418 ], [ 41.828567, 42.610345 ], [ 41.808077, 42.570904 ], [ 41.788684, 42.431686 ], [ 41.80226, 42.381494 ] ] } },
{ "type": "Feature", "properties": { "catalog_name": "EMME" }, "geometry": { "type": "LineString", "coordinates": [ [ 41.80226, 42.381494 ], [ 41.897568, 42.330198 ], [ 42.004257, 42.327822 ], [ 42.024338, 42.314113 ], [ 42.035174, 42.276395 ] ] } },
{ "type": "Feature", "properties": { "catalog_name": "EMME" }, "geometry": { "type": "LineString", "coordinates": [ [ 42.055842, 42.274813 ], [ 42.143284, 42.299655 ], [ 42.263358, 42.417786 ], [ 42.389677, 42.467614 ], [ 42.472189, 42.542786 ], [ 42.601859, 42.583551 ], [ 42.634058, 42.615594 ] ] } },
{ "type": "Feature", "properties": { "catalog_name": "EMME" }, "geometry": { "type": "LineString", "coordinates": [ [ 43.571885, 42.356499 ], [ 43.534703, 42.340686 ], [ 43.370606, 42.352608 ], [ 43.247152, 42.348129 ], [ 43.179896, 42.320513 ], [ 43.160872, 42.297626 ], [ 43.107574, 42.284802 ], [ 43.018294, 42.279308 ], [ 42.969382, 42.298379 ], [ 42.893236, 42.274422 ], [ 42.861193, 42.269843 ], [ 42.792947, 42.277848 ], [ 42.746991, 42.262342 ], [ 42.725498, 42.263246 ] ] } },
{ "type": "Feature", "properties": { "catalog_name": "EMME" }, "geometry": { "type": "LineString", "coordinates": [ [ 43.99777, 42.333237 ], [ 43.847225, 42.341121 ], [ 43.696264, 42.367402 ], [ 43.579869, 42.361153 ] ] } },
{ "type": "Feature", "properties": { "catalog_name": "EMME" }, "geometry": { "type": "LineString", "coordinates": [ [ 44.680353, 41.870828 ], [ 44.624689, 41.874034 ], [ 44.415346, 41.983227 ], [ 44.18321, 42.018316 ] ] } },
{ "type": "Feature", "properties": { "catalog_name": "EMME" }, "geometry": { "type": "LineString", "coordinates": [ [ 42.447289, 42.069069 ], [ 42.362992, 42.105319 ], [ 42.338115, 42.107584 ], [ 42.250891, 42.087602 ], [ 42.138921, 42.085141 ], [ 41.983273, 42.061338 ], [ 41.915852, 42.069811 ], [ 41.863563, 42.061752 ], [ 41.806461, 42.037676 ] ] } },
{ "type": "Feature", "properties": { "catalog_name": "EMME" }, "geometry": { "type": "LineString", "coordinates": [ [ 45.088054, 41.844041 ], [ 45.026797, 41.844928 ], [ 44.951287, 41.861332 ], [ 44.781449, 41.921388 ], [ 44.722796, 41.955677 ], [ 44.647073, 41.977416 ], [ 44.421412, 42.082048 ], [ 44.282371, 42.122662 ], [ 44.153093, 42.194398 ] ] } },
{ "type": "Feature", "properties": { "catalog_name": "EMME" }, "geometry": { "type": "LineString", "coordinates": [ [ 44.741891, 41.981659 ], [ 44.778826, 41.978675 ], [ 44.840422, 41.955818 ], [ 44.930709, 41.897745 ], [ 45.149844, 41.865525 ], [ 45.227568, 41.840908 ], [ 45.337655, 41.756452 ], [ 45.468258, 41.725381 ], [ 45.53138, 41.699085 ], [ 45.573996, 41.668267 ], [ 45.618173, 41.591504 ], [ 45.650487, 41.560712 ] ] } },
{ "type": "Feature", "properties": { "catalog_name": "EMME" }, "geometry": { "type": "LineString", "coordinates": [ [ 44.656412, 42.674263 ], [ 44.688661, 42.666433 ], [ 44.72462, 42.626912 ], [ 44.767569, 42.617764 ], [ 44.805175, 42.598027 ], [ 44.851644, 42.598096 ], [ 44.919527, 42.624573 ], [ 44.985685, 42.62196 ], [ 45.075062, 42.60477 ], [ 45.125069, 42.583599 ], [ 45.219504, 42.50687 ], [ 45.363595, 42.425954 ], [ 45.413266, 42.390132 ], [ 45.582026, 42.33922 ], [ 45.65103, 42.299234 ] ] } },
{ "type": "Feature", "properties": { "catalog_name": "EMME" }, "geometry": { "type": "LineString", "coordinates": [ [ 43.27376, 41.949121 ], [ 43.129993, 42.001515 ], [ 43.06061, 42.042401 ], [ 42.987218, 42.066672 ], [ 42.959098, 42.088647 ], [ 42.863407, 42.079754 ], [ 42.844881, 42.060001 ], [ 42.766663, 42.062591 ], [ 42.684076, 42.034397 ], [ 42.628287, 42.024064 ], [ 42.40748, 42.030522 ], [ 42.34739, 42.013531 ], [ 42.287998, 42.01081 ], [ 42.296561, 41.991863 ], [ 42.219357, 41.974425 ] ] } },
{ "type": "Feature", "properties": { "catalog_name": "EMME" }, "geometry": { "type": "LineString", "coordinates": [ [ 42.320149, 41.957018 ], [ 42.187826, 41.947723 ], [ 41.973646, 41.861294 ], [ 41.719168, 41.804435 ] ] } },
{ "type": "Feature", "properties": { "catalog_name": "EMME" }, "geometry": { "type": "LineString", "coordinates": [ [ 41.738152, 41.560758 ], [ 42.031019, 41.633202 ], [ 42.11992, 41.685845 ], [ 42.363867, 41.739921 ], [ 42.550759, 41.741278 ], [ 42.654375, 41.751786 ] ] } },
{ "type": "Feature", "properties": { "catalog_name": "EMME" }, "geometry": { "type": "LineString", "coordinates": [ [ 42.654375, 41.751786 ], [ 42.886285, 41.816562 ], [ 43.030939, 41.869207 ], [ 43.125015, 41.876346 ], [ 43.258303, 41.902555 ], [ 43.47175, 41.956596 ], [ 43.501513, 41.958843 ], [ 43.527229, 41.93711 ], [ 43.571893, 41.924137 ], [ 43.701021, 41.93105 ], [ 43.80957, 41.973002 ], [ 43.846189, 42.008851 ] ] } },
{ "type": "Feature", "properties": { "catalog_name": "EMME" }, "geometry": { "type": "LineString", "coordinates": [ [ 43.310926, 41.778595 ], [ 43.558176, 41.794974 ], [ 43.712567, 41.837986 ], [ 43.737663, 41.861794 ], [ 43.924399, 41.871048 ], [ 43.949709, 41.887459 ], [ 44.061896, 41.897183 ], [ 44.124572, 41.871535 ], [ 44.245513, 41.855241 ], [ 44.341127, 41.884998 ] ] } },
{ "type": "Feature", "properties": { "catalog_name": "EMME" }, "geometry": { "type": "LineString", "coordinates": [ [ 42.617015, 41.596394 ], [ 42.707874, 41.637217 ], [ 42.81271, 41.666688 ], [ 43.118305, 41.692716 ], [ 43.219011, 41.717759 ], [ 43.34843, 41.734826 ], [ 43.388844, 41.729488 ] ] } },
{ "type": "Feature", "properties": { "catalog_name": "EMME" }, "geometry": { "type": "LineString", "coordinates": [ [ 43.98048, 41.516458 ], [ 44.377506, 41.493284 ], [ 44.790973, 41.511153 ] ] } },
{ "type": "Feature", "properties": { "catalog_name": "EMME" }, "geometry": { "type": "LineString", "coordinates": [ [ 44.804273, 41.245013 ], [ 44.612876, 41.304844 ], [ 44.454539, 41.297663 ], [ 44.392007, 41.303004 ], [ 44.317952, 41.333689 ], [ 44.222427, 41.353576 ] ] } },
{ "type": "Feature", "properties": { "catalog_name": "EMME" }, "geometry": { "type": "LineString", "coordinates": [ [ 45.083524, 41.11121 ], [ 44.814732, 41.186672 ], [ 44.4815, 41.240677 ], [ 44.345406, 41.241725 ] ] } },
{ "type": "Feature", "properties": { "catalog_name": "EMME" }, "geometry": { "type": "LineString", "coordinates": [ [ 45.604563, 42.21722 ], [ 45.492188, 42.266851 ], [ 45.165163, 42.357594 ], [ 45.126461, 42.380394 ], [ 45.084524, 42.419946 ], [ 44.935787, 42.478631 ], [ 44.811236, 42.478493 ], [ 44.741627, 42.491528 ], [ 44.615169, 42.534279 ], [ 44.472118, 42.603155 ], [ 44.368164, 42.638871 ], [ 44.324033, 42.642542 ], [ 44.287053, 42.661466 ] ] } },
{ "type": "Feature", "properties": { "catalog_name": "EMME" }, "geometry": { "type": "LineString", "coordinates": [ [ 43.714061, 41.666531 ], [ 43.666374, 41.448782 ], [ 43.608143, 41.391368 ], [ 43.580664, 41.306867 ], [ 43.561839, 41.280945 ], [ 43.456343, 41.178932 ] ] } },
{ "type": "Feature", "properties": { "catalog_name": "EMME" }, "geometry": { "type": "LineString", "coordinates": [ [ 43.634482, 41.373476 ], [ 43.866095, 41.192686 ] ] } },
{ "type": "Feature", "properties": { "catalog_name": "EMME" }, "geometry": { "type": "LineString", "coordinates": [ [ 43.364456, 42.844889 ], [ 43.531901, 42.79053 ], [ 43.613125, 42.752931 ], [ 43.716778, 42.72325 ], [ 44.262841, 42.61996 ], [ 44.382429, 42.604285 ], [ 44.470148, 42.575958 ], [ 44.733315, 42.460634 ] ] } },
{ "type": "Feature", "properties": { "catalog_name": "EMME" }, "geometry": { "type": "LineString", "coordinates": [ [ 44.759968, 42.451307 ], [ 44.96999, 42.425906 ], [ 45.065247, 42.394515 ], [ 45.170815, 42.300278 ], [ 45.563081, 42.05062 ], [ 45.664436, 42.013471 ], [ 45.835819, 41.980973 ], [ 45.950987, 41.948698 ], [ 46.29801, 41.788409 ] ] } },
{ "type": "Feature", "properties": { "catalog_name": "EMME" }, "geometry": { "type": "LineString", "coordinates": [ [ 44.38818, 42.527107 ], [ 44.444996, 42.518273 ], [ 44.516762, 42.487579 ], [ 44.57865, 42.449506 ], [ 44.682341, 42.407872 ], [ 44.766116, 42.391652 ], [ 44.948318, 42.335313 ], [ 45.321222, 42.154227 ], [ 45.406644, 42.09009 ] ] } },
{ "type": "Feature", "properties": { "catalog_name": "EMME" }, "geometry": { "type": "LineString", "coordinates": [ [ 44.254163, 42.424583 ], [ 44.345951, 42.389021 ], [ 44.6051, 42.345053 ], [ 44.866983, 42.275666 ], [ 44.918689, 42.257653 ], [ 45.018967, 42.201236 ], [ 45.094847, 42.178621 ], [ 45.149416, 42.149212 ] ] } },
{ "type": "Feature", "properties": { "catalog_name": "EMME" }, "geometry": { "type": "LineString", "coordinates": [ [ 43.969868, 42.424285 ], [ 43.74975, 42.489572 ], [ 43.68389, 42.524763 ], [ 43.632177, 42.560085 ], [ 43.575902, 42.584812 ], [ 43.541099, 42.631095 ], [ 43.438222, 42.665609 ], [ 43.326361, 42.728594 ], [ 43.181659, 42.85193 ], [ 43.067615, 42.913429 ], [ 42.999181, 42.917035 ], [ 42.907049, 42.947668 ], [ 42.816685, 43.017714 ], [ 42.708961, 43.022781 ], [ 42.492644, 43.052915 ], [ 42.392464, 43.084954 ] ] } },
{ "type": "Feature", "properties": { "catalog_name": "EMME" }, "geometry": { "type": "LineString", "coordinates": [ [ 44.337065, 42.159439 ], [ 44.283839, 42.169906 ], [ 44.202525, 42.204534 ], [ 44.131728, 42.266131 ], [ 44.111069, 42.308914 ], [ 44.044963, 42.342553 ], [ 43.969868, 42.424285 ] ] } },
{ "type": "Feature", "properties": { "catalog_name": "EMME" }, "geometry": { "type": "LineString", "coordinates": [ [ 43.374147, 42.862397 ], [ 43.428788, 42.859948 ], [ 43.543042, 42.837005 ], [ 43.779557, 42.72651 ], [ 43.886402, 42.705449 ], [ 43.997439, 42.702876 ], [ 44.425414, 42.717517 ], [ 44.743997, 42.69826 ], [ 44.876436, 42.714325 ], [ 45.028618, 42.669493 ], [ 45.132312, 42.628486 ], [ 45.202054, 42.629705 ], [ 45.282372, 42.596524 ], [ 45.658448, 42.498586 ], [ 45.732911, 42.4572 ], [ 45.780891, 42.443678 ] ] } },
{ "type": "Feature", "properties": { "catalog_name": "EMME" }, "geometry": { "type": "LineString", "coordinates": [ [ 41.691185, 42.835803 ], [ 41.624619, 42.89115 ], [ 41.562995, 42.912699 ], [ 41.245998, 43.076938 ], [ 41.124348, 43.10912 ], [ 40.967632, 43.114219 ], [ 40.895569, 43.094115 ], [ 40.841698, 43.08866 ], [ 40.762525, 43.103287 ], [ 40.560232, 43.088529 ] ] } },
{ "type": "Feature", "properties": { "catalog_name": "EMME" }, "geometry": { "type": "LineString", "coordinates": [ [ 41.877343, 43.234041 ], [ 42.096758, 43.152607 ], [ 42.233487, 43.133045 ], [ 42.401047, 43.123205 ], [ 42.432928, 43.110154 ], [ 42.480606, 43.118865 ], [ 42.508172, 43.108758 ], [ 42.70468, 43.103689 ], [ 42.809569, 43.090444 ], [ 43.319326, 42.877274 ] ] } },
{ "type": "Feature", "properties": { "catalog_name": "EMME" }, "geometry": { "type": "LineString", "coordinates": [ [ 42.980005, 42.992365 ], [ 42.909675, 43.016614 ], [ 42.86536, 43.041307 ], [ 42.757109, 43.068999 ], [ 42.646842, 43.071036 ], [ 42.573587, 43.053561 ], [ 42.327495, 43.112915 ] ] } },
{ "type": "Feature", "properties": { "catalog_name": "EMME" }, "geometry": { "type": "LineString", "coordinates": [ [ 45.67729, 41.705647 ], [ 45.641071, 41.70936 ], [ 45.558281, 41.738715 ], [ 45.476924, 41.813578 ], [ 45.23228, 41.870425 ], [ 45.190133, 41.892413 ], [ 45.14097, 41.938934 ], [ 45.108112, 41.944228 ], [ 45.081132, 41.960025 ], [ 45.010691, 42.027537 ], [ 44.983652, 42.038929 ], [ 44.935455, 42.03453 ], [ 44.860177, 42.052867 ], [ 44.818886, 42.100135 ], [ 44.648074, 42.132164 ], [ 44.570357, 42.133652 ], [ 44.337065, 42.159439 ] ] } },
{ "type": "Feature", "properties": { "catalog_name": "EMME" }, "geometry": { "type": "LineString", "coordinates": [ [ 42.97999, 41.479473 ], [ 43.097745, 41.558081 ], [ 43.223211, 41.600102 ], [ 43.28135, 41.63701 ], [ 43.417018, 41.683626 ], [ 43.460626, 41.712858 ], [ 43.548416, 41.741757 ], [ 43.800607, 41.728896 ], [ 43.856684, 41.736205 ], [ 43.925928, 41.76382 ], [ 43.988745, 41.774495 ], [ 44.114955, 41.758695 ], [ 44.301251, 41.795347 ], [ 44.429179, 41.763762 ], [ 44.600115, 41.770774 ] ] } },
{ "type": "Feature", "properties": { "catalog_name": "EMME" }, "geometry": { "type": "LineString", "coordinates": [ [ 43.650058, 42.099229 ], [ 43.42092, 41.995223 ], [ 43.318907, 41.968482 ], [ 43.005365, 42.107274 ], [ 42.938459, 42.122786 ], [ 42.883515, 42.122869 ], [ 42.793955, 42.101643 ], [ 42.729238, 42.09896 ], [ 42.693767, 42.078378 ], [ 42.487804, 42.058649 ], [ 42.460776, 42.046746 ], [ 42.336471, 42.058478 ], [ 42.296892, 42.053123 ], [ 42.278875, 42.031319 ], [ 42.222988, 42.049092 ], [ 42.154691, 42.047066 ] ] } },
{ "type": "Feature", "properties": { "catalog_name": "EMME" }, "geometry": { "type": "LineString", "coordinates": [ [ 44.099358, 40.900667 ], [ 44.210568, 40.867416 ], [ 44.300173, 40.802929 ], [ 44.367506, 40.771047 ], [ 44.464257, 40.681952 ], [ 44.471138, 40.652644 ], [ 44.522423, 40.593193 ] ] } },
{ "type": "Feature", "properties": { "catalog_name": "EMME" }, "geometry": { "type": "LineString", "coordinates": [ [ 44.49925, 40.651001 ], [ 44.545036, 40.623965 ], [ 44.579167, 40.57463 ], [ 44.607155, 40.443109 ], [ 44.656245, 40.324217 ], [ 44.707406, 40.24675 ], [ 44.725391, 40.199267 ], [ 44.728815, 40.139049 ], [ 44.776426, 40.07117 ], [ 44.824008, 40.020788 ] ] } },
{ "type": "Feature", "properties": { "catalog_name": "EMME" }, "geometry": { "type": "LineString", "coordinates": [ [ 44.755825, 40.204583 ], [ 44.863065, 40.022486 ], [ 45.004935625051949, 39.866066442568005 ], [ 45.087524333379996, 39.737303922777606 ], [ 45.099406782008202, 39.704653622965871 ] ] } },
{ "type": "Feature", "properties": { "catalog_name": "EMME" }, "geometry": { "type": "LineString", "coordinates": [ [ 43.305519, 41.071198 ], [ 43.50671, 41.004378 ], [ 43.600419, 40.981297 ], [ 43.782957, 40.957804 ], [ 43.90089, 40.955833 ] ] } },
{ "type": "Feature", "properties": { "catalog_name": "EMME" }, "geometry": { "type": "LineString", "coordinates": [ [ 43.964641, 40.964421 ], [ 44.262792, 40.897175 ], [ 44.325568, 40.876136 ], [ 44.358917, 40.845634 ], [ 44.44336, 40.799732 ], [ 44.535078, 40.763598 ], [ 44.611297, 40.746196938787101 ] ] } },
{ "type": "Feature", "properties": { "catalog_name": "EMME" }, "geometry": { "type": "LineString", "coordinates": [ [ 44.387187, 40.887013 ], [ 44.627598, 40.78937 ], [ 44.684296, 40.758725 ], [ 45.018968608081472, 40.626242536547302 ] ] } },
{ "type": "Feature", "properties": { "catalog_name": "EMME" }, "geometry": { "type": "LineString", "coordinates": [ [ 44.287221, 39.214409 ], [ 44.324643, 39.189461 ], [ 44.369192, 39.130656 ], [ 44.397704, 39.052249 ] ] } },
{ "type": "Feature", "properties": { "catalog_name": "EMME" }, "geometry": { "type": "LineString", "coordinates": [ [ 44.454124, 38.825398 ], [ 44.187765, 38.999128 ], [ 44.103521, 39.047688 ], [ 44.032869, 39.070912 ], [ 43.910585, 39.140585 ], [ 43.472092, 39.254667 ] ] } },
{ "type": "Feature", "properties": { "catalog_name": "EMME" }, "geometry": { "type": "LineString", "coordinates": [ [ 44.100913, 39.364384 ], [ 44.186034, 39.246305 ], [ 44.240517, 39.223228 ] ] } },
{ "type": "Feature", "properties": { "catalog_name": "EMME" }, "geometry": { "type": "LineString", "coordinates": [ [ 44.12476, 39.41696 ], [ 44.207923, 39.348057 ], [ 44.267322, 39.217379 ], [ 44.293458, 39.108084 ], [ 44.417008, 38.989286 ], [ 44.439745, 38.945418 ], [ 44.458291, 38.933926 ], [ 44.540261, 38.841264 ], [ 44.618668, 38.771767 ], [ 44.725587, 38.65772 ] ] } },
{ "type": "Feature", "properties": { "catalog_name": "EMME" }, "geometry": { "type": "LineString", "coordinates": [ [ 44.752316, 38.663066 ], [ 44.811122, 38.607825 ], [ 44.939424, 38.54902 ], [ 45.068096, 38.504265 ] ] } },
{ "type": "Feature", "properties": { "catalog_name": "EMME" }, "geometry": { "type": "LineString", "coordinates": [ [ 44.58762, 39.417522 ], [ 44.62892, 39.337016 ], [ 44.634475, 39.285421 ], [ 44.672325, 39.204828 ], [ 44.776324, 39.049687 ], [ 44.870519, 38.964911 ], [ 44.964963, 38.847301 ], [ 45.032678, 38.743946 ], [ 45.114649, 38.660193 ], [ 45.194838, 38.61208 ] ] } },
{ "type": "Feature", "properties": { "catalog_name": "EMME" }, "geometry": { "type": "LineString", "coordinates": [ [ 44.440792, 38.307099 ], [ 44.67888, 38.143314 ], [ 44.812226, 38.108043 ], [ 44.869686, 38.062896 ], [ 44.927145, 38.042375 ], [ 45.029751, 38.025958 ] ] } },
{ "type": "Feature", "properties": { "catalog_name": "EMME" }, "geometry": { "type": "LineString", "coordinates": [ [ 36.372805, 36.232097 ], [ 36.312065, 35.973165 ], [ 36.267103, 35.662481 ], [ 36.248674, 35.384836 ] ] } },
{ "type": "Feature", "properties": { "catalog_name": "EMME" }, "geometry": { "type": "LineString", "coordinates": [ [ 36.351751, 35.290998 ], [ 36.3281, 34.6701 ] ] } },
{ "type": "Feature", "properties": { "catalog_name": "EMME" }, "geometry": { "type": "LineString", "coordinates": [ [ 36.445314, 36.126554 ], [ 36.411535, 36.009661 ], [ 36.371901, 35.780897 ] ] } },
{ "type": "Feature", "properties": { "catalog_name": "EMME" }, "geometry": { "type": "LineString", "coordinates": [ [ 36.815046, 36.222361 ], [ 36.586512, 36.037523 ], [ 36.502134, 35.880159 ], [ 36.468161, 35.752085 ], [ 36.385553, 35.619852 ], [ 36.361739, 35.345009 ] ] } },
{ "type": "Feature", "properties": { "catalog_name": "EMME" }, "geometry": { "type": "LineString", "coordinates": [ [ 39.736139, 35.440754 ], [ 39.182894, 35.266842 ], [ 38.855136, 35.044845 ] ] } },
{ "type": "Feature", "properties": { "catalog_name": "EMME" }, "geometry": { "type": "LineString", "coordinates": [ [ 44.804273, 41.245013 ], [ 44.872806, 41.241879 ], [ 45.386452, 41.078851 ], [ 45.528837, 41.050374 ], [ 45.768042, 40.900871 ], [ 45.95599, 40.846765 ], [ 46.180957, 40.748519 ], [ 46.336156, 40.670208 ], [ 46.442945, 40.637459 ], [ 46.539766, 40.623221 ], [ 46.694965, 40.56342 ], [ 46.796908, 40.492832 ], [ 46.878641, 40.403949 ], [ 46.915661, 40.321366 ], [ 46.952681, 40.116332 ], [ 47.018178, 40.018087 ], [ 47.106118, 39.922615 ] ] } },
{ "type": "Feature", "properties": { "catalog_name": "EMME" }, "geometry": { "type": "LineString", "coordinates": [ [ 44.657041, 39.822048 ], [ 44.602935, 39.885101 ], [ 44.44841, 40.02817 ], [ 44.397987, 40.053525 ], [ 44.289165, 40.137767 ], [ 44.246964, 40.146338 ], [ 44.12925, 40.201314 ] ] } },
{ "type": "Feature", "properties": { "catalog_name": "EMME" }, "geometry": { "type": "LineString", "coordinates": [ [ 44.855787, 38.329966 ], [ 44.899231, 38.306519 ], [ 45.050048, 38.288206 ], [ 45.262259, 38.328163 ], [ 45.321456, 38.355786 ], [ 45.480015, 38.391317 ] ] } },
{ "type": "Feature", "properties": { "catalog_name": "EMME" }, "geometry": { "type": "LineString", "coordinates": [ [ 38.215685, 38.020955 ], [ 38.283674, 38.036037 ], [ 38.403058, 38.047985 ], [ 38.507285, 38.074952 ] ] } },
{ "type": "Feature", "properties": { "catalog_name": "EMME" }, "geometry": { "type": "LineString", "coordinates": [ [ 43.550203, 38.60732 ], [ 43.455414, 38.597282 ], [ 43.378863, 38.60199 ], [ 43.244269, 38.578887 ] ] } },
{ "type": "Feature", "properties": { "catalog_name": "SHARE" }, "geometry": { "type": "LineString", "coordinates": [ [ 24.603849, 42.299272 ], [ 25.136581, 42.094706 ], [ 25.399301, 42.01196 ], [ 25.66722, 41.951433 ], [ 25.836114, 41.940147 ], [ 26.125047, 41.902193 ], [ 26.347992, 41.844493 ] ] } },
{ "type": "Feature", "properties": { "catalog_name": "SHARE" }, "geometry": { "type": "LineString", "coordinates": [ [ 25.057872, 42.229164 ], [ 25.308897, 42.226711 ], [ 25.604959, 42.211505 ], [ 26.169562, 42.171759 ] ] } },
{ "type": "Feature", "properties": { "catalog_name": "SHARE" }, "geometry": { "type": "LineString", "coordinates": [ [ 24.700097, 42.326179 ], [ 24.984997, 42.279423 ], [ 25.288145, 42.290459 ] ] } },
{ "type": "Feature", "properties": { "catalog_name": "SHARE" }, "geometry": { "type": "LineString", "coordinates": [ [ 25.506821, 42.367332 ], [ 25.621613, 42.431445 ], [ 25.706781, 42.464184 ], [ 25.884525, 42.512232 ], [ 26.028943, 42.562215 ], [ 26.114111, 42.579777 ] ] } },
{ "type": "Feature", "properties": { "catalog_name": "SHARE" }, "geometry": { "type": "LineString", "coordinates": [ [ 25.437081, 41.869472 ], [ 25.540579, 41.83992 ], [ 25.725474, 41.76539 ], [ 25.782929, 41.751539 ], [ 25.839195, 41.743472 ], [ 26.018933, 41.745777 ], [ 26.176791, 41.711203 ] ] } },
{ "type": "Feature", "properties": { "catalog_name": "SHARE" }, "geometry": { "type": "LineString", "coordinates": [ [ 26.27061, 42.160391 ], [ 26.352698, 42.098976 ], [ 26.514608, 41.907569 ], [ 26.591698, 41.834274 ] ] } },
{ "type": "Feature", "properties": { "catalog_name": "SHARE" }, "geometry": { "type": "LineString", "coordinates": [ [ 26.706521, 42.214532 ], [ 26.935794, 42.206238 ], [ 27.185063, 42.175242 ] ] } },
{ "type": "Feature", "properties": { "catalog_name": "SHARE" }, "geometry": { "type": "LineString", "coordinates": [ [ 26.899977, 42.319808 ], [ 27.162437, 42.335697 ], [ 27.289151, 42.325571 ], [ 27.387615, 42.326723 ] ] } },
{ "type": "Feature", "properties": { "catalog_name": "SHARE" }, "geometry": { "type": "LineString", "coordinates": [ [ 26.165951, 42.651068 ], [ 26.330735, 42.668802 ], [ 26.430715, 42.670288 ], [ 26.947283, 42.644621 ] ] } },
{ "type": "Feature", "properties": { "catalog_name": "SHARE" }, "geometry": { "type": "LineString", "coordinates": [ [ 26.499822, 42.715521 ], [ 26.69684, 42.764953 ], [ 26.7974, 42.781431 ], [ 26.939006, 42.791916 ], [ 27.127818, 42.781431 ] ] } },
{ "type": "Feature", "properties": { "catalog_name": "SHARE" }, "geometry": { "type": "LineString", "coordinates": [ [ 26.849346, 42.733561 ], [ 27.27006, 42.744047 ], [ 27.36652, 42.738055 ] ] } },
{ "type": "Feature", "properties": { "catalog_name": "SHARE" }, "geometry": { "type": "LineString", "coordinates": [ [ 27.126404, 42.862928 ], [ 27.292636, 42.829973 ], [ 27.5779, 42.79552 ], [ 27.672304, 42.770055 ], [ 27.779024, 42.725117 ], [ 27.937048, 42.696656 ] ] } },
{ "type": "Feature", "properties": { "catalog_name": "SHARE" }, "geometry": { "type": "LineString", "coordinates": [ [ 26.40949, 42.809348 ], [ 26.614716, 42.858781 ], [ 27.045692, 42.909711 ] ] } },
{ "type": "Feature", "properties": { "catalog_name": "SHARE" }, "geometry": { "type": "LineString", "coordinates": [ [ 25.298918, 42.589954 ], [ 25.393881, 42.602742 ], [ 25.554113, 42.605633 ], [ 25.780843, 42.62841 ] ] } },
{ "type": "Feature", "properties": { "catalog_name": "SHARE" }, "geometry": { "type": "LineString", "coordinates": [ [ 26.880115, 43.099916 ], [ 27.474408, 43.03736 ], [ 27.849137, 43.015786 ], [ 28.052321, 42.996195 ] ] } },
{ "type": "Feature", "properties": { "catalog_name": "SHARE" }, "geometry": { "type": "LineString", "coordinates": [ [ 25.810466, 42.681079 ], [ 25.851198, 42.691992 ], [ 25.97895, 42.696748 ], [ 26.13633, 42.683807 ] ] } },
{ "type": "Feature", "properties": { "catalog_name": "SHARE" }, "geometry": { "type": "LineString", "coordinates": [ [ 24.97428, 42.652604 ], [ 25.152949, 42.664271 ], [ 25.413336, 42.712798 ] ] } },
{ "type": "Feature", "properties": { "catalog_name": "SHARE" }, "geometry": { "type": "LineString", "coordinates": [ [ 27.192868, 42.58143 ], [ 27.720706, 42.628591 ] ] } },
{ "type": "Feature", "properties": { "catalog_name": "SHARE" }, "geometry": { "type": "LineString", "coordinates": [ [ 24.499457, 42.143457 ], [ 24.819049, 42.028924 ], [ 25.013465, 41.92229 ], [ 25.106681, 41.886745 ] ] } },
{ "type": "Feature", "properties": { "catalog_name": "SHARE" }, "geometry": { "type": "LineString", "coordinates": [ [ 25.484741, 42.301828 ], [ 25.810396, 42.312938 ], [ 26.061684, 42.301305 ] ] } },
{ "type": "Feature", "properties": { "catalog_name": "SHARE" }, "geometry": { "type": "LineString", "coordinates": [ [ 25.826633, 41.086023 ], [ 25.42091, 41.177989 ], [ 25.251065, 41.134275 ], [ 25.197584, 41.133202 ], [ 25.144873, 41.120867 ], [ 24.945815, 41.147831 ], [ 24.895239, 41.147025 ], [ 24.787028, 41.10597 ], [ 24.669696, 41.018896 ], [ 24.479029, 40.94717 ] ] } },
{ "type": "Feature", "properties": { "catalog_name": "SHARE" }, "geometry": { "type": "LineString", "coordinates": [ [ 25.499536, 40.875203 ], [ 25.557473, 40.856292 ], [ 25.605403, 40.864925 ], [ 25.703369, 40.847658 ], [ 26.129644, 40.847688 ] ] } },
{ "type": "Feature", "properties": { "catalog_name": "SHARE" }, "geometry": { "type": "LineString", "coordinates": [ [ 26.574329, 41.619393 ], [ 26.121717, 41.542607 ] ] } },
{ "type": "Feature", "properties": { "catalog_name": "SHARE" }, "geometry": { "type": "LineString", "coordinates": [ [ 25.78977, 40.44605 ], [ 25.45941, 40.51949 ] ] } },
{ "type": "Feature", "properties": { "catalog_name": "SHARE" }, "geometry": { "type": "LineString", "coordinates": [ [ 26.608157, 40.578963 ], [ 26.349197, 40.540655 ], [ 26.078779, 40.461778 ], [ 25.793483, 40.432251 ], [ 25.474729, 40.345167 ], [ 25.388685, 40.33019 ], [ 25.273129, 40.339636 ], [ 25.159836, 40.36741 ] ] } },
{ "type": "Feature", "properties": { "catalog_name": "SHARE" }, "geometry": { "type": "LineString", "coordinates": [ [ 35.214723, 34.828609 ], [ 35.013726, 34.786276 ], [ 34.842203, 34.736994 ], [ 34.487577, 34.694399 ], [ 34.304884, 34.694089 ], [ 34.127832, 34.739278 ], [ 33.996454, 34.784546 ], [ 33.693461, 34.924002 ], [ 33.453831, 35.116056 ], [ 33.267769, 35.315199 ] ] } },
{ "type": "Feature", "properties": { "catalog_name": "SHARE" }, "geometry": { "type": "LineString", "coordinates": [ [ 31.862502, 34.360406 ], [ 32.084516, 34.58449 ], [ 32.190796, 34.712503 ], [ 32.665413, 35.461145 ], [ 32.744622, 35.597752 ], [ 32.857252, 35.730917 ] ] } },
{ "type": "Feature", "properties": { "catalog_name": "SHARE" }, "geometry": { "type": "LineString", "coordinates": [ [ 25.356338, 35.481539 ], [ 25.204786, 35.48739 ], [ 25.070626, 35.473739 ], [ 24.864416, 35.465938 ], [ 24.727772, 35.475689 ], [ 24.340196, 35.462037 ] ] } },
{ "type": "Feature", "properties": { "catalog_name": "SHARE" }, "geometry": { "type": "LineString", "coordinates": [ [ 25.048776, 35.341863 ], [ 25.003548, 35.242367 ], [ 24.998743, 35.202767 ], [ 25.00595, 35.157511 ], [ 24.992337, 35.12294 ] ] } },
{ "type": "Feature", "properties": { "catalog_name": "SHARE" }, "geometry": { "type": "LineString", "coordinates": [ [ 25.512768, 35.236682 ], [ 25.449741, 35.229093 ], [ 25.394896, 35.199342 ], [ 25.336038, 35.124789 ] ] } },
{ "type": "Feature", "properties": { "catalog_name": "SHARE" }, "geometry": { "type": "LineString", "coordinates": [ [ 25.894299, 35.195492 ], [ 25.858105, 35.109381 ], [ 25.83896, 35.090023 ], [ 25.819815, 35.045192 ], [ 25.781091, 35.003418 ] ] } },
{ "type": "Feature", "properties": { "catalog_name": "SHARE" }, "geometry": { "type": "LineString", "coordinates": [ [ 26.171238, 35.442535 ], [ 25.895401, 35.204809 ] ] } },
{ "type": "Feature", "properties": { "catalog_name": "SHARE" }, "geometry": { "type": "LineString", "coordinates": [ [ 26.453373, 35.564118 ], [ 26.253217, 35.542626 ], [ 26.012154, 35.549222 ] ] } },
{ "type": "Feature", "properties": { "catalog_name": "SHARE" }, "geometry": { "type": "LineString", "coordinates": [ [ 26.117759, 35.122185 ], [ 26.111344, 35.09241 ], [ 26.096841, 35.070955 ], [ 26.046637, 35.056008 ], [ 26.014286, 35.03049 ] ] } },
{ "type": "Feature", "properties": { "catalog_name": "SHARE" }, "geometry": { "type": "LineString", "coordinates": [ [ 26.115807, 35.202535 ], [ 26.083732, 35.134227 ] ] } },
{ "type": "Feature", "properties": { "catalog_name": "SHARE" }, "geometry": { "type": "LineString", "coordinates": [ [ 26.245773, 34.978385 ], [ 26.280553, 35.081746 ], [ 26.362541, 35.265066 ], [ 26.533969, 35.456187 ], [ 26.568753, 35.520544 ], [ 26.589488, 35.630723 ] ] } },
{ "type": "Feature", "properties": { "catalog_name": "SHARE" }, "geometry": { "type": "LineString", "coordinates": [ [ 26.968747, 35.528345 ], [ 26.777445, 35.458137 ], [ 26.715335, 35.424984 ] ] } },
{ "type": "Feature", "properties": { "catalog_name": "SHARE" }, "geometry": { "type": "LineString", "coordinates": [ [ 26.921543, 35.793573 ], [ 26.707879, 35.711664 ] ] } },
{ "type": "Feature", "properties": { "catalog_name": "SHARE" }, "geometry": { "type": "LineString", "coordinates": [ [ 26.607841, 35.281323 ], [ 26.638317, 35.434734 ], [ 26.673253, 35.692037 ] ] } },
{ "type": "Feature", "properties": { "catalog_name": "SHARE" }, "geometry": { "type": "LineString", "coordinates": [ [ 26.984271, 35.467888 ], [ 26.986532, 35.582019 ], [ 26.954872, 35.753216 ] ] } },
{ "type": "Feature", "properties": { "catalog_name": "SHARE" }, "geometry": { "type": "LineString", "coordinates": [ [ 26.92776, 36.163396 ], [ 26.928779, 36.042733 ], [ 26.942078, 35.955527 ], [ 26.930792, 35.857427 ] ] } },
{ "type": "Feature", "properties": { "catalog_name": "SHARE" }, "geometry": { "type": "LineString", "coordinates": [ [ 26.844641, 36.210946 ], [ 26.970873, 36.23412 ], [ 27.187706, 36.246905 ] ] } },
{ "type": "Feature", "properties": { "catalog_name": "SHARE" }, "geometry": { "type": "LineString", "coordinates": [ [ 27.197529, 36.178578 ], [ 27.184013, 36.103908 ], [ 27.14636, 35.982855 ], [ 27.109981, 35.741474 ], [ 27.052554, 35.618795 ] ] } },
{ "type": "Feature", "properties": { "catalog_name": "SHARE" }, "geometry": { "type": "LineString", "coordinates": [ [ 24.651233, 39.263335 ], [ 25.382807, 39.742699 ] ] } },
{ "type": "Feature", "properties": { "catalog_name": "SHARE" }, "geometry": { "type": "LineString", "coordinates": [ [ 24.724206, 39.298132 ], [ 24.808153, 39.290305 ], [ 24.988683, 39.289464 ], [ 25.147126, 39.310941 ] ] } },
{ "type": "Feature", "properties": { "catalog_name": "SHARE" }, "geometry": { "type": "LineString", "coordinates": [ [ 24.830992, 38.874642 ], [ 24.990792, 39.004941 ], [ 25.023, 39.05745 ], [ 25.335447, 39.356552 ] ] } },
{ "type": "Feature", "properties": { "catalog_name": "SHARE" }, "geometry": { "type": "LineString", "coordinates": [ [ 25.4447, 39.326281 ], [ 25.155874, 39.054646 ] ] } },
{ "type": "Feature", "properties": { "catalog_name": "SHARE" }, "geometry": { "type": "LineString", "coordinates": [ [ 26.001716, 38.97414 ], [ 26.239301, 39.183557 ], [ 26.265808, 39.22096 ], [ 26.311687, 39.325208 ], [ 26.354506, 39.379322 ] ] } },
{ "type": "Feature", "properties": { "catalog_name": "SHARE" }, "geometry": { "type": "LineString", "coordinates": [ [ 25.858566, 38.875134 ], [ 25.4319, 38.600364 ] ] } },
{ "type": "Feature", "properties": { "catalog_name": "SHARE" }, "geometry": { "type": "LineString", "coordinates": [ [ 26.640303, 39.017339 ], [ 26.510104, 38.974944 ], [ 26.397265, 38.954504 ], [ 26.325897, 38.925736 ] ] } },
{ "type": "Feature", "properties": { "catalog_name": "SHARE" }, "geometry": { "type": "LineString", "coordinates": [ [ 26.533733, 39.064276 ], [ 26.528428, 39.08131 ], [ 26.503353, 39.108942 ], [ 26.462846, 39.137332 ], [ 26.414625, 39.157394 ] ] } },
{ "type": "Feature", "properties": { "catalog_name": "SHARE" }, "geometry": { "type": "LineString", "coordinates": [ [ 25.45015, 38.466459 ], [ 25.36249, 38.601966 ], [ 25.317578, 38.654848 ], [ 25.234892, 38.7274 ], [ 25.215818, 38.785149 ], [ 25.185846, 38.832204 ] ] } },
{ "type": "Feature", "properties": { "catalog_name": "SHARE" }, "geometry": { "type": "LineString", "coordinates": [ [ 25.771674, 38.522069 ], [ 25.466498, 38.457903 ] ] } },
{ "type": "Feature", "properties": { "catalog_name": "SHARE" }, "geometry": { "type": "LineString", "coordinates": [ [ 25.832965, 38.609079 ], [ 26.094185, 38.630451 ], [ 26.241961, 38.651994 ], [ 26.461514, 38.70668 ] ] } },
{ "type": "Feature", "properties": { "catalog_name": "SHARE" }, "geometry": { "type": "LineString", "coordinates": [ [ 25.927806, 38.290342 ], [ 26.026544, 38.227187 ], [ 26.092369, 38.203637 ] ] } },
{ "type": "Feature", "properties": { "catalog_name": "SHARE" }, "geometry": { "type": "LineString", "coordinates": [ [ 25.966473, 38.085401 ], [ 26.09207, 38.111544 ], [ 26.22883, 38.122437 ], [ 26.645623, 38.061437 ] ] } },
{ "type": "Feature", "properties": { "catalog_name": "SHARE" }, "geometry": { "type": "LineString", "coordinates": [ [ 25.970585, 37.730691 ], [ 25.910637, 37.796996 ], [ 25.809821, 37.873994 ], [ 25.768949, 37.923188 ], [ 25.711729, 37.970243 ] ] } },
{ "type": "Feature", "properties": { "catalog_name": "SHARE" }, "geometry": { "type": "LineString", "coordinates": [ [ 25.869139, 37.533705 ], [ 25.97422, 37.605403 ], [ 26.052626, 37.644107 ], [ 26.177915, 37.662508 ], [ 26.35037, 37.718428 ] ] } },
{ "type": "Feature", "properties": { "catalog_name": "SHARE" }, "geometry": { "type": "LineString", "coordinates": [ [ 26.237614, 37.435528 ], [ 26.38475, 37.578832 ], [ 26.595386, 37.76523 ], [ 26.619546, 37.798168 ] ] } },
{ "type": "Feature", "properties": { "catalog_name": "SHARE" }, "geometry": { "type": "LineString", "coordinates": [ [ 27.099063, 37.79139 ], [ 27.030101, 37.806856 ], [ 26.868251, 37.823428 ], [ 26.599439, 37.821218 ] ] } },
{ "type": "Feature", "properties": { "catalog_name": "SHARE" }, "geometry": { "type": "LineString", "coordinates": [ [ 26.95668, 37.686156 ], [ 26.835828, 37.713023 ], [ 26.744806, 37.723172 ], [ 26.649961, 37.708844 ], [ 26.586475, 37.708246 ] ] } },
{ "type": "Feature", "properties": { "catalog_name": "SHARE" }, "geometry": { "type": "LineString", "coordinates": [ [ 24.874105, 36.890958 ], [ 24.937154, 36.896034 ], [ 25.26937, 36.961387 ], [ 25.331611, 36.965829 ] ] } },
{ "type": "Feature", "properties": { "catalog_name": "SHARE" }, "geometry": { "type": "LineString", "coordinates": [ [ 25.214158, 36.782503 ], [ 25.005921, 36.655553 ], [ 24.93827, 36.658872 ], [ 24.851592, 36.687913 ], [ 24.751173, 36.710316 ] ] } },
{ "type": "Feature", "properties": { "catalog_name": "SHARE" }, "geometry": { "type": "LineString", "coordinates": [ [ 25.169762, 36.593322 ], [ 24.994293, 36.546856 ], [ 24.734261, 36.565111 ] ] } },
{ "type": "Feature", "properties": { "catalog_name": "SHARE" }, "geometry": { "type": "LineString", "coordinates": [ [ 25.372186, 36.560479 ], [ 25.459464, 36.626542 ], [ 25.534272, 36.702392 ], [ 25.64025, 36.770902 ] ] } },
{ "type": "Feature", "properties": { "catalog_name": "SHARE" }, "geometry": { "type": "LineString", "coordinates": [ [ 25.672717, 36.698815 ], [ 25.878566, 36.789243 ], [ 25.999358, 36.867884 ], [ 26.036444, 36.88132 ], [ 26.113721, 36.892122 ] ] } },
{ "type": "Feature", "properties": { "catalog_name": "SHARE" }, "geometry": { "type": "LineString", "coordinates": [ [ 26.672597, 37.059754 ], [ 26.533873, 36.98888 ], [ 26.419067, 36.947848 ], [ 26.352097, 36.940387 ], [ 26.164444, 36.859068 ] ] } },
{ "type": "Feature", "properties": { "catalog_name": "SHARE" }, "geometry": { "type": "LineString", "coordinates": [ [ 26.41951, 36.709732 ], [ 26.148063, 36.613655 ], [ 25.951936, 36.531591 ], [ 25.783634, 36.443035 ], [ 25.72441, 36.396546 ], [ 25.631437, 36.352541 ] ] } },
{ "type": "Feature", "properties": { "catalog_name": "SHARE" }, "geometry": { "type": "LineString", "coordinates": [ [ 26.962343, 36.640531 ], [ 27.053711, 36.72443 ], [ 27.139907, 36.766379 ], [ 27.174385, 36.793444 ], [ 27.212311, 36.812388 ], [ 27.377805, 36.857044 ] ] } },
{ "type": "Feature", "properties": { "catalog_name": "SHARE" }, "geometry": { "type": "LineString", "coordinates": [ [ 24.431762, 36.309172 ], [ 24.582959, 36.302454 ], [ 24.776947, 36.233035 ], [ 24.999463, 36.188249 ], [ 25.167776, 36.174813 ], [ 25.227684, 36.174813 ], [ 25.338942, 36.197206 ], [ 25.62233, 36.268596 ] ] } },
{ "type": "Feature", "properties": { "catalog_name": "SHARE" }, "geometry": { "type": "LineString", "coordinates": [ [ 26.513277, 36.381358 ], [ 26.212076, 36.30047 ], [ 25.993379, 36.282338 ] ] } },
{ "type": "Feature", "properties": { "catalog_name": "SHARE" }, "geometry": { "type": "LineString", "coordinates": [ [ 25.854514, 36.044651 ], [ 26.038881, 36.063434 ], [ 26.247686, 36.122439 ], [ 26.304438, 36.148644 ], [ 26.379023, 36.170587 ], [ 26.508772, 36.19322 ] ] } },
{ "type": "Feature", "properties": { "catalog_name": "SHARE" }, "geometry": { "type": "LineString", "coordinates": [ [ 26.344454, 35.910838 ], [ 26.152007, 35.903902 ], [ 25.973419, 35.858424 ], [ 25.851015, 35.846652 ] ] } },
{ "type": "Feature", "properties": { "catalog_name": "SHARE" }, "geometry": { "type": "LineString", "coordinates": [ [ 26.892765, 35.964902 ], [ 26.837325, 35.962311 ], [ 26.673698, 35.92904 ], [ 26.574868, 35.952061 ] ] } },
{ "type": "Feature", "properties": { "catalog_name": "SHARE" }, "geometry": { "type": "LineString", "coordinates": [ [ 26.897151, 36.129652 ], [ 26.668127, 36.138761 ], [ 26.542169, 36.160334 ] ] } },
{ "type": "Feature", "properties": { "catalog_name": "SHARE" }, "geometry": { "type": "LineString", "coordinates": [ [ 25.94961, 35.664595 ], [ 25.826941, 35.71274 ], [ 25.73149, 35.731166 ], [ 25.448262, 35.742867 ], [ 25.29423, 35.738967 ], [ 24.956342, 35.77407 ], [ 24.812246, 35.77407 ] ] } },
{ "type": "Feature", "properties": { "catalog_name": "SHARE" }, "geometry": { "type": "LineString", "coordinates": [ [ 26.489247, 35.729216 ], [ 26.352603, 35.768221 ], [ 26.270615, 35.779922 ], [ 25.947639, 35.787723 ] ] } },
{ "type": "Feature", "properties": { "catalog_name": "SHARE" }, "geometry": { "type": "LineString", "coordinates": [ [ 24.94026, 39.670721 ], [ 25.334489, 39.977144 ], [ 25.451359, 40.042083 ] ] } },
{ "type": "Feature", "properties": { "catalog_name": "SHARE" }, "geometry": { "type": "LineString", "coordinates": [ [ 41.130119, 39.317799 ], [ 40.920834, 39.381564 ], [ 40.793456, 39.385999 ], [ 40.666439, 39.377363 ], [ 40.548075, 39.414054 ] ] } },
{ "type": "Feature", "properties": { "catalog_name": "SHARE" }, "geometry": { "type": "LineString", "coordinates": [ [ 40.548554, 39.422673 ], [ 40.333532, 39.490158 ], [ 40.101897, 39.542017 ], [ 39.649104, 39.671296 ] ] } },
{ "type": "Feature", "properties": { "catalog_name": "SHARE" }, "geometry": { "type": "LineString", "coordinates": [ [ 39.785061, 39.669569 ], [ 39.498067, 39.779541 ], [ 39.307989, 39.886752 ], [ 39.190097, 39.890921 ], [ 38.967121, 39.95056 ], [ 38.513259, 40.05217 ], [ 38.192278, 40.168431 ], [ 37.858031, 40.261471 ], [ 37.063686, 40.449582 ], [ 36.970443, 40.505879 ], [ 36.733923, 40.526127 ], [ 36.619704, 40.551919 ], [ 36.501654, 40.539536 ], [ 36.147582, 40.576614 ], [ 36.029479, 40.564287 ], [ 35.791413, 40.559859 ] ] } },
{ "type": "Feature", "properties": { "catalog_name": "SHARE" }, "geometry": { "type": "LineString", "coordinates": [ [ 35.78411, 40.541066 ], [ 34.702239, 40.193987 ], [ 34.093737, 39.927279 ] ] } },
{ "type": "Feature", "properties": { "catalog_name": "SHARE" }, "geometry": { "type": "LineString", "coordinates": [ [ 37.356271, 40.50771 ], [ 37.250035, 40.550427 ], [ 36.999465, 40.583316 ], [ 36.880976, 40.618566 ], [ 36.658349, 40.712533 ] ] } },
{ "type": "Feature", "properties": { "catalog_name": "SHARE" }, "geometry": { "type": "LineString", "coordinates": [ [ 36.650778, 40.725816 ], [ 36.367177, 40.799211 ], [ 36.042527, 40.902231 ], [ 35.927033, 40.918779 ], [ 35.824856, 40.962766 ], [ 35.499727, 41.066298 ], [ 35.387511, 41.093448 ], [ 35.151799, 41.097154 ], [ 34.799328, 41.119099 ], [ 34.682705, 41.106 ], [ 34.5663, 41.120169 ], [ 34.448466, 41.123731 ], [ 34.337251, 41.094232 ], [ 33.870245, 41.046116 ], [ 33.179131, 40.93659 ] ] } },
{ "type": "Feature", "properties": { "catalog_name": "SHARE" }, "geometry": { "type": "LineString", "coordinates": [ [ 33.260211, 40.958435 ], [ 32.131657, 40.792008 ], [ 31.791679, 40.731199 ], [ 31.684143, 40.697325 ], [ 31.569798, 40.680769 ], [ 31.347148, 40.629567 ] ] } },
{ "type": "Feature", "properties": { "catalog_name": "SHARE" }, "geometry": { "type": "LineString", "coordinates": [ [ 31.509552, 40.694574 ], [ 31.31976, 40.627628 ], [ 31.115084, 40.580229 ], [ 31.00917, 40.568936 ] ] } },
{ "type": "Feature", "properties": { "catalog_name": "SHARE" }, "geometry": { "type": "LineString", "coordinates": [ [ 31.134696, 40.595308 ], [ 31.016651, 40.57484 ], [ 30.772579, 40.577053 ], [ 30.417031, 40.645341 ] ] } },
{ "type": "Feature", "properties": { "catalog_name": "SHARE" }, "geometry": { "type": "LineString", "coordinates": [ [ 31.487129, 40.7325 ], [ 31.408655, 40.75578 ], [ 31.293759, 40.775016 ], [ 31.176091, 40.773377 ], [ 31.061257, 40.753943 ], [ 30.943611, 40.7546 ] ] } },
{ "type": "Feature", "properties": { "catalog_name": "SHARE" }, "geometry": { "type": "LineString", "coordinates": [ [ 31.518118, 40.718164 ], [ 31.437239, 40.718187 ] ] } },
{ "type": "Feature", "properties": { "catalog_name": "SHARE" }, "geometry": { "type": "LineString", "coordinates": [ [ 30.970459, 40.779083 ], [ 30.728272, 40.696986 ], [ 30.611161, 40.685999 ], [ 30.497906, 40.711151 ], [ 30.262779, 40.725372 ], [ 30.026666, 40.723943 ], [ 29.791993, 40.705459 ], [ 29.681251, 40.736457 ], [ 29.3275, 40.7259 ] ] } },
{ "type": "Feature", "properties": { "catalog_name": "SHARE" }, "geometry": { "type": "LineString", "coordinates": [ [ 29.2279, 40.7157 ], [ 28.914582, 40.857118 ], [ 28.7926, 40.875073 ], [ 28.544518, 40.863614 ], [ 28.298014, 40.839979 ], [ 28.0563, 40.7968 ] ] } },
{ "type": "Feature", "properties": { "catalog_name": "SHARE" }, "geometry": { "type": "LineString", "coordinates": [ [ 29.4575, 40.7157 ], [ 28.934885, 40.643852 ], [ 28.861882, 40.710007 ], [ 28.7511, 40.7298 ] ] } },
{ "type": "Feature", "properties": { "catalog_name": "SHARE" }, "geometry": { "type": "LineString", "coordinates": [ [ 29.0356, 40.6454 ], [ 28.713889, 40.531665 ], [ 28.595546, 40.556254 ], [ 28.2957, 40.7189 ] ] } },
{ "type": "Feature", "properties": { "catalog_name": "SHARE" }, "geometry": { "type": "LineString", "coordinates": [ [ 26.124159, 40.466192 ], [ 25.932812, 40.38198 ], [ 25.859048, 40.317778 ], [ 25.800556, 40.245041 ] ] } },
{ "type": "Feature", "properties": { "catalog_name": "SHARE" }, "geometry": { "type": "LineString", "coordinates": [ [ 25.782, 40.2861 ], [ 25.564442, 40.231983 ], [ 25.24364, 40.13174 ] ] } },
{ "type": "Feature", "properties": { "catalog_name": "SHARE" }, "geometry": { "type": "LineString", "coordinates": [ [ 30.677867, 40.559991 ], [ 30.226439, 40.475729 ], [ 30.114548, 40.443985 ], [ 29.642851, 40.388236 ], [ 29.523769, 40.382936 ], [ 29.288836, 40.414705 ], [ 29.050486, 40.424473 ] ] } },
{ "type": "Feature", "properties": { "catalog_name": "SHARE" }, "geometry": { "type": "LineString", "coordinates": [ [ 29.0782, 40.3946 ], [ 28.967527, 40.404676 ], [ 28.860915, 40.436058 ], [ 28.74839, 40.451512 ], [ 28.406589, 40.474277 ], [ 27.957, 40.4104 ] ] } },
{ "type": "Feature", "properties": { "catalog_name": "SHARE" }, "geometry": { "type": "LineString", "coordinates": [ [ 27.9101, 40.3779 ], [ 27.696729, 40.300284 ], [ 27.584919, 40.269237 ], [ 27.466, 40.2715 ] ] } },
{ "type": "Feature", "properties": { "catalog_name": "SHARE" }, "geometry": { "type": "LineString", "coordinates": [ [ 27.7157, 40.2452 ], [ 27.472408, 40.174731 ], [ 27.2535, 40.0667 ] ] } },
{ "type": "Feature", "properties": { "catalog_name": "SHARE" }, "geometry": { "type": "LineString", "coordinates": [ [ 27.9913, 40.2626 ], [ 28.1144, 40.3135 ] ] } },
{ "type": "Feature", "properties": { "catalog_name": "SHARE" }, "geometry": { "type": "LineString", "coordinates": [ [ 27.1755, 40.072 ], [ 26.985564, 39.999874 ], [ 26.769303, 39.929745 ], [ 26.668225, 39.883852 ], [ 26.584852, 39.820438 ], [ 26.139, 39.7089 ] ] } },
{ "type": "Feature", "properties": { "catalog_name": "SHARE" }, "geometry": { "type": "LineString", "coordinates": [ [ 29.968954, 40.374307 ], [ 29.669849, 40.236226 ], [ 29.447457, 40.160877 ] ] } },
{ "type": "Feature", "properties": { "catalog_name": "SHARE" }, "geometry": { "type": "LineString", "coordinates": [ [ 28.812789, 40.170987 ], [ 29.21268, 40.170228 ] ] } },
{ "type": "Feature", "properties": { "catalog_name": "SHARE" }, "geometry": { "type": "LineString", "coordinates": [ [ 28.4286, 40.0182 ], [ 27.7648, 40.1191 ] ] } },
{ "type": "Feature", "properties": { "catalog_name": "SHARE" }, "geometry": { "type": "LineString", "coordinates": [ [ 27.78658, 40.11124 ], [ 27.574162, 40.067163 ], [ 27.486356, 40.005097 ], [ 27.281866, 39.910654 ], [ 27.163195, 39.901436 ], [ 27.04728, 39.87995 ] ] } },
{ "type": "Feature", "properties": { "catalog_name": "SHARE" }, "geometry": { "type": "LineString", "coordinates": [ [ 26.8073, 39.5697 ], [ 27.4576, 39.8971 ] ] } },
{ "type": "Feature", "properties": { "catalog_name": "SHARE" }, "geometry": { "type": "LineString", "coordinates": [ [ 27.0199, 39.731 ], [ 26.872464, 39.63618 ], [ 26.650786, 39.571408 ], [ 26.201428, 39.457006 ], [ 26.084466, 39.443416 ], [ 25.873721, 39.360678 ], [ 25.649615, 39.303083 ], [ 25.4386, 39.2214 ] ] } },
{ "type": "Feature", "properties": { "catalog_name": "SHARE" }, "geometry": { "type": "LineString", "coordinates": [ [ 27.38658, 39.62084 ], [ 27.53292, 39.66427 ] ] } },
{ "type": "Feature", "properties": { "catalog_name": "SHARE" }, "geometry": { "type": "LineString", "coordinates": [ [ 27.06238, 39.5221 ], [ 27.20693, 39.582777 ] ] } },
{ "type": "Feature", "properties": { "catalog_name": "SHARE" }, "geometry": { "type": "LineString", "coordinates": [ [ 27.57924, 39.88959 ], [ 27.70416, 39.95027 ] ] } },
{ "type": "Feature", "properties": { "catalog_name": "SHARE" }, "geometry": { "type": "LineString", "coordinates": [ [ 28.911, 40.349927 ], [ 29.215426, 40.403475 ] ] } },
{ "type": "Feature", "properties": { "catalog_name": "SHARE" }, "geometry": { "type": "LineString", "coordinates": [ [ 29.386841, 40.219232 ], [ 29.586795, 40.314221 ] ] } },
{ "type": "Feature", "properties": { "catalog_name": "SHARE" }, "geometry": { "type": "LineString", "coordinates": [ [ 28.462543, 40.021253 ], [ 28.803114, 40.190994 ] ] } },
{ "type": "Feature", "properties": { "catalog_name": "SHARE" }, "geometry": { "type": "LineString", "coordinates": [ [ 29.226585, 40.211794 ], [ 29.431945, 40.192324 ] ] } },
{ "type": "Feature", "properties": { "catalog_name": "SHARE" }, "geometry": { "type": "LineString", "coordinates": [ [ 29.157808, 40.268295 ], [ 29.348241, 40.221132 ] ] } },
{ "type": "Feature", "properties": { "catalog_name": "SHARE" }, "geometry": { "type": "LineString", "coordinates": [ [ 27.40078, 39.84557 ], [ 27.56139, 39.92647 ] ] } },
{ "type": "Feature", "properties": { "catalog_name": "SHARE" }, "geometry": { "type": "LineString", "coordinates": [ [ 29.239443, 40.177823 ], [ 29.573587, 40.122883 ] ] } },
{ "type": "Feature", "properties": { "catalog_name": "SHARE" }, "geometry": { "type": "LineString", "coordinates": [ [ 41.130119, 39.317799 ], [ 40.89713, 39.160715 ] ] } },
{ "type": "Feature", "properties": { "catalog_name": "SHARE" }, "geometry": { "type": "LineString", "coordinates": [ [ 40.899976, 39.150928 ], [ 40.828705, 39.097505 ], [ 40.773314, 39.024108 ], [ 40.683273, 38.975729 ], [ 40.613094, 38.910476 ], [ 40.531954, 38.853486 ] ] } },
{ "type": "Feature", "properties": { "catalog_name": "SHARE" }, "geometry": { "type": "LineString", "coordinates": [ [ 40.719843, 38.826068 ], [ 40.536584, 38.739829 ], [ 40.422739, 38.709118 ], [ 40.063362, 38.737644 ] ] } },
{ "type": "Feature", "properties": { "catalog_name": "SHARE" }, "geometry": { "type": "LineString", "coordinates": [ [ 40.0532, 38.777 ], [ 40.1395, 38.8401 ] ] } },
{ "type": "Feature", "properties": { "catalog_name": "SHARE" }, "geometry": { "type": "LineString", "coordinates": [ [ 40.04984, 38.732789 ], [ 39.716837, 38.583499 ], [ 39.591964, 38.557105 ] ] } },
{ "type": "Feature", "properties": { "catalog_name": "SHARE" }, "geometry": { "type": "LineString", "coordinates": [ [ 39.67226, 38.574221 ], [ 39.560696, 38.541867 ], [ 39.233127, 38.421581 ] ] } },
{ "type": "Feature", "properties": { "catalog_name": "SHARE" }, "geometry": { "type": "LineString", "coordinates": [ [ 39.692996, 38.577895 ], [ 39.180743, 38.38943 ] ] } },
{ "type": "Feature", "properties": { "catalog_name": "SHARE" }, "geometry": { "type": "LineString", "coordinates": [ [ 39.151101, 38.356411 ], [ 39.040032, 38.338189 ], [ 38.928945, 38.296784 ], [ 38.734898, 38.178427 ] ] } },
{ "type": "Feature", "properties": { "catalog_name": "SHARE" }, "geometry": { "type": "LineString", "coordinates": [ [ 38.522161, 38.085822 ], [ 38.79379, 38.218827 ] ] } },
{ "type": "Feature", "properties": { "catalog_name": "SHARE" }, "geometry": { "type": "LineString", "coordinates": [ [ 38.510808, 38.045828 ], [ 38.403058, 38.047985 ], [ 38.283674, 38.036037 ], [ 38.181163, 37.986445 ], [ 37.852236, 37.870118 ] ] } },
{ "type": "Feature", "properties": { "catalog_name": "SHARE" }, "geometry": { "type": "LineString", "coordinates": [ [ 37.586561, 37.754935 ], [ 37.412532, 37.62685 ], [ 37.311934, 37.57585 ], [ 37.205671, 37.532758 ], [ 36.982937, 37.465012 ] ] } },
{ "type": "Feature", "properties": { "catalog_name": "SHARE" }, "geometry": { "type": "LineString", "coordinates": [ [ 36.89442, 37.461859 ], [ 36.741986, 37.20118 ], [ 36.674217, 37.131363 ], [ 36.627468, 37.051358 ], [ 36.560409, 36.883198 ], [ 36.473138, 36.721091 ], [ 36.358333, 36.570569 ] ] } },
{ "type": "Feature", "properties": { "catalog_name": "SHARE" }, "geometry": { "type": "LineString", "coordinates": [ [ 36.205103, 36.247098 ], [ 36.113794, 36.118467 ], [ 35.902475, 35.942201 ] ] } },
{ "type": "Feature", "properties": { "catalog_name": "SHARE" }, "geometry": { "type": "LineString", "coordinates": [ [ 36.3637, 36.199 ], [ 36.324893, 35.9535 ], [ 36.3158, 35.7887 ] ] } },
{ "type": "Feature", "properties": { "catalog_name": "SHARE" }, "geometry": { "type": "LineString", "coordinates": [ [ 36.476351, 36.033459 ], [ 36.555533, 36.388235 ], [ 36.631914, 36.653958 ], [ 36.706526, 36.722398 ], [ 36.791919, 36.782253 ] ] } },
{ "type": "Feature", "properties": { "catalog_name": "SHARE" }, "geometry": { "type": "LineString", "coordinates": [ [ 36.5296, 36.2515 ], [ 36.7555, 36.2157 ] ] } },
{ "type": "Feature", "properties": { "catalog_name": "SHARE" }, "geometry": { "type": "LineString", "coordinates": [ [ 39.94083, 38.701199 ], [ 40.081315, 38.803657 ] ] } },
{ "type": "Feature", "properties": { "catalog_name": "SHARE" }, "geometry": { "type": "LineString", "coordinates": [ [ 37.981024, 37.959706 ], [ 37.808764, 37.904154 ], [ 37.733171, 37.848057 ], [ 37.644122, 37.806106 ] ] } },
{ "type": "Feature", "properties": { "catalog_name": "SHARE" }, "geometry": { "type": "LineString", "coordinates": [ [ 37.590572, 37.756351 ], [ 37.741353, 37.836892 ] ] } },
{ "type": "Feature", "properties": { "catalog_name": "SHARE" }, "geometry": { "type": "LineString", "coordinates": [ [ 36.419984, 36.59744 ], [ 36.295054, 36.486003 ], [ 36.263508, 36.40234 ], [ 35.90824, 36.072221 ] ] } },
{ "type": "Feature", "properties": { "catalog_name": "SHARE" }, "geometry": { "type": "LineString", "coordinates": [ [ 36.63743, 36.921763 ], [ 37.061982, 37.050842 ] ] } },
{ "type": "Feature", "properties": { "catalog_name": "SHARE" }, "geometry": { "type": "LineString", "coordinates": [ [ 36.835157, 36.799518 ], [ 37.025482, 36.854785 ] ] } },
{ "type": "Feature", "properties": { "catalog_name": "SHARE" }, "geometry": { "type": "LineString", "coordinates": [ [ 44.138068, 39.020883 ], [ 43.973913, 39.119674 ], [ 43.876214, 39.15236 ], [ 43.57065, 39.224416 ] ] } },
{ "type": "Feature", "properties": { "catalog_name": "SHARE" }, "geometry": { "type": "LineString", "coordinates": [ [ 42.986583, 39.445459 ], [ 42.881925, 39.549521 ], [ 42.683264, 39.662397 ], [ 42.569207, 39.699058 ], [ 42.448576, 39.719974 ], [ 42.215052, 39.782894 ] ] } },
{ "type": "Feature", "properties": { "catalog_name": "SHARE" }, "geometry": { "type": "LineString", "coordinates": [ [ 43.234871, 39.346311 ], [ 43.275745, 39.207969 ] ] } },
{ "type": "Feature", "properties": { "catalog_name": "SHARE" }, "geometry": { "type": "LineString", "coordinates": [ [ 43.322065, 39.27573 ], [ 43.173742, 39.407558 ], [ 43.000007, 39.522754 ] ] } },
{ "type": "Feature", "properties": { "catalog_name": "SHARE" }, "geometry": { "type": "LineString", "coordinates": [ [ 37.2271, 37.6612 ], [ 37.139889, 37.620471 ], [ 36.8201, 37.5968 ] ] } },
{ "type": "Feature", "properties": { "catalog_name": "SHARE" }, "geometry": { "type": "LineString", "coordinates": [ [ 37.1724, 37.6084 ], [ 37.3433, 37.616 ] ] } },
{ "type": "Feature", "properties": { "catalog_name": "SHARE" }, "geometry": { "type": "LineString", "coordinates": [ [ 38.193992, 37.998701 ], [ 38.099138, 37.996623 ], [ 37.887651, 38.022583 ], [ 37.674591, 38.007963 ], [ 37.584954, 37.961927 ], [ 37.37153, 37.973429 ] ] } },
{ "type": "Feature", "properties": { "catalog_name": "SHARE" }, "geometry": { "type": "LineString", "coordinates": [ [ 42.8635, 39.453688 ], [ 42.495338, 39.598783 ], [ 42.385469, 39.6324 ], [ 42.27403, 39.662905 ], [ 42.155943, 39.668413 ], [ 42.05206, 39.712038 ], [ 41.937975, 39.736408 ], [ 41.847451, 39.79516 ], [ 41.542038, 39.935408 ] ] } },
{ "type": "Feature", "properties": { "catalog_name": "SHARE" }, "geometry": { "type": "LineString", "coordinates": [ [ 42.7717, 40.1732 ], [ 41.8572, 39.9352 ] ] } },
{ "type": "Feature", "properties": { "catalog_name": "SHARE" }, "geometry": { "type": "LineString", "coordinates": [ [ 42.1265, 40.0399 ], [ 42.454252, 40.141974 ], [ 42.905, 40.2602 ] ] } },
{ "type": "Feature", "properties": { "catalog_name": "SHARE" }, "geometry": { "type": "LineString", "coordinates": [ [ 42.155721, 39.826644 ], [ 42.380739, 39.889332 ], [ 42.479456, 39.946156 ], [ 42.817357, 40.063016 ], [ 43.14452, 40.197469 ] ] } },
{ "type": "Feature", "properties": { "catalog_name": "SHARE" }, "geometry": { "type": "LineString", "coordinates": [ [ 43.300976, 40.194913 ], [ 43.350231, 40.259423 ], [ 43.483558, 40.404144 ], [ 43.634104, 40.538881 ], [ 43.6954, 40.614056 ], [ 43.859425, 40.848413 ] ] } },
{ "type": "Feature", "properties": { "catalog_name": "SHARE" }, "geometry": { "type": "LineString", "coordinates": [ [ 43.1449, 40.1881 ], [ 42.8898, 40.0677 ] ] } },
{ "type": "Feature", "properties": { "catalog_name": "SHARE" }, "geometry": { "type": "LineString", "coordinates": [ [ 42.547202, 38.99756 ], [ 42.604566, 39.088415 ], [ 42.611344, 39.19202 ] ] } },
{ "type": "Feature", "properties": { "catalog_name": "SHARE" }, "geometry": { "type": "LineString", "coordinates": [ [ 41.557797, 39.180279 ], [ 41.66139, 39.191712 ], [ 41.843584, 39.298763 ], [ 42.182049, 39.344113 ], [ 42.287886, 39.378115 ], [ 42.34124, 39.456558 ] ] } },
{ "type": "Feature", "properties": { "catalog_name": "SHARE" }, "geometry": { "type": "LineString", "coordinates": [ [ 42.832871, 40.645227 ], [ 42.485116, 40.488452 ], [ 42.318459, 40.361328 ], [ 42.163642, 40.225995 ], [ 42.094201, 40.153534 ], [ 41.998051, 40.101958 ] ] } },
{ "type": "Feature", "properties": { "catalog_name": "SHARE" }, "geometry": { "type": "LineString", "coordinates": [ [ 42.08315, 40.189052 ], [ 41.840848, 40.014032 ] ] } },
{ "type": "Feature", "properties": { "catalog_name": "SHARE" }, "geometry": { "type": "LineString", "coordinates": [ [ 42.123336, 40.640051 ], [ 41.944475, 40.557234 ], [ 41.781837, 40.429255 ], [ 41.718584, 40.354379 ], [ 41.496766, 40.041182 ], [ 41.433978, 39.966256 ], [ 41.0576, 39.758 ] ] } },
{ "type": "Feature", "properties": { "catalog_name": "SHARE" }, "geometry": { "type": "LineString", "coordinates": [ [ 42.434823, 40.888943 ], [ 42.182807, 40.697441 ], [ 42.113332, 40.616159 ], [ 42.03443, 40.540048 ], [ 41.928086, 40.486685 ] ] } },
{ "type": "Feature", "properties": { "catalog_name": "SHARE" }, "geometry": { "type": "LineString", "coordinates": [ [ 42.049667, 40.543409 ], [ 41.94813, 40.408152 ], [ 41.913711, 40.329075 ], [ 41.857593, 40.257597 ], [ 41.785071, 40.195347 ] ] } },
{ "type": "Feature", "properties": { "catalog_name": "SHARE" }, "geometry": { "type": "LineString", "coordinates": [ [ 41.724132, 40.282337 ], [ 41.889979, 40.370997 ] ] } },
{ "type": "Feature", "properties": { "catalog_name": "SHARE" }, "geometry": { "type": "LineString", "coordinates": [ [ 42.513453, 39.152767 ], [ 42.1869, 39.154378 ], [ 42.080792, 39.1756 ], [ 41.862477, 39.160525 ] ] } },
{ "type": "Feature", "properties": { "catalog_name": "SHARE" }, "geometry": { "type": "LineString", "coordinates": [ [ 43.250148, 41.086974 ], [ 43.135121, 41.04455 ], [ 43.070794, 40.955455 ], [ 43.028981, 40.859036 ] ] } },
{ "type": "Feature", "properties": { "catalog_name": "SHARE" }, "geometry": { "type": "LineString", "coordinates": [ [ 43.08773, 40.00306 ], [ 43.633499, 39.684762 ], [ 43.721402, 39.619911 ], [ 43.834125, 39.584655 ], [ 44.098753, 39.391414 ] ] } },
{ "type": "Feature", "properties": { "catalog_name": "SHARE" }, "geometry": { "type": "LineString", "coordinates": [ [ 43.544933, 39.786015 ], [ 43.491645, 39.963253 ] ] } },
{ "type": "Feature", "properties": { "catalog_name": "SHARE" }, "geometry": { "type": "LineString", "coordinates": [ [ 43.590598, 39.734727 ], [ 43.777118, 39.706469 ] ] } },
{ "type": "Feature", "properties": { "catalog_name": "SHARE" }, "geometry": { "type": "LineString", "coordinates": [ [ 43.780435, 39.719276 ], [ 43.951291, 39.620282 ], [ 44.050705, 39.575639 ], [ 44.138415, 39.51831 ], [ 44.212172, 39.450333 ], [ 44.297416, 39.390962 ] ] } },
{ "type": "Feature", "properties": { "catalog_name": "SHARE" }, "geometry": { "type": "LineString", "coordinates": [ [ 43.798126, 40.113797 ], [ 44.0482, 39.8254 ] ] } },
{ "type": "Feature", "properties": { "catalog_name": "SHARE" }, "geometry": { "type": "LineString", "coordinates": [ [ 44.08407, 39.739605 ], [ 43.9461, 39.8452 ] ] } },
{ "type": "Feature", "properties": { "catalog_name": "SHARE" }, "geometry": { "type": "LineString", "coordinates": [ [ 44.14, 39.689 ], [ 44.334421, 39.474379 ], [ 44.4972, 39.3534 ] ] } },
{ "type": "Feature", "properties": { "catalog_name": "SHARE" }, "geometry": { "type": "LineString", "coordinates": [ [ 43.528359, 38.988955 ], [ 43.29504, 39.247039 ] ] } },
{ "type": "Feature", "properties": { "catalog_name": "SHARE" }, "geometry": { "type": "LineString", "coordinates": [ [ 43.535161, 39.074688 ], [ 43.586273, 39.020019 ], [ 43.670681, 38.950906 ], [ 43.811574, 38.795084 ] ] } },
{ "type": "Feature", "properties": { "catalog_name": "SHARE" }, "geometry": { "type": "LineString", "coordinates": [ [ 43.960707, 38.992412 ], [ 44.091214, 38.921282 ], [ 44.15537, 38.856876 ], [ 44.231435, 38.800926 ], [ 44.284536, 38.73073 ] ] } },
{ "type": "Feature", "properties": { "catalog_name": "SHARE" }, "geometry": { "type": "LineString", "coordinates": [ [ 42.993287, 38.947651 ], [ 42.81225, 38.85769 ], [ 42.73366, 38.798674 ] ] } },
{ "type": "Feature", "properties": { "catalog_name": "SHARE" }, "geometry": { "type": "LineString", "coordinates": [ [ 42.906538, 38.938165 ], [ 43.102906, 39.085748 ] ] } },
{ "type": "Feature", "properties": { "catalog_name": "SHARE" }, "geometry": { "type": "LineString", "coordinates": [ [ 43.024221, 39.100759 ], [ 43.103092, 39.12669 ] ] } },
{ "type": "Feature", "properties": { "catalog_name": "SHARE" }, "geometry": { "type": "LineString", "coordinates": [ [ 44.985965, 37.002168 ], [ 44.75994, 37.154514 ], [ 44.692161, 37.222254 ], [ 44.44919, 37.39598 ], [ 44.167026, 37.527588 ], [ 44.090275, 37.589253 ], [ 43.989459, 37.622799 ] ] } },
{ "type": "Feature", "properties": { "catalog_name": "SHARE" }, "geometry": { "type": "LineString", "coordinates": [ [ 44.177056, 37.576477 ], [ 44.279181, 37.574956 ], [ 44.453473, 37.473031 ] ] } },
{ "type": "Feature", "properties": { "catalog_name": "SHARE" }, "geometry": { "type": "LineString", "coordinates": [ [ 43.686413, 37.746576 ], [ 44.002809, 37.693977 ] ] } },
{ "type": "Feature", "properties": { "catalog_name": "SHARE" }, "geometry": { "type": "LineString", "coordinates": [ [ 44.49186, 38.465155 ], [ 44.423748, 38.400662 ], [ 44.036548, 38.079161 ], [ 43.847916, 37.757841 ] ] } },
{ "type": "Feature", "properties": { "catalog_name": "SHARE" }, "geometry": { "type": "LineString", "coordinates": [ [ 43.298758, 38.293867 ], [ 43.011243, 38.266689 ], [ 42.90199, 38.278879 ], [ 42.936427, 38.450005 ], [ 42.85906, 38.511947 ], [ 42.753502, 38.485868 ], [ 42.64286, 38.487974 ], [ 42.426813, 38.525881 ] ] } },
{ "type": "Feature", "properties": { "catalog_name": "SHARE" }, "geometry": { "type": "LineString", "coordinates": [ [ 42.81906, 38.625016 ], [ 43.073594, 38.540464 ] ] } },
{ "type": "Feature", "properties": { "catalog_name": "SHARE" }, "geometry": { "type": "LineString", "coordinates": [ [ 42.607745, 38.701501 ], [ 42.819535, 38.731125 ] ] } },
{ "type": "Feature", "properties": { "catalog_name": "SHARE" }, "geometry": { "type": "LineString", "coordinates": [ [ 43.443013, 38.542997 ], [ 43.313497, 38.533182 ] ] } },
{ "type": "Feature", "properties": { "catalog_name": "SHARE" }, "geometry": { "type": "LineString", "coordinates": [ [ 43.283499, 38.649044 ], [ 43.408117, 38.544114 ] ] } },
{ "type": "Feature", "properties": { "catalog_name": "SHARE" }, "geometry": { "type": "LineString", "coordinates": [ [ 42.00191, 38.68563 ], [ 41.643423, 38.914153 ], [ 41.545561, 38.964739 ], [ 41.3174, 38.9209 ] ] } },
{ "type": "Feature", "properties": { "catalog_name": "SHARE" }, "geometry": { "type": "LineString", "coordinates": [ [ 42.735548, 40.902955 ], [ 42.509657, 40.7197 ], [ 42.402176, 40.679385 ], [ 42.34283, 40.600409 ], [ 42.141778, 40.374559 ] ] } },
{ "type": "Feature", "properties": { "catalog_name": "SHARE" }, "geometry": { "type": "LineString", "coordinates": [ [ 42.662374, 41.225774 ], [ 42.54594, 41.114373 ], [ 42.270116, 40.935907 ], [ 42.192494, 40.865825 ], [ 42.125438, 40.789806 ], [ 41.94062, 40.672341 ], [ 41.776766, 40.538515 ], [ 41.705704, 40.464801 ], [ 41.620296, 40.400559 ], [ 41.529543, 40.231404 ], [ 41.475679, 40.149793 ], [ 41.340386, 39.999144 ] ] } },
{ "type": "Feature", "properties": { "catalog_name": "SHARE" }, "geometry": { "type": "LineString", "coordinates": [ [ 41.08435, 40.12328 ], [ 40.597956, 39.863616 ], [ 40.506794, 39.804942 ], [ 40.38916, 39.81826 ] ] } },
{ "type": "Feature", "properties": { "catalog_name": "SHARE" }, "geometry": { "type": "LineString", "coordinates": [ [ 42.83498, 41.572348 ], [ 42.552058, 41.382034 ] ] } },
{ "type": "Feature", "properties": { "catalog_name": "SHARE" }, "geometry": { "type": "LineString", "coordinates": [ [ 42.739777, 41.490212 ], [ 42.35557, 41.192416 ] ] } },
{ "type": "Feature", "properties": { "catalog_name": "SHARE" }, "geometry": { "type": "LineString", "coordinates": [ [ 42.809446, 41.589092 ], [ 42.743381, 41.534122 ], [ 42.580701, 41.440602 ] ] } },
{ "type": "Feature", "properties": { "catalog_name": "SHARE" }, "geometry": { "type": "LineString", "coordinates": [ [ 42.571154, 41.555583 ], [ 42.503285, 41.438592 ], [ 42.392334, 41.411255 ], [ 42.294012, 41.364065 ], [ 42.231414, 41.290183 ], [ 42.125648, 41.253447 ], [ 42.026455, 41.207587 ], [ 41.939877, 41.149086 ], [ 41.738376, 41.061781 ] ] } },
{ "type": "Feature", "properties": { "catalog_name": "SHARE" }, "geometry": { "type": "LineString", "coordinates": [ [ 41.600146, 40.971608 ], [ 41.524507, 40.814587 ], [ 41.457886, 40.738021 ], [ 41.146309, 40.597364 ], [ 41.049832, 40.542252 ], [ 40.97345, 40.471294 ], [ 40.625654, 40.397116 ], [ 40.385838, 40.382798 ], [ 39.81139, 40.247426 ], [ 39.578316, 40.203098 ] ] } },
{ "type": "Feature", "properties": { "catalog_name": "SHARE" }, "geometry": { "type": "LineString", "coordinates": [ [ 41.640516, 40.810836 ], [ 41.836471, 40.994042 ] ] } },
{ "type": "Feature", "properties": { "catalog_name": "SHARE" }, "geometry": { "type": "LineString", "coordinates": [ [ 40.30928, 40.274497 ], [ 39.874294, 40.184197 ], [ 39.54739, 40.096836 ], [ 39.435603, 40.11868 ], [ 39.321204, 40.107161 ], [ 39.210573, 40.082165 ] ] } },
{ "type": "Feature", "properties": { "catalog_name": "SHARE" }, "geometry": { "type": "LineString", "coordinates": [ [ 42.937939, 40.991454 ], [ 43.12333, 41.219984 ], [ 43.213388, 41.281346 ] ] } },
{ "type": "Feature", "properties": { "catalog_name": "SHARE" }, "geometry": { "type": "LineString", "coordinates": [ [ 42.831678, 41.141016 ], [ 42.91685, 41.174015 ], [ 43.012816, 41.227253 ], [ 43.080103, 41.301347 ] ] } },
{ "type": "Feature", "properties": { "catalog_name": "SHARE" }, "geometry": { "type": "LineString", "coordinates": [ [ 42.634199, 41.063489 ], [ 42.864318, 41.285746 ] ] } },
{ "type": "Feature", "properties": { "catalog_name": "SHARE" }, "geometry": { "type": "LineString", "coordinates": [ [ 41.223996, 39.273117 ], [ 41.454821, 39.112823 ] ] } },
{ "type": "Feature", "properties": { "catalog_name": "SHARE" }, "geometry": { "type": "LineString", "coordinates": [ [ 41.224428, 39.262897 ], [ 41.130743, 39.317817 ] ] } },
{ "type": "Feature", "properties": { "catalog_name": "SHARE" }, "geometry": { "type": "LineString", "coordinates": [ [ 38.642876, 37.305538 ], [ 38.538336, 37.339435 ], [ 38.345201, 37.45198 ], [ 38.235, 37.489434 ], [ 37.780457, 37.611791 ] ] } },
{ "type": "Feature", "properties": { "catalog_name": "SHARE" }, "geometry": { "type": "LineString", "coordinates": [ [ 44.4728, 37.1013 ], [ 43.936912, 37.608483 ], [ 43.826292, 37.604206 ], [ 43.646597, 37.501746 ], [ 43.536375, 37.494591 ], [ 42.8962, 37.6347 ] ] } },
{ "type": "Feature", "properties": { "catalog_name": "SHARE" }, "geometry": { "type": "LineString", "coordinates": [ [ 42.9551, 37.8942 ], [ 42.51632, 37.877263 ], [ 41.808089, 38.125674 ], [ 41.2756, 38.2489 ] ] } },
{ "type": "Feature", "properties": { "catalog_name": "SHARE" }, "geometry": { "type": "LineString", "coordinates": [ [ 41.3329, 38.3644 ], [ 41.052053, 38.467166 ], [ 40.95232, 38.494085 ], [ 40.7439, 38.5198 ] ] } },
{ "type": "Feature", "properties": { "catalog_name": "SHARE" }, "geometry": { "type": "LineString", "coordinates": [ [ 40.7471, 38.5208 ], [ 40.499443, 38.512317 ], [ 40.2581, 38.4646 ] ] } },
{ "type": "Feature", "properties": { "catalog_name": "SHARE" }, "geometry": { "type": "LineString", "coordinates": [ [ 40.1337, 38.5866 ], [ 39.946562, 38.513567 ], [ 39.8517, 38.459576 ], [ 39.790485, 38.381295 ], [ 39.692869, 38.330614 ], [ 39.486074, 38.244842 ], [ 39.377106, 38.211661 ], [ 39.143604, 38.217738 ], [ 39.030825, 38.193763 ], [ 38.930813, 38.146368 ], [ 38.508306, 37.990831 ], [ 38.3922, 37.983469 ], [ 38.275865, 37.988084 ] ] } },
{ "type": "Feature", "properties": { "catalog_name": "SHARE" }, "geometry": { "type": "LineString", "coordinates": [ [ 41.128057, 38.73886 ], [ 41.342473, 38.591168 ], [ 41.461773, 38.595227 ], [ 41.578437, 38.575359 ], [ 41.686056, 38.535007 ], [ 41.759946, 38.461747 ], [ 41.87276, 38.43167 ], [ 41.979539, 38.390312 ] ] } },
{ "type": "Feature", "properties": { "catalog_name": "SHARE" }, "geometry": { "type": "LineString", "coordinates": [ [ 43.502479, 38.374529 ], [ 43.412028, 38.333667 ], [ 43.301741, 38.333335 ], [ 43.193483, 38.349915 ] ] } },
{ "type": "Feature", "properties": { "catalog_name": "SHARE" }, "geometry": { "type": "LineString", "coordinates": [ [ 35.249559, 38.195854 ], [ 35.174086, 38.056749 ], [ 35.11264, 37.886375 ], [ 35.021376, 37.724634 ], [ 35.002909, 37.637244 ], [ 34.968858, 37.552846 ], [ 34.886902, 37.492631 ], [ 34.831358, 37.415776 ], [ 34.764373, 37.246761 ] ] } },
{ "type": "Feature", "properties": { "catalog_name": "SHARE" }, "geometry": { "type": "LineString", "coordinates": [ [ 34.820949, 37.491247 ], [ 34.748197, 37.457916 ], [ 34.658865, 37.392473 ], [ 34.555543, 37.341752 ], [ 34.473346, 37.270751 ], [ 34.271971, 37.163295 ] ] } },
{ "type": "Feature", "properties": { "catalog_name": "SHARE" }, "geometry": { "type": "LineString", "coordinates": [ [ 33.195619, 39.270082 ], [ 33.417045, 39.098838 ], [ 33.446485, 39.011527 ], [ 33.537837, 38.955816 ], [ 33.60568, 38.882605 ], [ 33.624351, 38.793529 ], [ 33.817876, 38.568822 ], [ 33.885629, 38.495765 ], [ 34.108214, 38.288752 ], [ 34.315785, 38.072662 ], [ 34.377674, 37.996703 ], [ 34.57587, 37.906384 ], [ 34.655156, 37.841351 ], [ 34.757389, 37.801048 ], [ 34.871561, 37.79833 ], [ 34.982652, 37.819366 ] ] } },
{ "type": "Feature", "properties": { "catalog_name": "SHARE" }, "geometry": { "type": "LineString", "coordinates": [ [ 40.552042, 38.812422 ], [ 40.482984, 38.883174 ], [ 40.404878, 38.948178 ] ] } },
{ "type": "Feature", "properties": { "catalog_name": "SHARE" }, "geometry": { "type": "LineString", "coordinates": [ [ 40.450021, 38.964588 ], [ 40.355221, 38.979436 ], [ 40.253488, 39.012158 ], [ 40.145771, 39.03002 ], [ 40.046782, 39.067606 ] ] } },
{ "type": "Feature", "properties": { "catalog_name": "SHARE" }, "geometry": { "type": "LineString", "coordinates": [ [ 40.119295, 39.071187 ], [ 40.021817, 39.078228 ], [ 39.814193, 39.161202 ], [ 39.702616, 39.188148 ], [ 39.587086, 39.20198 ], [ 39.470241, 39.205153 ], [ 39.356869, 39.22735 ] ] } },
{ "type": "Feature", "properties": { "catalog_name": "SHARE" }, "geometry": { "type": "LineString", "coordinates": [ [ 40.240246, 38.906461 ], [ 40.108958, 39.016501 ] ] } },
{ "type": "Feature", "properties": { "catalog_name": "SHARE" }, "geometry": { "type": "LineString", "coordinates": [ [ 40.072506, 39.022572 ], [ 40.202307, 38.92778 ] ] } },
{ "type": "Feature", "properties": { "catalog_name": "SHARE" }, "geometry": { "type": "LineString", "coordinates": [ [ 40.102565, 38.990256 ], [ 40.148981, 38.926864 ], [ 40.226754, 38.885344 ] ] } },
{ "type": "Feature", "properties": { "catalog_name": "SHARE" }, "geometry": { "type": "LineString", "coordinates": [ [ 40.274203, 38.929586 ], [ 40.148593, 39.008996 ] ] } },
{ "type": "Feature", "properties": { "catalog_name": "SHARE" }, "geometry": { "type": "LineString", "coordinates": [ [ 40.550672, 38.930031 ], [ 40.510142, 38.996366 ], [ 40.428995, 39.047216 ], [ 40.324837, 39.051361 ] ] } },
{ "type": "Feature", "properties": { "catalog_name": "SHARE" }, "geometry": { "type": "LineString", "coordinates": [ [ 40.385017, 40.105586 ], [ 40.215538, 40.018593 ], [ 40.111944, 39.985413 ], [ 40.003165, 39.964217 ], [ 39.669417, 39.931726 ], [ 39.563349, 39.903785 ], [ 39.453768, 39.88562 ], [ 39.341732, 39.882898 ] ] } },
{ "type": "Feature", "properties": { "catalog_name": "SHARE" }, "geometry": { "type": "LineString", "coordinates": [ [ 33.178306, 39.372912 ], [ 33.059213, 39.471634 ] ] } },
{ "type": "Feature", "properties": { "catalog_name": "SHARE" }, "geometry": { "type": "LineString", "coordinates": [ [ 40.861286, 39.156736 ], [ 40.871647, 39.255205 ], [ 40.79787, 39.34109 ] ] } },
{ "type": "Feature", "properties": { "catalog_name": "SHARE" }, "geometry": { "type": "LineString", "coordinates": [ [ 40.773611, 39.084276 ], [ 40.723462, 39.197752 ] ] } },
{ "type": "Feature", "properties": { "catalog_name": "SHARE" }, "geometry": { "type": "LineString", "coordinates": [ [ 40.434182, 38.656915 ], [ 40.601626, 38.570476 ], [ 40.69686, 38.545709 ] ] } },
{ "type": "Feature", "properties": { "catalog_name": "SHARE" }, "geometry": { "type": "LineString", "coordinates": [ [ 40.612882, 39.173164 ], [ 40.465657, 39.03517 ] ] } },
{ "type": "Feature", "properties": { "catalog_name": "SHARE" }, "geometry": { "type": "LineString", "coordinates": [ [ 40.517507, 39.10865 ], [ 40.523958, 39.167805 ] ] } },
{ "type": "Feature", "properties": { "catalog_name": "SHARE" }, "geometry": { "type": "LineString", "coordinates": [ [ 40.689559, 39.137268 ], [ 40.681313, 39.067554 ], [ 40.622828, 39.009328 ] ] } },
{ "type": "Feature", "properties": { "catalog_name": "SHARE" }, "geometry": { "type": "LineString", "coordinates": [ [ 40.704929, 39.337984 ], [ 40.493825, 39.159679 ], [ 40.428645, 39.092603 ] ] } },
{ "type": "Feature", "properties": { "catalog_name": "SHARE" }, "geometry": { "type": "LineString", "coordinates": [ [ 40.498497, 39.166092 ], [ 40.301226, 39.087321 ], [ 40.18141, 39.077055 ] ] } },
{ "type": "Feature", "properties": { "catalog_name": "SHARE" }, "geometry": { "type": "LineString", "coordinates": [ [ 39.737265, 39.526599 ], [ 39.827896, 39.545266 ] ] } },
{ "type": "Feature", "properties": { "catalog_name": "SHARE" }, "geometry": { "type": "LineString", "coordinates": [ [ 39.6811, 39.48208 ], [ 39.72825, 39.51455 ] ] } },
{ "type": "Feature", "properties": { "catalog_name": "SHARE" }, "geometry": { "type": "LineString", "coordinates": [ [ 39.55835, 39.40202 ], [ 39.66821, 39.47585 ] ] } },
{ "type": "Feature", "properties": { "catalog_name": "SHARE" }, "geometry": { "type": "LineString", "coordinates": [ [ 39.682123, 39.529128 ], [ 39.582806, 39.515569 ], [ 39.253071, 39.409422 ], [ 38.835953, 39.23304 ] ] } },
{ "type": "Feature", "properties": { "catalog_name": "SHARE" }, "geometry": { "type": "LineString", "coordinates": [ [ 39.296921, 39.34274 ], [ 39.203653, 39.3492 ], [ 39.112328, 39.305554 ], [ 39.028974, 39.253277 ] ] } },
{ "type": "Feature", "properties": { "catalog_name": "SHARE" }, "geometry": { "type": "LineString", "coordinates": [ [ 39.396372, 39.474551 ], [ 39.453127, 39.52823 ] ] } },
{ "type": "Feature", "properties": { "catalog_name": "SHARE" }, "geometry": { "type": "LineString", "coordinates": [ [ 38.349398, 38.968111 ], [ 38.663232, 39.158867 ] ] } },
{ "type": "Feature", "properties": { "catalog_name": "SHARE" }, "geometry": { "type": "LineString", "coordinates": [ [ 38.383014, 39.477716 ], [ 38.426519, 39.430902 ], [ 38.409487, 39.348745 ], [ 38.417501, 39.265772 ], [ 38.400666, 39.183594 ], [ 38.328704, 39.026981 ] ] } },
{ "type": "Feature", "properties": { "catalog_name": "SHARE" }, "geometry": { "type": "LineString", "coordinates": [ [ 38.327007, 39.094932 ], [ 38.131679, 38.599878 ], [ 38.071502, 38.522064 ], [ 37.87326, 38.193325 ], [ 37.79202, 38.128605 ], [ 37.696916, 38.07695 ], [ 37.592881, 38.03747 ], [ 37.494848, 37.989473 ] ] } },
{ "type": "Feature", "properties": { "catalog_name": "SHARE" }, "geometry": { "type": "LineString", "coordinates": [ [ 38.895973, 39.232535 ], [ 38.783915, 39.190144 ], [ 38.656466, 39.170501 ], [ 38.526761, 39.16471 ], [ 38.411318, 39.118568 ] ] } },
{ "type": "Feature", "properties": { "catalog_name": "SHARE" }, "geometry": { "type": "LineString", "coordinates": [ [ 39.464343, 39.658309 ], [ 39.514379, 39.72929 ] ] } },
{ "type": "Feature", "properties": { "catalog_name": "SHARE" }, "geometry": { "type": "LineString", "coordinates": [ [ 35.993625, 39.157061 ], [ 36.276868, 39.324166 ], [ 36.345101, 39.400837 ], [ 36.464423, 39.413565 ], [ 36.682749, 39.492484 ], [ 37.031693, 39.566683 ] ] } },
{ "type": "Feature", "properties": { "catalog_name": "SHARE" }, "geometry": { "type": "LineString", "coordinates": [ [ 35.897741, 39.015285 ], [ 36.081076, 39.121437 ], [ 36.313581, 39.163125 ], [ 36.652331, 39.253357 ], [ 37.061018, 39.44611 ], [ 37.156106, 39.502483 ] ] } },
{ "type": "Feature", "properties": { "catalog_name": "SHARE" }, "geometry": { "type": "LineString", "coordinates": [ [ 36.797487, 39.315613 ], [ 37.086328, 39.406271 ], [ 37.523398, 39.518734 ], [ 37.752941, 39.500637 ], [ 37.867038, 39.513866 ], [ 37.978522, 39.536895 ] ] } },
{ "type": "Feature", "properties": { "catalog_name": "SHARE" }, "geometry": { "type": "LineString", "coordinates": [ [ 35.683728, 39.375736 ], [ 36.068182, 39.713438 ], [ 36.158521, 39.770799 ], [ 36.260037, 39.815877 ] ] } },
{ "type": "Feature", "properties": { "catalog_name": "SHARE" }, "geometry": { "type": "LineString", "coordinates": [ [ 35.461623, 39.42414 ], [ 35.232792, 39.264526 ] ] } },
{ "type": "Feature", "properties": { "catalog_name": "SHARE" }, "geometry": { "type": "LineString", "coordinates": [ [ 36.059192, 39.663238 ], [ 36.215183, 39.749875 ], [ 36.334426, 39.762746 ], [ 36.433449, 39.815462 ], [ 36.545957, 39.848695 ], [ 36.77452, 39.907505 ], [ 37.129728, 39.961598 ] ] } },
{ "type": "Feature", "properties": { "catalog_name": "SHARE" }, "geometry": { "type": "LineString", "coordinates": [ [ 36.397977, 39.763886 ], [ 36.489396, 39.790712 ], [ 36.577273, 39.827298 ], [ 36.675973, 39.839589 ] ] } },
{ "type": "Feature", "properties": { "catalog_name": "SHARE" }, "geometry": { "type": "LineString", "coordinates": [ [ 36.236499, 39.878689 ], [ 36.023916, 39.799392 ], [ 35.928393, 39.745952 ] ] } },
{ "type": "Feature", "properties": { "catalog_name": "SHARE" }, "geometry": { "type": "LineString", "coordinates": [ [ 35.869338, 39.692266 ], [ 35.791838, 39.676323 ] ] } },
{ "type": "Feature", "properties": { "catalog_name": "SHARE" }, "geometry": { "type": "LineString", "coordinates": [ [ 35.832207, 39.711562 ], [ 35.719192, 39.656169 ], [ 35.594678, 39.615638 ] ] } },
{ "type": "Feature", "properties": { "catalog_name": "SHARE" }, "geometry": { "type": "LineString", "coordinates": [ [ 35.65987, 39.699951 ], [ 35.475049, 39.625829 ], [ 35.417989, 39.551809 ], [ 35.332471, 39.496477 ], [ 35.117116, 39.298939 ] ] } },
{ "type": "Feature", "properties": { "catalog_name": "SHARE" }, "geometry": { "type": "LineString", "coordinates": [ [ 35.138286, 38.044905 ], [ 35.118606, 38.222887 ], [ 35.058905, 38.498207 ], [ 35.185112, 38.656169 ], [ 35.273549, 38.718668 ], [ 35.76242, 38.986703 ] ] } },
{ "type": "Feature", "properties": { "catalog_name": "SHARE" }, "geometry": { "type": "LineString", "coordinates": [ [ 35.495702, 38.37582 ], [ 35.351253, 38.078828 ] ] } },
{ "type": "Feature", "properties": { "catalog_name": "SHARE" }, "geometry": { "type": "LineString", "coordinates": [ [ 35.905607, 38.968269 ], [ 35.59336, 38.734553 ] ] } },
{ "type": "Feature", "properties": { "catalog_name": "SHARE" }, "geometry": { "type": "LineString", "coordinates": [ [ 35.153811, 38.81755 ], [ 34.876773, 38.730685 ] ] } },
{ "type": "Feature", "properties": { "catalog_name": "SHARE" }, "geometry": { "type": "LineString", "coordinates": [ [ 35.107896, 38.891168 ], [ 35.223079, 38.886507 ], [ 35.33678, 38.906441 ] ] } },
{ "type": "Feature", "properties": { "catalog_name": "SHARE" }, "geometry": { "type": "LineString", "coordinates": [ [ 35.291444, 38.812675 ], [ 35.560654, 38.984225 ], [ 35.948353, 39.191657 ], [ 36.103218, 39.329371 ], [ 36.276446, 39.453834 ] ] } },
{ "type": "Feature", "properties": { "catalog_name": "SHARE" }, "geometry": { "type": "LineString", "coordinates": [ [ 36.359013, 39.442152 ], [ 36.436968, 39.584556 ], [ 36.622885, 39.67866 ], [ 36.837876, 39.72328 ], [ 36.935893, 39.764025 ], [ 37.120824, 39.859856 ] ] } },
{ "type": "Feature", "properties": { "catalog_name": "SHARE" }, "geometry": { "type": "LineString", "coordinates": [ [ 36.907694, 39.705476 ], [ 37.036821, 39.705285 ], [ 37.223158, 39.849509 ] ] } },
{ "type": "Feature", "properties": { "catalog_name": "SHARE" }, "geometry": { "type": "LineString", "coordinates": [ [ 37.065455, 39.82753 ], [ 37.248815, 39.889978 ], [ 37.359605, 39.918745 ], [ 37.592616, 39.932009 ], [ 37.709444, 39.927022 ], [ 37.822483, 39.903913 ], [ 37.939172, 39.897802 ], [ 38.167793, 39.860081 ] ] } },
{ "type": "Feature", "properties": { "catalog_name": "SHARE" }, "geometry": { "type": "LineString", "coordinates": [ [ 35.68204, 39.10037 ], [ 36.04815, 39.41218 ] ] } },
{ "type": "Feature", "properties": { "catalog_name": "SHARE" }, "geometry": { "type": "LineString", "coordinates": [ [ 35.52989, 39.0178 ], [ 35.38851, 38.9531 ] ] } },
{ "type": "Feature", "properties": { "catalog_name": "SHARE" }, "geometry": { "type": "LineString", "coordinates": [ [ 35.414718, 39.096832 ], [ 34.895518, 39.266432 ] ] } },
{ "type": "Feature", "properties": { "catalog_name": "SHARE" }, "geometry": { "type": "LineString", "coordinates": [ [ 32.941432, 38.658897 ], [ 32.834304, 38.684492 ], [ 32.730399, 38.721869 ], [ 32.256114, 38.97231 ], [ 32.168804, 39.030346 ], [ 31.887926, 39.186038 ] ] } },
{ "type": "Feature", "properties": { "catalog_name": "SHARE" }, "geometry": { "type": "LineString", "coordinates": [ [ 32.407887, 38.86846 ], [ 32.309523, 38.893277 ], [ 32.213273, 38.932482 ], [ 32.169394, 39.009827 ] ] } },
{ "type": "Feature", "properties": { "catalog_name": "SHARE" }, "geometry": { "type": "LineString", "coordinates": [ [ 32.84538, 38.76466 ], [ 32.743172, 38.85249 ], [ 32.656308, 38.906932 ], [ 32.586013, 38.974366 ], [ 32.40405, 39.075172 ], [ 32.161404, 39.255194 ], [ 32.087319, 39.320374 ], [ 32.02311, 39.39159 ] ] } },
{ "type": "Feature", "properties": { "catalog_name": "SHARE" }, "geometry": { "type": "LineString", "coordinates": [ [ 32.981385, 38.845585 ], [ 32.897083, 38.964544 ], [ 32.704134, 39.068813 ], [ 32.543201, 39.202213 ], [ 32.077327, 39.48293 ] ] } },
{ "type": "Feature", "properties": { "catalog_name": "SHARE" }, "geometry": { "type": "LineString", "coordinates": [ [ 32.031138, 39.252012 ], [ 31.936147, 39.366239 ], [ 31.839818, 39.411511 ], [ 31.763716, 39.475839 ], [ 31.663601, 39.516132 ], [ 31.609282, 39.592539 ], [ 31.395249, 39.648362 ], [ 31.055835, 39.648917 ], [ 30.842699, 39.707609 ] ] } },
{ "type": "Feature", "properties": { "catalog_name": "SHARE" }, "geometry": { "type": "LineString", "coordinates": [ [ 31.797081, 39.292367 ], [ 31.498465, 39.442179 ], [ 30.924923, 39.622417 ] ] } },
{ "type": "Feature", "properties": { "catalog_name": "SHARE" }, "geometry": { "type": "LineString", "coordinates": [ [ 31.211465, 39.875671 ], [ 30.973006, 39.936972 ], [ 30.85206, 39.906584 ], [ 30.737855, 39.8636 ] ] } },
{ "type": "Feature", "properties": { "catalog_name": "SHARE" }, "geometry": { "type": "LineString", "coordinates": [ [ 30.727258, 39.81731 ], [ 30.602254, 39.851829 ], [ 30.471048, 39.876612 ], [ 30.340215, 39.850701 ] ] } },
{ "type": "Feature", "properties": { "catalog_name": "SHARE" }, "geometry": { "type": "LineString", "coordinates": [ [ 30.712493, 39.668302 ], [ 30.524751, 39.731559 ], [ 30.420987, 39.746851 ], [ 30.224873, 39.807559 ] ] } },
{ "type": "Feature", "properties": { "catalog_name": "SHARE" }, "geometry": { "type": "LineString", "coordinates": [ [ 29.979502, 39.917039 ], [ 30.303447, 39.860241 ] ] } },
{ "type": "Feature", "properties": { "catalog_name": "SHARE" }, "geometry": { "type": "LineString", "coordinates": [ [ 30.077573, 39.812599 ], [ 30.245842, 39.814747 ] ] } },
{ "type": "Feature", "properties": { "catalog_name": "SHARE" }, "geometry": { "type": "LineString", "coordinates": [ [ 30.06152, 39.854308 ], [ 29.915017, 39.88797 ], [ 29.803175, 39.904275 ], [ 29.696162, 39.934157 ], [ 29.502813, 40.026477 ], [ 29.417571, 40.084542 ], [ 29.32326, 40.133793 ], [ 29.217282, 40.16646 ] ] } },
{ "type": "Feature", "properties": { "catalog_name": "SHARE" }, "geometry": { "type": "LineString", "coordinates": [ [ 32.255204, 37.749425 ], [ 31.660247, 38.128681 ], [ 31.580278, 38.187691 ], [ 31.375422, 38.390347 ] ] } },
{ "type": "Feature", "properties": { "catalog_name": "SHARE" }, "geometry": { "type": "LineString", "coordinates": [ [ 31.366823, 38.408083 ], [ 31.186415, 38.543464 ], [ 31.073959, 38.586991 ] ] } },
{ "type": "Feature", "properties": { "catalog_name": "SHARE" }, "geometry": { "type": "LineString", "coordinates": [ [ 31.073317, 38.585603 ], [ 30.800322, 38.609122 ] ] } },
{ "type": "Feature", "properties": { "catalog_name": "SHARE" }, "geometry": { "type": "LineString", "coordinates": [ [ 30.334304, 38.710069 ], [ 30.019032, 38.73182 ], [ 29.820998, 38.800826 ] ] } },
{ "type": "Feature", "properties": { "catalog_name": "SHARE" }, "geometry": { "type": "LineString", "coordinates": [ [ 29.770108, 38.786571 ], [ 29.662036, 38.815179 ], [ 29.562668, 38.85958 ], [ 29.479808, 38.921246 ] ] } },
{ "type": "Feature", "properties": { "catalog_name": "SHARE" }, "geometry": { "type": "LineString", "coordinates": [ [ 29.660965, 38.995625 ], [ 29.448206, 38.940402 ], [ 29.33166, 38.943985 ], [ 28.911108, 39.101879 ] ] } },
{ "type": "Feature", "properties": { "catalog_name": "SHARE" }, "geometry": { "type": "LineString", "coordinates": [ [ 28.420788, 39.18864 ], [ 28.90582, 39.108938 ] ] } },
{ "type": "Feature", "properties": { "catalog_name": "SHARE" }, "geometry": { "type": "LineString", "coordinates": [ [ 28.023449, 39.264565 ], [ 28.332585, 39.146565 ] ] } },
{ "type": "Feature", "properties": { "catalog_name": "SHARE" }, "geometry": { "type": "LineString", "coordinates": [ [ 31.59987, 38.38352 ], [ 31.632659, 38.469687 ], [ 31.694125, 38.567794 ] ] } },
{ "type": "Feature", "properties": { "catalog_name": "SHARE" }, "geometry": { "type": "LineString", "coordinates": [ [ 31.589861, 38.67457 ], [ 31.510488, 38.632086 ], [ 31.413677, 38.596342 ], [ 31.328453, 38.647001 ] ] } },
{ "type": "Feature", "properties": { "catalog_name": "SHARE" }, "geometry": { "type": "LineString", "coordinates": [ [ 31.328453, 38.647001 ], [ 31.387913, 38.717393 ], [ 31.438119, 38.793447 ], [ 31.484067, 38.960748 ] ] } },
{ "type": "Feature", "properties": { "catalog_name": "SHARE" }, "geometry": { "type": "LineString", "coordinates": [ [ 43.936689, 38.403067 ], [ 43.939996, 38.320136 ], [ 43.913501, 38.235054 ], [ 43.785329, 38.091767 ] ] } },
{ "type": "Feature", "properties": { "catalog_name": "SHARE" }, "geometry": { "type": "LineString", "coordinates": [ [ 31.211038, 38.718428 ], [ 31.344749, 38.867601 ] ] } },
{ "type": "Feature", "properties": { "catalog_name": "SHARE" }, "geometry": { "type": "LineString", "coordinates": [ [ 31.211038, 38.718428 ], [ 31.099367, 38.775564 ], [ 31.03033, 38.869139 ] ] } },
{ "type": "Feature", "properties": { "catalog_name": "SHARE" }, "geometry": { "type": "LineString", "coordinates": [ [ 30.905416, 39.016974 ], [ 30.923631, 38.940202 ], [ 31.014061, 38.782256 ], [ 30.98967, 38.697908 ] ] } },
{ "type": "Feature", "properties": { "catalog_name": "SHARE" }, "geometry": { "type": "LineString", "coordinates": [ [ 30.980671, 38.692439 ], [ 30.850874, 38.730225 ] ] } },
{ "type": "Feature", "properties": { "catalog_name": "SHARE" }, "geometry": { "type": "LineString", "coordinates": [ [ 30.826131, 38.713168 ], [ 30.62746, 38.759655 ] ] } },
{ "type": "Feature", "properties": { "catalog_name": "SHARE" }, "geometry": { "type": "LineString", "coordinates": [ [ 30.621802, 38.91532 ], [ 30.660984, 38.858915 ] ] } },
{ "type": "Feature", "properties": { "catalog_name": "SHARE" }, "geometry": { "type": "LineString", "coordinates": [ [ 30.5068, 38.923844 ], [ 30.586021, 38.859753 ] ] } },
{ "type": "Feature", "properties": { "catalog_name": "SHARE" }, "geometry": { "type": "LineString", "coordinates": [ [ 30.419456, 38.818091 ], [ 30.557618, 38.706789 ], [ 30.635672, 38.658654 ] ] } },
{ "type": "Feature", "properties": { "catalog_name": "SHARE" }, "geometry": { "type": "LineString", "coordinates": [ [ 30.667973, 38.706047 ], [ 30.795761, 38.646038 ] ] } },
{ "type": "Feature", "properties": { "catalog_name": "SHARE" }, "geometry": { "type": "LineString", "coordinates": [ [ 30.363209, 38.829651 ], [ 30.385959, 38.88921 ] ] } },
{ "type": "Feature", "properties": { "catalog_name": "SHARE" }, "geometry": { "type": "LineString", "coordinates": [ [ 30.352296, 38.817961 ], [ 30.252069, 38.831311 ], [ 30.040627, 38.938117 ] ] } },
{ "type": "Feature", "properties": { "catalog_name": "SHARE" }, "geometry": { "type": "LineString", "coordinates": [ [ 29.949682, 38.951456 ], [ 29.723266, 38.993133 ] ] } },
{ "type": "Feature", "properties": { "catalog_name": "SHARE" }, "geometry": { "type": "LineString", "coordinates": [ [ 29.396042, 39.078365 ], [ 29.51114, 39.045934 ] ] } },
{ "type": "Feature", "properties": { "catalog_name": "SHARE" }, "geometry": { "type": "LineString", "coordinates": [ [ 29.319087, 39.003421 ], [ 29.360585, 39.043173 ] ] } },
{ "type": "Feature", "properties": { "catalog_name": "SHARE" }, "geometry": { "type": "LineString", "coordinates": [ [ 28.739669, 39.163254 ], [ 28.81697, 39.20113 ] ] } },
{ "type": "Feature", "properties": { "catalog_name": "SHARE" }, "geometry": { "type": "LineString", "coordinates": [ [ 28.070327, 39.336419 ], [ 28.351609, 39.252083 ] ] } },
{ "type": "Feature", "properties": { "catalog_name": "SHARE" }, "geometry": { "type": "LineString", "coordinates": [ [ 28.163514, 39.668258 ], [ 28.157554, 39.505115 ], [ 28.052346, 39.337573 ], [ 27.990121, 39.257787 ], [ 27.957908, 39.168002 ], [ 27.823265, 39.013696 ], [ 27.835222, 38.92097 ], [ 27.67261, 38.784217 ] ] } },
{ "type": "Feature", "properties": { "catalog_name": "SHARE" }, "geometry": { "type": "LineString", "coordinates": [ [ 27.682032, 39.43613 ], [ 28.374863, 39.81843 ] ] } },
{ "type": "Feature", "properties": { "catalog_name": "SHARE" }, "geometry": { "type": "LineString", "coordinates": [ [ 27.867323, 39.624878 ], [ 27.543105, 39.616842 ] ] } },
{ "type": "Feature", "properties": { "catalog_name": "SHARE" }, "geometry": { "type": "LineString", "coordinates": [ [ 32.283761, 37.732347 ], [ 32.513688, 38.030024 ], [ 32.59332, 38.0911 ], [ 32.998075, 38.715395 ] ] } },
{ "type": "Feature", "properties": { "catalog_name": "SHARE" }, "geometry": { "type": "LineString", "coordinates": [ [ 33.08911, 38.93714 ], [ 33.105922, 39.114937 ], [ 33.165392, 39.293698 ], [ 33.333413, 39.639488 ], [ 33.46811, 39.89641 ] ] } },
{ "type": "Feature", "properties": { "catalog_name": "SHARE" }, "geometry": { "type": "LineString", "coordinates": [ [ 32.74757, 39.81887 ], [ 32.7162, 39.1843 ] ] } },
{ "type": "Feature", "properties": { "catalog_name": "SHARE" }, "geometry": { "type": "LineString", "coordinates": [ [ 32.917012, 40.263043 ], [ 32.639745, 40.079385 ], [ 32.565355, 40.004888 ], [ 32.37208, 39.765835 ] ] } },
{ "type": "Feature", "properties": { "catalog_name": "SHARE" }, "geometry": { "type": "LineString", "coordinates": [ [ 32.10681, 39.60991 ], [ 32.65965, 40.26804 ] ] } },
{ "type": "Feature", "properties": { "catalog_name": "SHARE" }, "geometry": { "type": "LineString", "coordinates": [ [ 32.789209, 40.556526 ], [ 32.633733, 40.43004 ], [ 32.549135, 40.371408 ], [ 32.248984, 40.245292 ], [ 32.144885, 40.209633 ], [ 31.60871, 40.062415 ] ] } },
{ "type": "Feature", "properties": { "catalog_name": "SHARE" }, "geometry": { "type": "LineString", "coordinates": [ [ 32.265531, 40.394681 ], [ 32.494919, 40.38273 ] ] } },
{ "type": "Feature", "properties": { "catalog_name": "SHARE" }, "geometry": { "type": "LineString", "coordinates": [ [ 31.994023, 40.308773 ], [ 32.20992, 40.282346 ] ] } },
{ "type": "Feature", "properties": { "catalog_name": "SHARE" }, "geometry": { "type": "LineString", "coordinates": [ [ 32.31478, 39.83104 ], [ 32.338933, 39.754379 ], [ 32.377631, 39.668742 ], [ 32.467841, 39.501276 ], [ 32.50433, 39.4151 ] ] } },
{ "type": "Feature", "properties": { "catalog_name": "SHARE" }, "geometry": { "type": "LineString", "coordinates": [ [ 32.9755, 40.00479 ], [ 33.10191, 40.26804 ] ] } },
{ "type": "Feature", "properties": { "catalog_name": "SHARE" }, "geometry": { "type": "LineString", "coordinates": [ [ 33.439188, 40.349504 ], [ 33.397527, 40.186486 ], [ 33.414787, 40.092117 ], [ 33.447697, 40.000224 ], [ 33.371864, 39.924721 ] ] } },
{ "type": "Feature", "properties": { "catalog_name": "SHARE" }, "geometry": { "type": "LineString", "coordinates": [ [ 34.05095, 40.38387 ], [ 33.58893, 40.05415 ] ] } },
{ "type": "Feature", "properties": { "catalog_name": "SHARE" }, "geometry": { "type": "LineString", "coordinates": [ [ 33.481616, 39.774789 ], [ 33.718012, 39.578679 ], [ 34.007725, 39.427835 ], [ 34.095921, 39.369177 ], [ 34.41741, 39.109806 ], [ 34.51939, 39.067142 ], [ 34.947935, 38.931297 ] ] } },
{ "type": "Feature", "properties": { "catalog_name": "SHARE" }, "geometry": { "type": "LineString", "coordinates": [ [ 33.595633, 39.753618 ], [ 33.620794, 39.672611 ] ] } },
{ "type": "Feature", "properties": { "catalog_name": "SHARE" }, "geometry": { "type": "LineString", "coordinates": [ [ 33.266897, 39.38977 ], [ 33.312439, 39.248296 ] ] } },
{ "type": "Feature", "properties": { "catalog_name": "SHARE" }, "geometry": { "type": "LineString", "coordinates": [ [ 33.472294, 39.871665 ], [ 33.291937, 39.388389 ] ] } },
{ "type": "Feature", "properties": { "catalog_name": "SHARE" }, "geometry": { "type": "LineString", "coordinates": [ [ 33.19276, 39.19917 ], [ 33.252805, 39.132585 ], [ 33.322842, 39.072 ] ] } },
{ "type": "Feature", "properties": { "catalog_name": "SHARE" }, "geometry": { "type": "LineString", "coordinates": [ [ 33.261547, 39.645311 ], [ 33.163044, 39.412215 ] ] } },
{ "type": "Feature", "properties": { "catalog_name": "SHARE" }, "geometry": { "type": "LineString", "coordinates": [ [ 33.300306, 39.922547 ], [ 33.258898, 39.751837 ], [ 33.065926, 39.537773 ] ] } },
{ "type": "Feature", "properties": { "catalog_name": "SHARE" }, "geometry": { "type": "LineString", "coordinates": [ [ 32.53975, 39.85157 ], [ 32.76954, 39.94935 ] ] } },
{ "type": "Feature", "properties": { "catalog_name": "SHARE" }, "geometry": { "type": "LineString", "coordinates": [ [ 31.765579, 37.678654 ], [ 31.418333, 38.028208 ], [ 31.428105, 38.114662 ], [ 31.229739, 38.190832 ], [ 31.219919, 38.277284 ], [ 31.158627, 38.349535 ], [ 31.109627, 38.427368 ], [ 31.041498, 38.495835 ] ] } },
{ "type": "Feature", "properties": { "catalog_name": "SHARE" }, "geometry": { "type": "LineString", "coordinates": [ [ 31.421781, 37.689961 ], [ 31.417751, 37.782239 ], [ 31.356851, 37.863741 ], [ 31.145441, 38.093627 ] ] } },
{ "type": "Feature", "properties": { "catalog_name": "SHARE" }, "geometry": { "type": "LineString", "coordinates": [ [ 31.55743, 37.612239 ], [ 31.784142, 37.67516 ], [ 31.875486, 37.738092 ] ] } },
{ "type": "Feature", "properties": { "catalog_name": "SHARE" }, "geometry": { "type": "LineString", "coordinates": [ [ 31.650349, 37.628359 ], [ 31.764714, 37.477151 ], [ 31.837983, 37.407556 ], [ 32.005039, 37.283973 ], [ 32.102316, 37.236718 ], [ 32.179374, 37.169934 ], [ 32.379476, 36.949593 ], [ 32.825117, 36.669785 ] ] } },
{ "type": "Feature", "properties": { "catalog_name": "SHARE" }, "geometry": { "type": "LineString", "coordinates": [ [ 31.958262, 37.67602 ], [ 31.87159, 37.514589 ] ] } },
{ "type": "Feature", "properties": { "catalog_name": "SHARE" }, "geometry": { "type": "LineString", "coordinates": [ [ 31.2298, 37.667462 ], [ 31.292028, 37.367052 ], [ 31.282142, 37.276604 ], [ 31.292397, 37.186184 ], [ 31.279434, 37.095988 ], [ 31.285689, 37.005338 ] ] } },
{ "type": "Feature", "properties": { "catalog_name": "SHARE" }, "geometry": { "type": "LineString", "coordinates": [ [ 31.168064, 37.750153 ], [ 31.031104, 37.921305 ], [ 30.985415, 38.019247 ] ] } },
{ "type": "Feature", "properties": { "catalog_name": "SHARE" }, "geometry": { "type": "LineString", "coordinates": [ [ 30.95654, 38.050289 ], [ 31.028529, 38.086041 ], [ 31.134871, 38.098521 ] ] } },
{ "type": "Feature", "properties": { "catalog_name": "SHARE" }, "geometry": { "type": "LineString", "coordinates": [ [ 30.602124, 37.174724 ], [ 30.550742, 37.012381 ], [ 30.639958, 36.956707 ] ] } },
{ "type": "Feature", "properties": { "catalog_name": "SHARE" }, "geometry": { "type": "LineString", "coordinates": [ [ 30.407273, 36.763142 ], [ 30.504093, 36.843152 ] ] } },
{ "type": "Feature", "properties": { "catalog_name": "SHARE" }, "geometry": { "type": "LineString", "coordinates": [ [ 30.313966, 36.677352 ], [ 30.133853, 36.486713 ] ] } },
{ "type": "Feature", "properties": { "catalog_name": "SHARE" }, "geometry": { "type": "LineString", "coordinates": [ [ 30.411257, 37.293892 ], [ 30.365313, 37.068628 ], [ 30.249049, 36.929937 ], [ 30.22717, 36.84827 ], [ 30.258605, 36.768634 ] ] } },
{ "type": "Feature", "properties": { "catalog_name": "SHARE" }, "geometry": { "type": "LineString", "coordinates": [ [ 29.181928, 37.050112 ], [ 29.272959, 37.014446 ] ] } },
{ "type": "Feature", "properties": { "catalog_name": "SHARE" }, "geometry": { "type": "LineString", "coordinates": [ [ 29.142908, 37.131253 ], [ 29.27787, 37.255998 ], [ 29.326503, 37.329377 ], [ 29.362743, 37.40717 ] ] } },
{ "type": "Feature", "properties": { "catalog_name": "SHARE" }, "geometry": { "type": "LineString", "coordinates": [ [ 29.365164, 37.412735 ], [ 29.293809, 37.46293 ], [ 29.290211, 37.546365 ], [ 29.26995, 37.628289 ] ] } },
{ "type": "Feature", "properties": { "catalog_name": "SHARE" }, "geometry": { "type": "LineString", "coordinates": [ [ 29.257801, 37.629645 ], [ 29.14603, 37.612652 ] ] } },
{ "type": "Feature", "properties": { "catalog_name": "SHARE" }, "geometry": { "type": "LineString", "coordinates": [ [ 29.145049, 37.612877 ], [ 29.076734, 37.569184 ], [ 29.028499, 37.480449 ], [ 28.926962, 37.427156 ], [ 28.834061, 37.364785 ] ] } },
{ "type": "Feature", "properties": { "catalog_name": "SHARE" }, "geometry": { "type": "LineString", "coordinates": [ [ 29.311263, 37.090833 ], [ 29.407731, 37.200938 ] ] } },
{ "type": "Feature", "properties": { "catalog_name": "SHARE" }, "geometry": { "type": "LineString", "coordinates": [ [ 29.43827, 37.142697 ], [ 29.416911, 37.08703 ], [ 29.339023, 37.032145 ], [ 29.277536, 36.96533 ] ] } },
{ "type": "Feature", "properties": { "catalog_name": "SHARE" }, "geometry": { "type": "LineString", "coordinates": [ [ 29.422694, 37.004095 ], [ 29.585863, 37.085342 ] ] } },
{ "type": "Feature", "properties": { "catalog_name": "SHARE" }, "geometry": { "type": "LineString", "coordinates": [ [ 29.96386, 37.11299 ], [ 29.897918, 37.169946 ], [ 29.796565, 37.213077 ], [ 29.68784, 37.18343 ] ] } },
{ "type": "Feature", "properties": { "catalog_name": "SHARE" }, "geometry": { "type": "LineString", "coordinates": [ [ 29.515506, 37.220264 ], [ 29.398735, 37.330876 ] ] } },
{ "type": "Feature", "properties": { "catalog_name": "SHARE" }, "geometry": { "type": "LineString", "coordinates": [ [ 29.849568, 38.713534 ], [ 29.760857, 38.651074 ], [ 29.717235, 38.46216 ], [ 29.756356, 38.371156 ] ] } },
{ "type": "Feature", "properties": { "catalog_name": "SHARE" }, "geometry": { "type": "LineString", "coordinates": [ [ 29.797329, 38.363243 ], [ 29.834068, 38.422507 ], [ 29.894841, 38.486545 ], [ 29.936134, 38.5595 ], [ 29.929232, 38.639105 ] ] } },
{ "type": "Feature", "properties": { "catalog_name": "SHARE" }, "geometry": { "type": "LineString", "coordinates": [ [ 29.969467, 37.013818 ], [ 29.881272, 37.107249 ] ] } },
{ "type": "Feature", "properties": { "catalog_name": "SHARE" }, "geometry": { "type": "LineString", "coordinates": [ [ 29.828455, 38.330998 ], [ 29.723032, 38.320731 ], [ 29.591893, 38.179687 ], [ 29.518243, 38.114264 ], [ 29.351461, 37.998963 ], [ 29.259613, 37.950041 ] ] } },
{ "type": "Feature", "properties": { "catalog_name": "SHARE" }, "geometry": { "type": "LineString", "coordinates": [ [ 30.955852, 38.578316 ], [ 30.92753, 38.496153 ], [ 30.873588, 38.414359 ], [ 30.767179, 38.375373 ] ] } },
{ "type": "Feature", "properties": { "catalog_name": "SHARE" }, "geometry": { "type": "LineString", "coordinates": [ [ 29.904771, 36.414964 ], [ 29.83938, 36.349108 ], [ 29.74892, 36.286 ], [ 29.696206, 36.199469 ], [ 29.58963, 36.155942 ] ] } },
{ "type": "Feature", "properties": { "catalog_name": "SHARE" }, "geometry": { "type": "LineString", "coordinates": [ [ 30.869134, 38.589295 ], [ 30.843238, 38.518849 ], [ 30.787116, 38.455949 ], [ 30.712205, 38.406527 ] ] } },
{ "type": "Feature", "properties": { "catalog_name": "SHARE" }, "geometry": { "type": "LineString", "coordinates": [ [ 30.527961, 36.805721 ], [ 30.509155, 36.721133 ], [ 30.504995, 36.631267 ], [ 30.485436, 36.542719 ] ] } },
{ "type": "Feature", "properties": { "catalog_name": "SHARE" }, "geometry": { "type": "LineString", "coordinates": [ [ 30.49689, 36.399567 ], [ 30.612542, 36.589873 ] ] } },
{ "type": "Feature", "properties": { "catalog_name": "SHARE" }, "geometry": { "type": "LineString", "coordinates": [ [ 30.420254, 36.198675 ], [ 30.549397, 36.332374 ] ] } },
{ "type": "Feature", "properties": { "catalog_name": "SHARE" }, "geometry": { "type": "LineString", "coordinates": [ [ 29.469877, 36.270577 ], [ 29.585402, 36.298599 ], [ 29.680107, 36.363053 ], [ 29.764963, 36.435926 ], [ 29.879157, 36.475161 ] ] } },
{ "type": "Feature", "properties": { "catalog_name": "SHARE" }, "geometry": { "type": "LineString", "coordinates": [ [ 29.896087, 36.439081 ], [ 29.971956, 36.47346 ], [ 30.058401, 36.488529 ] ] } },
{ "type": "Feature", "properties": { "catalog_name": "SHARE" }, "geometry": { "type": "LineString", "coordinates": [ [ 29.225645, 36.822685 ], [ 29.287815, 36.780883 ], [ 29.345883, 36.710548 ], [ 29.358369, 36.62681 ], [ 29.337993, 36.544078 ], [ 29.271125, 36.479088 ], [ 29.250021, 36.396482 ] ] } },
{ "type": "Feature", "properties": { "catalog_name": "SHARE" }, "geometry": { "type": "LineString", "coordinates": [ [ 31.065329, 38.3635 ], [ 30.987986, 38.309016 ], [ 30.789661, 38.112343 ], [ 30.580522, 38.082992 ] ] } },
{ "type": "Feature", "properties": { "catalog_name": "SHARE" }, "geometry": { "type": "LineString", "coordinates": [ [ 30.54155, 38.106338 ], [ 30.465, 38.069983 ] ] } },
{ "type": "Feature", "properties": { "catalog_name": "SHARE" }, "geometry": { "type": "LineString", "coordinates": [ [ 30.87291, 38.31573 ], [ 30.681339, 38.189867 ], [ 30.576272, 38.136485 ], [ 30.452536, 38.122343 ], [ 30.395801, 38.034708 ] ] } },
{ "type": "Feature", "properties": { "catalog_name": "SHARE" }, "geometry": { "type": "LineString", "coordinates": [ [ 29.344876, 36.631044 ], [ 29.224301, 36.617053 ], [ 29.088621, 36.618744 ] ] } },
{ "type": "Feature", "properties": { "catalog_name": "SHARE" }, "geometry": { "type": "LineString", "coordinates": [ [ 30.258532, 37.312487 ], [ 30.228858, 37.236525 ], [ 30.163229, 37.167734 ], [ 30.176511, 37.081985 ] ] } },
{ "type": "Feature", "properties": { "catalog_name": "SHARE" }, "geometry": { "type": "LineString", "coordinates": [ [ 30.852293, 38.073008 ], [ 30.79638, 37.999824 ], [ 30.786879, 37.906508 ], [ 30.867744, 37.838024 ] ] } },
{ "type": "Feature", "properties": { "catalog_name": "SHARE" }, "geometry": { "type": "LineString", "coordinates": [ [ 30.554402, 38.620499 ], [ 30.556279, 38.54821 ] ] } },
{ "type": "Feature", "properties": { "catalog_name": "SHARE" }, "geometry": { "type": "LineString", "coordinates": [ [ 30.522143, 38.528919 ], [ 30.538979, 38.446689 ] ] } },
{ "type": "Feature", "properties": { "catalog_name": "SHARE" }, "geometry": { "type": "LineString", "coordinates": [ [ 30.675119, 38.618366 ], [ 30.609694, 38.490344 ] ] } },
{ "type": "Feature", "properties": { "catalog_name": "SHARE" }, "geometry": { "type": "LineString", "coordinates": [ [ 30.634872, 38.4334 ], [ 30.576601, 38.398729 ] ] } },
{ "type": "Feature", "properties": { "catalog_name": "SHARE" }, "geometry": { "type": "LineString", "coordinates": [ [ 30.562676, 38.43778 ], [ 30.491986, 38.400518 ] ] } },
{ "type": "Feature", "properties": { "catalog_name": "SHARE" }, "geometry": { "type": "LineString", "coordinates": [ [ 29.827317, 38.197477 ], [ 29.758505, 38.156856 ], [ 29.616493, 38.002691 ], [ 29.591296, 37.909564 ] ] } },
{ "type": "Feature", "properties": { "catalog_name": "SHARE" }, "geometry": { "type": "LineString", "coordinates": [ [ 30.058815, 38.025045 ], [ 29.998867, 37.971182 ], [ 29.727366, 37.831551 ], [ 29.620531, 37.843947 ], [ 29.526569, 37.801952 ] ] } },
{ "type": "Feature", "properties": { "catalog_name": "SHARE" }, "geometry": { "type": "LineString", "coordinates": [ [ 30.11246, 38.001467 ], [ 30.09088, 37.894124 ], [ 30.014909, 37.835117 ], [ 29.913967, 37.808262 ], [ 29.825417, 37.761555 ], [ 29.723484, 37.73741 ], [ 29.644904, 37.680716 ] ] } },
{ "type": "Feature", "properties": { "catalog_name": "SHARE" }, "geometry": { "type": "LineString", "coordinates": [ [ 30.092101, 37.813441 ], [ 30.135271, 37.869763 ] ] } },
{ "type": "Feature", "properties": { "catalog_name": "SHARE" }, "geometry": { "type": "LineString", "coordinates": [ [ 29.866229, 38.190123 ], [ 29.977166, 38.13753 ], [ 29.922889, 38.039558 ] ] } },
{ "type": "Feature", "properties": { "catalog_name": "SHARE" }, "geometry": { "type": "LineString", "coordinates": [ [ 30.299482, 37.883424 ], [ 30.187335, 37.792608 ] ] } },
{ "type": "Feature", "properties": { "catalog_name": "SHARE" }, "geometry": { "type": "LineString", "coordinates": [ [ 30.17706, 37.888787 ], [ 30.028888, 37.636108 ], [ 29.915107, 37.59745 ] ] } },
{ "type": "Feature", "properties": { "catalog_name": "SHARE" }, "geometry": { "type": "LineString", "coordinates": [ [ 30.431774, 37.844462 ], [ 30.378165, 37.788899 ], [ 30.285108, 37.72886 ], [ 30.183572, 37.678226 ], [ 30.113129, 37.601375 ], [ 30.020321, 37.541323 ], [ 29.90348, 37.562217 ] ] } },
{ "type": "Feature", "properties": { "catalog_name": "SHARE" }, "geometry": { "type": "LineString", "coordinates": [ [ 29.60144, 39.30574 ], [ 30.47808, 38.95573 ] ] } },
{ "type": "Feature", "properties": { "catalog_name": "SHARE" }, "geometry": { "type": "LineString", "coordinates": [ [ 30.148197, 39.355612 ], [ 29.672965, 39.514441 ], [ 29.574747, 39.46739 ], [ 29.127684, 39.558996 ], [ 28.910402, 39.620125 ], [ 28.218619, 39.672874 ] ] } },
{ "type": "Feature", "properties": { "catalog_name": "SHARE" }, "geometry": { "type": "LineString", "coordinates": [ [ 29.296835, 39.410178 ], [ 29.263718, 39.250127 ] ] } },
{ "type": "Feature", "properties": { "catalog_name": "SHARE" }, "geometry": { "type": "LineString", "coordinates": [ [ 29.27376, 39.50028 ], [ 29.164475, 39.365359 ], [ 29.129221, 39.288717 ], [ 29.13829, 39.20767 ] ] } },
{ "type": "Feature", "properties": { "catalog_name": "SHARE" }, "geometry": { "type": "LineString", "coordinates": [ [ 31.979321, 38.196943 ], [ 31.893724, 38.25957 ], [ 31.854342, 38.350648 ], [ 31.84465, 38.446525 ] ] } },
{ "type": "Feature", "properties": { "catalog_name": "SHARE" }, "geometry": { "type": "LineString", "coordinates": [ [ 32.5393, 38.17548 ], [ 32.081306, 38.134915 ], [ 31.735953, 38.155291 ] ] } },
{ "type": "Feature", "properties": { "catalog_name": "SHARE" }, "geometry": { "type": "LineString", "coordinates": [ [ 27.57686, 39.15672 ], [ 27.20379, 39.016938 ] ] } },
{ "type": "Feature", "properties": { "catalog_name": "SHARE" }, "geometry": { "type": "LineString", "coordinates": [ [ 26.979376, 38.749623 ], [ 27.24377, 39.093757 ] ] } },
{ "type": "Feature", "properties": { "catalog_name": "SHARE" }, "geometry": { "type": "LineString", "coordinates": [ [ 27.24492, 39.11508 ], [ 27.42219, 39.23643 ] ] } },
{ "type": "Feature", "properties": { "catalog_name": "SHARE" }, "geometry": { "type": "LineString", "coordinates": [ [ 27.120467, 39.055238 ], [ 26.94664, 38.764509 ] ] } },
{ "type": "Feature", "properties": { "catalog_name": "SHARE" }, "geometry": { "type": "LineString", "coordinates": [ [ 28.784812, 38.216861 ], [ 28.714129, 38.283002 ] ] } },
{ "type": "Feature", "properties": { "catalog_name": "SHARE" }, "geometry": { "type": "LineString", "coordinates": [ [ 28.750271, 38.363197 ], [ 28.540522, 38.425577 ], [ 28.36197, 38.543566 ], [ 28.259176, 38.587218 ], [ 28.149671, 38.6195 ], [ 28.045354, 38.661059 ], [ 27.947205, 38.711021 ] ] } },
{ "type": "Feature", "properties": { "catalog_name": "SHARE" }, "geometry": { "type": "LineString", "coordinates": [ [ 28.7529, 38.202553 ], [ 28.577192, 38.244542 ], [ 28.528798, 38.326214 ], [ 28.436481, 38.379802 ], [ 28.230712, 38.460181 ], [ 28.116718, 38.472285 ], [ 28.005537, 38.495497 ], [ 27.890452, 38.495724 ], [ 27.776504, 38.483135 ], [ 27.679165, 38.435143 ], [ 27.464794, 38.370822 ] ] } },
{ "type": "Feature", "properties": { "catalog_name": "SHARE" }, "geometry": { "type": "LineString", "coordinates": [ [ 27.4768, 38.18346 ], [ 27.80078, 38.20894 ] ] } },
{ "type": "Feature", "properties": { "catalog_name": "SHARE" }, "geometry": { "type": "LineString", "coordinates": [ [ 28.24853, 38.06697 ], [ 28.015687, 38.108891 ], [ 27.896001, 38.096218 ], [ 27.54596, 38.02329 ] ] } },
{ "type": "Feature", "properties": { "catalog_name": "SHARE" }, "geometry": { "type": "LineString", "coordinates": [ [ 27.249001, 38.52026 ], [ 27.296741, 38.617673 ] ] } },
{ "type": "Feature", "properties": { "catalog_name": "SHARE" }, "geometry": { "type": "LineString", "coordinates": [ [ 27.33624, 38.504955 ], [ 27.360626, 38.603842 ] ] } },
{ "type": "Feature", "properties": { "catalog_name": "SHARE" }, "geometry": { "type": "LineString", "coordinates": [ [ 27.285517, 38.537215 ], [ 27.347685, 38.58085 ] ] } },
{ "type": "Feature", "properties": { "catalog_name": "SHARE" }, "geometry": { "type": "LineString", "coordinates": [ [ 36.111896, 36.887322 ], [ 36.021787, 37.022589 ] ] } },
{ "type": "Feature", "properties": { "catalog_name": "SHARE" }, "geometry": { "type": "LineString", "coordinates": [ [ 29.18438, 37.86004 ], [ 29.027683, 37.990228 ], [ 28.937772, 38.047317 ], [ 28.825182, 38.067747 ] ] } },
{ "type": "Feature", "properties": { "catalog_name": "SHARE" }, "geometry": { "type": "LineString", "coordinates": [ [ 28.887451, 37.959753 ], [ 28.800142, 37.973093 ], [ 28.690473, 37.970302 ], [ 28.588151, 37.939115 ], [ 28.369557, 37.927517 ], [ 27.939692, 37.859457 ], [ 27.830153, 37.85781 ], [ 27.613632, 37.884541 ], [ 27.5201, 37.92966 ] ] } },
{ "type": "Feature", "properties": { "catalog_name": "SHARE" }, "geometry": { "type": "LineString", "coordinates": [ [ 27.499435, 37.847822 ], [ 27.368364, 37.827087 ], [ 27.234838, 37.834221 ] ] } },
{ "type": "Feature", "properties": { "catalog_name": "SHARE" }, "geometry": { "type": "LineString", "coordinates": [ [ 27.22918, 37.71553 ], [ 27.35265, 37.745372 ] ] } },
{ "type": "Feature", "properties": { "catalog_name": "SHARE" }, "geometry": { "type": "LineString", "coordinates": [ [ 29.327893, 37.743866 ], [ 29.246244, 37.751998 ], [ 29.141638, 37.73512 ], [ 29.035683, 37.745468 ], [ 28.945022, 37.790092 ], [ 28.745316, 37.850238 ] ] } },
{ "type": "Feature", "properties": { "catalog_name": "SHARE" }, "geometry": { "type": "LineString", "coordinates": [ [ 28.840207, 37.884995 ], [ 28.782793, 37.921726 ], [ 28.672522, 37.925283 ], [ 28.577298, 37.88131 ], [ 28.146591, 37.806977 ], [ 27.926515, 37.798196 ], [ 27.826152, 37.762323 ], [ 27.716149, 37.758315 ], [ 27.607353, 37.771817 ] ] } },
{ "type": "Feature", "properties": { "catalog_name": "SHARE" }, "geometry": { "type": "LineString", "coordinates": [ [ 27.595882, 37.758404 ], [ 27.479044, 37.617994 ], [ 27.439889, 37.539253 ], [ 27.149675, 37.432326 ] ] } },
{ "type": "Feature", "properties": { "catalog_name": "SHARE" }, "geometry": { "type": "LineString", "coordinates": [ [ 27.31571, 37.06819 ], [ 27.48822, 36.99979 ] ] } },
{ "type": "Feature", "properties": { "catalog_name": "SHARE" }, "geometry": { "type": "LineString", "coordinates": [ [ 35.91177, 37.54642 ], [ 35.618351, 37.397125 ], [ 34.97162, 37.00786 ] ] } },
{ "type": "Feature", "properties": { "catalog_name": "SHARE" }, "geometry": { "type": "LineString", "coordinates": [ [ 36.230836, 37.500596 ], [ 36.252994, 37.595166 ], [ 36.302862, 37.69169 ] ] } },
{ "type": "Feature", "properties": { "catalog_name": "SHARE" }, "geometry": { "type": "LineString", "coordinates": [ [ 36.38969, 37.6456 ], [ 36.26955, 37.568725 ] ] } },
{ "type": "Feature", "properties": { "catalog_name": "SHARE" }, "geometry": { "type": "LineString", "coordinates": [ [ 36.316554, 37.342376 ], [ 36.210316, 37.241499 ] ] } },
{ "type": "Feature", "properties": { "catalog_name": "SHARE" }, "geometry": { "type": "LineString", "coordinates": [ [ 36.176213, 37.155639 ], [ 36.199566, 37.219974 ], [ 36.240177, 37.289196 ], [ 36.249845, 37.365205 ] ] } },
{ "type": "Feature", "properties": { "catalog_name": "SHARE" }, "geometry": { "type": "LineString", "coordinates": [ [ 36.567895, 37.26381 ], [ 36.477105, 37.235855 ], [ 36.38381, 37.169962 ], [ 36.153974, 37.09328 ] ] } },
{ "type": "Feature", "properties": { "catalog_name": "SHARE" }, "geometry": { "type": "LineString", "coordinates": [ [ 36.25605, 36.67267 ], [ 35.975943, 36.518834 ], [ 35.711891, 36.347753 ] ] } },
{ "type": "Feature", "properties": { "catalog_name": "SHARE" }, "geometry": { "type": "LineString", "coordinates": [ [ 36.124801, 37.658554 ], [ 36.059842, 37.488401 ], [ 36.005555, 37.4076 ], [ 35.97274, 37.31982 ], [ 35.79746, 37.08322 ] ] } },
{ "type": "Feature", "properties": { "catalog_name": "SHARE" }, "geometry": { "type": "LineString", "coordinates": [ [ 35.792395, 37.062334 ], [ 35.678285, 36.928377 ], [ 35.627776, 36.856111 ], [ 35.565631, 36.789933 ] ] } },
{ "type": "Feature", "properties": { "catalog_name": "SHARE" }, "geometry": { "type": "LineString", "coordinates": [ [ 27.192163, 37.996194 ], [ 27.31041, 37.98958 ] ] } },
{ "type": "Feature", "properties": { "catalog_name": "SHARE" }, "geometry": { "type": "LineString", "coordinates": [ [ 27.13731, 37.99107 ], [ 27.050741, 38.065707 ], [ 26.92431, 38.08435 ] ] } },
{ "type": "Feature", "properties": { "catalog_name": "SHARE" }, "geometry": { "type": "LineString", "coordinates": [ [ 27.28937, 38.43223 ], [ 27.162711, 38.425037 ], [ 27.04117, 38.390869 ], [ 26.91226, 38.38547 ] ] } },
{ "type": "Feature", "properties": { "catalog_name": "SHARE" }, "geometry": { "type": "LineString", "coordinates": [ [ 27.14708, 38.36756 ], [ 27.23514, 38.36407 ] ] } },
{ "type": "Feature", "properties": { "catalog_name": "SHARE" }, "geometry": { "type": "LineString", "coordinates": [ [ 29.872611, 37.141062 ], [ 29.806468, 37.073872 ] ] } },
{ "type": "Feature", "properties": { "catalog_name": "SHARE" }, "geometry": { "type": "LineString", "coordinates": [ [ 29.812914, 36.994493 ], [ 29.784249, 37.061071 ] ] } },
{ "type": "Feature", "properties": { "catalog_name": "SHARE" }, "geometry": { "type": "LineString", "coordinates": [ [ 27.19653, 38.07639 ], [ 27.101324, 38.137328 ] ] } },
{ "type": "Feature", "properties": { "catalog_name": "SHARE" }, "geometry": { "type": "LineString", "coordinates": [ [ 27.25684, 38.18037 ], [ 27.206469, 38.084825 ], [ 27.188525, 37.977473 ] ] } },
{ "type": "Feature", "properties": { "catalog_name": "SHARE" }, "geometry": { "type": "LineString", "coordinates": [ [ 27.11271, 38.39758 ], [ 27.093112, 38.322666 ], [ 27.037562, 38.242893 ], [ 26.960003, 38.175428 ], [ 26.904198, 38.095811 ], [ 26.874916, 38.007871 ] ] } },
{ "type": "Feature", "properties": { "catalog_name": "SHARE" }, "geometry": { "type": "LineString", "coordinates": [ [ 26.937788, 38.374244 ], [ 26.863094, 38.299619 ], [ 26.77897, 38.10614 ] ] } },
{ "type": "Feature", "properties": { "catalog_name": "SHARE" }, "geometry": { "type": "LineString", "coordinates": [ [ 27.298356, 38.750303 ], [ 27.0144, 38.776113 ] ] } },
{ "type": "Feature", "properties": { "catalog_name": "SHARE" }, "geometry": { "type": "LineString", "coordinates": [ [ 26.91141, 38.65505 ], [ 26.917836, 38.740173 ], [ 26.900365, 38.828223 ], [ 26.82455, 38.894953 ] ] } },
{ "type": "Feature", "properties": { "catalog_name": "SHARE" }, "geometry": { "type": "LineString", "coordinates": [ [ 27.45103, 38.373432 ], [ 27.381751, 38.327099 ], [ 27.288383, 38.297481 ], [ 27.1896, 38.28223 ] ] } },
{ "type": "Feature", "properties": { "catalog_name": "SHARE" }, "geometry": { "type": "LineString", "coordinates": [ [ 27.24299, 38.46057 ], [ 27.136405, 38.464924 ], [ 27.04366, 38.5086 ] ] } },
{ "type": "Feature", "properties": { "catalog_name": "SHARE" }, "geometry": { "type": "LineString", "coordinates": [ [ 27.0169, 38.22989 ], [ 26.830576, 38.221073 ] ] } },
{ "type": "Feature", "properties": { "catalog_name": "SHARE" }, "geometry": { "type": "LineString", "coordinates": [ [ 27.14583, 38.20556 ], [ 27.02757, 38.07321 ] ] } },
{ "type": "Feature", "properties": { "catalog_name": "SHARE" }, "geometry": { "type": "LineString", "coordinates": [ [ 26.61672, 38.09306 ], [ 26.629853, 38.189909 ], [ 26.623946, 38.287901 ], [ 26.64517, 38.38458 ] ] } },
{ "type": "Feature", "properties": { "catalog_name": "SHARE" }, "geometry": { "type": "LineString", "coordinates": [ [ 27.502865, 38.412137 ], [ 27.405731, 38.428477 ], [ 27.236155, 38.511385 ] ] } },
{ "type": "Feature", "properties": { "catalog_name": "SHARE" }, "geometry": { "type": "LineString", "coordinates": [ [ 27.156624, 38.677188 ], [ 27.019294, 38.755168 ] ] } },
{ "type": "Feature", "properties": { "catalog_name": "SHARE" }, "geometry": { "type": "LineString", "coordinates": [ [ 27.06042, 38.70517 ], [ 27.15961, 38.65134 ] ] } },
{ "type": "Feature", "properties": { "catalog_name": "SHARE" }, "geometry": { "type": "LineString", "coordinates": [ [ 37.382844, 37.994238 ], [ 36.924814, 38.069813 ], [ 36.689268, 38.057557 ], [ 36.58081, 38.020903 ], [ 36.490082, 37.961512 ], [ 36.442298, 37.876545 ] ] } },
{ "type": "Feature", "properties": { "catalog_name": "SHARE" }, "geometry": { "type": "LineString", "coordinates": [ [ 33.57129, 40.880126 ], [ 33.513196, 40.829539 ], [ 33.324444, 40.731747 ], [ 33.212399, 40.714692 ], [ 33.134921, 40.651055 ], [ 33.027833, 40.621093 ] ] } },
{ "type": "Feature", "properties": { "catalog_name": "SHARE" }, "geometry": { "type": "LineString", "coordinates": [ [ 34.40374, 41.098559 ], [ 34.309413, 41.055645 ], [ 34.090378, 40.977876 ], [ 33.976514, 40.946974 ], [ 33.857017, 40.932832 ] ] } },
{ "type": "Feature", "properties": { "catalog_name": "SHARE" }, "geometry": { "type": "LineString", "coordinates": [ [ 33.520923, 40.719697 ], [ 33.573537, 40.817079 ] ] } },
{ "type": "Feature", "properties": { "catalog_name": "SHARE" }, "geometry": { "type": "LineString", "coordinates": [ [ 33.576484, 40.818793 ], [ 33.663231, 40.850489 ], [ 33.740665, 40.90919 ], [ 34.121197, 41.074552 ] ] } },
{ "type": "Feature", "properties": { "catalog_name": "SHARE" }, "geometry": { "type": "LineString", "coordinates": [ [ 32.984518, 40.561634 ], [ 33.013358, 40.76798 ] ] } },
{ "type": "Feature", "properties": { "catalog_name": "SHARE" }, "geometry": { "type": "LineString", "coordinates": [ [ 33.221888, 40.854984 ], [ 33.132787, 40.815288 ], [ 33.020823, 40.78973 ], [ 32.904017, 40.785872 ], [ 32.790614, 40.807462 ], [ 32.682028, 40.840395 ], [ 32.566472, 40.854373 ] ] } },
{ "type": "Feature", "properties": { "catalog_name": "SHARE" }, "geometry": { "type": "LineString", "coordinates": [ [ 33.212374, 40.824621 ], [ 33.432469, 40.849849 ], [ 33.662869, 40.904555 ], [ 33.72667, 40.982203 ], [ 33.836083, 41.021359 ] ] } },
{ "type": "Feature", "properties": { "catalog_name": "SHARE" }, "geometry": { "type": "LineString", "coordinates": [ [ 31.317912, 37.674512 ], [ 31.350037, 37.579313 ], [ 31.346301, 37.477248 ], [ 31.3128, 37.378665 ] ] } },
{ "type": "Feature", "properties": { "catalog_name": "SHARE" }, "geometry": { "type": "LineString", "coordinates": [ [ 31.373299, 37.322447 ], [ 31.373192, 37.452423 ] ] } },
{ "type": "Feature", "properties": { "catalog_name": "SHARE" }, "geometry": { "type": "LineString", "coordinates": [ [ 31.408128, 37.283642 ], [ 31.408001, 37.187692 ], [ 31.449791, 37.093382 ], [ 31.465126, 36.99411 ] ] } },
{ "type": "Feature", "properties": { "catalog_name": "SHARE" }, "geometry": { "type": "LineString", "coordinates": [ [ 31.507168, 37.121592 ], [ 31.431639, 37.230472 ] ] } },
{ "type": "Feature", "properties": { "catalog_name": "SHARE" }, "geometry": { "type": "LineString", "coordinates": [ [ 31.581077, 37.063674 ], [ 31.509784, 37.096768 ] ] } },
{ "type": "Feature", "properties": { "catalog_name": "SHARE" }, "geometry": { "type": "LineString", "coordinates": [ [ 31.581077, 37.063674 ], [ 31.509784, 37.096768 ] ] } },
{ "type": "Feature", "properties": { "catalog_name": "SHARE" }, "geometry": { "type": "LineString", "coordinates": [ [ 31.733197, 36.778035 ], [ 31.490904, 36.92459 ] ] } },
{ "type": "Feature", "properties": { "catalog_name": "SHARE" }, "geometry": { "type": "LineString", "coordinates": [ [ 26.60315, 38.85743 ], [ 26.76828, 38.53366 ] ] } },
{ "type": "Feature", "properties": { "catalog_name": "SHARE" }, "geometry": { "type": "LineString", "coordinates": [ [ 26.43397, 38.78113 ], [ 26.576905, 38.632195 ], [ 26.627409, 38.54426 ], [ 26.656686, 38.35285 ] ] } },
{ "type": "Feature", "properties": { "catalog_name": "SHARE" }, "geometry": { "type": "LineString", "coordinates": [ [ 26.58649, 38.99072 ], [ 26.647932, 38.900565 ], [ 26.727741, 38.816099 ], [ 26.856414, 38.785411 ] ] } },
{ "type": "Feature", "properties": { "catalog_name": "SHARE" }, "geometry": { "type": "LineString", "coordinates": [ [ 30.78887, 37.66907 ], [ 30.911846, 37.230559 ], [ 31.006425, 37.067225 ], [ 31.060808, 36.988451 ], [ 31.340484, 36.706824 ], [ 32.392343, 35.776265 ] ] } },
{ "type": "Feature", "properties": { "catalog_name": "SHARE" }, "geometry": { "type": "LineString", "coordinates": [ [ 28.48211, 37.097988 ], [ 28.383736, 37.065655 ], [ 28.155027, 37.035429 ], [ 28.041698, 37.054831 ], [ 27.927657, 37.038303 ] ] } },
{ "type": "Feature", "properties": { "catalog_name": "SHARE" }, "geometry": { "type": "LineString", "coordinates": [ [ 27.767171, 37.002331 ], [ 27.895345, 37.108128 ] ] } },
{ "type": "Feature", "properties": { "catalog_name": "SHARE" }, "geometry": { "type": "LineString", "coordinates": [ [ 27.748028, 37.010324 ], [ 27.640845, 36.99037 ], [ 27.510022, 36.990547 ] ] } },
{ "type": "Feature", "properties": { "catalog_name": "SHARE" }, "geometry": { "type": "LineString", "coordinates": [ [ 27.653862, 36.81425 ], [ 28.00991, 36.82727 ] ] } },
{ "type": "Feature", "properties": { "catalog_name": "SHARE" }, "geometry": { "type": "LineString", "coordinates": [ [ 27.41208, 36.78325 ], [ 27.5477, 36.76362 ] ] } },
{ "type": "Feature", "properties": { "catalog_name": "SHARE" }, "geometry": { "type": "LineString", "coordinates": [ [ 27.98008, 37.12378 ], [ 27.908233, 37.052475 ], [ 27.587912, 36.777835 ] ] } },
{ "type": "Feature", "properties": { "catalog_name": "SHARE" }, "geometry": { "type": "LineString", "coordinates": [ [ 27.836241, 37.154245 ], [ 27.620312, 37.25146 ] ] } },
{ "type": "Feature", "properties": { "catalog_name": "SHARE" }, "geometry": { "type": "LineString", "coordinates": [ [ 27.690369, 37.126352 ], [ 27.614185, 37.194419 ] ] } },
{ "type": "Feature", "properties": { "catalog_name": "SHARE" }, "geometry": { "type": "LineString", "coordinates": [ [ 25.76268, 37.56996 ], [ 26.33009, 37.91892 ] ] } },
{ "type": "Feature", "properties": { "catalog_name": "SHARE" }, "geometry": { "type": "LineString", "coordinates": [ [ 36.48336, 41.58981 ], [ 36.041153, 42.097041 ], [ 35.951592, 42.157091 ], [ 34.43656, 42.473202 ], [ 33.590108, 42.420696 ], [ 32.863928, 42.387312 ], [ 32.762927, 42.337831 ], [ 32.490651, 42.1603 ], [ 32.386309, 42.115228 ], [ 31.690065, 41.969314 ], [ 31.585724, 41.92464 ], [ 31.101308, 41.660042 ], [ 30.17864, 41.468877 ], [ 28.5069, 41.53188 ] ] } },
{ "type": "Feature", "properties": { "catalog_name": "SHARE" }, "geometry": { "type": "LineString", "coordinates": [ [ 40.68169, 41.16951 ], [ 41.66322, 41.80601 ] ] } },
{ "type": "Feature", "properties": { "catalog_name": "SHARE" }, "geometry": { "type": "LineString", "coordinates": [ [ 39.36704, 41.26469 ], [ 40.45565, 41.35986 ] ] } },
{ "type": "Feature", "properties": { "catalog_name": "SHARE" }, "geometry": { "type": "LineString", "coordinates": [ [ 38.33793, 41.28253 ], [ 39.27186, 41.40745 ] ] } },
{ "type": "Feature", "properties": { "catalog_name": "SHARE" }, "geometry": { "type": "LineString", "coordinates": [ [ 37.04707, 41.33607 ], [ 38.213, 41.35986 ] ] } },
{ "type": "Feature", "properties": { "catalog_name": "SHARE" }, "geometry": { "type": "LineString", "coordinates": [ [ 28.10759, 37.259375 ], [ 28.067921, 37.358055 ] ] } },
{ "type": "Feature", "properties": { "catalog_name": "SHARE" }, "geometry": { "type": "LineString", "coordinates": [ [ 28.096112, 37.372517 ], [ 28.149421, 37.285086 ], [ 28.366093, 37.191956 ] ] } },
{ "type": "Feature", "properties": { "catalog_name": "SHARE" }, "geometry": { "type": "LineString", "coordinates": [ [ 28.54368, 37.131547 ], [ 28.402194, 37.219549 ] ] } },
{ "type": "Feature", "properties": { "catalog_name": "SHARE" }, "geometry": { "type": "LineString", "coordinates": [ [ 27.519413, 37.436707 ], [ 27.708873, 37.347648 ], [ 27.922619, 37.302276 ] ] } },
{ "type": "Feature", "properties": { "catalog_name": "SHARE" }, "geometry": { "type": "LineString", "coordinates": [ [ 27.585544, 38.812403 ], [ 27.667392, 39.171129 ] ] } },
{ "type": "Feature", "properties": { "catalog_name": "SHARE" }, "geometry": { "type": "LineString", "coordinates": [ [ 26.85807, 39.76465 ], [ 27.10363, 39.93501 ] ] } },
{ "type": "Feature", "properties": { "catalog_name": "SHARE" }, "geometry": { "type": "LineString", "coordinates": [ [ 28.66066, 41.09099 ], [ 27.99441, 42.92793 ] ] } },
{ "type": "Feature", "properties": { "catalog_name": "SHARE" }, "geometry": { "type": "LineString", "coordinates": [ [ 29.916702, 36.712633 ], [ 29.92438, 36.654402 ], [ 29.973907, 36.582231 ], [ 30.039228, 36.518709 ], [ 30.126269, 36.475201 ] ] } },
{ "type": "Feature", "properties": { "catalog_name": "SHARE" }, "geometry": { "type": "LineString", "coordinates": [ [ 30.063288, 36.856691 ], [ 30.033297, 36.786586 ], [ 30.034367, 36.710149 ] ] } },
{ "type": "Feature", "properties": { "catalog_name": "SHARE" }, "geometry": { "type": "LineString", "coordinates": [ [ 30.874136, 37.826948 ], [ 30.865986, 37.632807 ], [ 30.93032, 37.54795 ] ] } },
{ "type": "Feature", "properties": { "catalog_name": "SHARE" }, "geometry": { "type": "LineString", "coordinates": [ [ 30.196385, 38.049576 ], [ 30.065964, 38.180574 ], [ 29.990528, 38.239375 ] ] } },
{ "type": "Feature", "properties": { "catalog_name": "SHARE" }, "geometry": { "type": "LineString", "coordinates": [ [ 30.26669, 37.946464 ], [ 30.194726, 38.00527 ] ] } },
{ "type": "Feature", "properties": { "catalog_name": "SHARE" }, "geometry": { "type": "LineString", "coordinates": [ [ 42.724764, 39.329681 ], [ 42.680333, 39.136228 ] ] } },
{ "type": "Feature", "properties": { "catalog_name": "SHARE" }, "geometry": { "type": "LineString", "coordinates": [ [ 39.975214, 39.504098 ], [ 39.898979, 39.551945 ], [ 39.660474, 39.592899 ] ] } },
{ "type": "Feature", "properties": { "catalog_name": "SHARE" }, "geometry": { "type": "LineString", "coordinates": [ [ 42.627566, 39.085214 ], [ 42.944179, 39.209532 ] ] } },
{ "type": "Feature", "properties": { "catalog_name": "SHARE" }, "geometry": { "type": "LineString", "coordinates": [ [ 36.901523, 40.529726 ], [ 36.014925, 40.772257 ] ] } },
{ "type": "Feature", "properties": { "catalog_name": "SHARE" }, "geometry": { "type": "LineString", "coordinates": [ [ 43.715965, 37.84421 ], [ 43.651983, 37.78508 ], [ 43.542628, 37.650948 ] ] } },
{ "type": "Feature", "properties": { "catalog_name": "SHARE" }, "geometry": { "type": "LineString", "coordinates": [ [ 43.387218, 40.160715 ], [ 43.611001, 40.166636 ], [ 43.718597, 40.141616 ] ] } },
{ "type": "Feature", "properties": { "catalog_name": "SHARE" }, "geometry": { "type": "LineString", "coordinates": [ [ 44.020133, 40.072101 ], [ 44.439045, 39.907409 ], [ 44.527645, 39.844862 ], [ 44.909512, 39.620539 ] ] } },
{ "type": "Feature", "properties": { "catalog_name": "SHARE" }, "geometry": { "type": "LineString", "coordinates": [ [ 44.294314, 38.964475 ], [ 44.165921, 39.075491 ] ] } },
{ "type": "Feature", "properties": { "catalog_name": "SHARE" }, "geometry": { "type": "LineString", "coordinates": [ [ 44.367157, 37.026507 ], [ 44.140237, 37.100161 ] ] } },
{ "type": "Feature", "properties": { "catalog_name": "SHARE" }, "geometry": { "type": "LineString", "coordinates": [ [ 44.36925, 37.025385 ], [ 44.23823, 37.159784 ] ] } },
{ "type": "Feature", "properties": { "catalog_name": "SHARE" }, "geometry": { "type": "LineString", "coordinates": [ [ 33.023288, 40.57733 ], [ 33.023104, 40.512465 ] ] } },
{ "type": "Feature", "properties": { "catalog_name": "SHARE" }, "geometry": { "type": "LineString", "coordinates": [ [ 33.178195, 40.550567 ], [ 33.131776, 40.609104 ] ] } },
{ "type": "Feature", "properties": { "catalog_name": "SHARE" }, "geometry": { "type": "LineString", "coordinates": [ [ 33.049848, 40.520881 ], [ 33.126033, 40.54452 ] ] } },
{ "type": "Feature", "properties": { "catalog_name": "SHARE" }, "geometry": { "type": "LineString", "coordinates": [ [ 33.425165, 39.407397 ], [ 33.970662, 39.090904 ], [ 34.277696, 38.957076 ], [ 34.372875, 38.903877 ], [ 34.4801, 38.86719 ], [ 34.678261, 38.770174 ] ] } },
{ "type": "Feature", "properties": { "catalog_name": "SHARE" }, "geometry": { "type": "LineString", "coordinates": [ [ 29.034874, 39.085033 ], [ 28.970431, 39.144229 ], [ 28.884265, 39.201181 ] ] } },
{ "type": "Feature", "properties": { "catalog_name": "SHARE" }, "geometry": { "type": "LineString", "coordinates": [ [ 33.498131, 36.58278 ], [ 34.483002, 37.153233 ] ] } },
{ "type": "Feature", "properties": { "catalog_name": "SHARE" }, "geometry": { "type": "LineString", "coordinates": [ [ 26.433029, 40.010732 ], [ 26.334398, 39.971274 ], [ 26.239977, 39.959472 ], [ 26.169011, 39.962305 ] ] } },
{ "type": "Feature", "properties": { "catalog_name": "SHARE" }, "geometry": { "type": "LineString", "coordinates": [ [ 25.662884, 39.516132 ], [ 25.733285, 39.538582 ], [ 25.836685, 39.547217 ], [ 25.924686, 39.533401 ], [ 26.102886, 39.453963 ] ] } },
{ "type": "Feature", "properties": { "catalog_name": "SHARE" }, "geometry": { "type": "LineString", "coordinates": [ [ 27.610302, 38.505888 ], [ 27.541114, 38.577065 ], [ 27.478802, 38.610123 ], [ 27.379103, 38.607762 ], [ 27.276825, 38.636435 ] ] } },
{ "type": "Feature", "properties": { "catalog_name": "SHARE" }, "geometry": { "type": "LineString", "coordinates": [ [ 26.515915, 38.432301 ], [ 26.359019, 38.52809 ] ] } },
{ "type": "Feature", "properties": { "catalog_name": "SHARE" }, "geometry": { "type": "LineString", "coordinates": [ [ 27.519627, 37.838987 ], [ 27.487827, 37.820771 ], [ 27.456026, 37.778942 ], [ 27.411333, 37.760726 ], [ 27.380392, 37.707428 ], [ 27.340856, 37.672346 ], [ 27.206778, 37.624445 ], [ 27.146614, 37.620397 ] ] } },
{ "type": "Feature", "properties": { "catalog_name": "SHARE" }, "geometry": { "type": "LineString", "coordinates": [ [ 27.391798, 36.936121 ], [ 27.529764, 36.959467 ], [ 28.09915, 37.015026 ], [ 28.32969, 37.049224 ] ] } },
{ "type": "Feature", "properties": { "catalog_name": "SHARE" }, "geometry": { "type": "LineString", "coordinates": [ [ 28.026022, 40.80224 ], [ 27.881072, 40.811477 ], [ 27.501385, 40.79608 ], [ 27.067007, 40.682895 ], [ 26.681833, 40.532155 ], [ 26.488272, 40.451043 ], [ 26.200499, 40.315794 ], [ 26.085589, 40.272354 ], [ 25.926659, 40.247307 ], [ 25.773818, 40.212031 ], [ 25.524078, 40.123521 ], [ 25.005397, 39.984839 ] ] } },
{ "type": "Feature", "properties": { "catalog_name": "SHARE" }, "geometry": { "type": "LineString", "coordinates": [ [ 36.07331, 35.76788 ], [ 35.758694, 35.39642 ], [ 35.560712, 35.231616 ], [ 35.281178, 35.112165 ], [ 35.077462, 35.045332 ], [ 34.913834, 35.003062 ], [ 34.749797, 34.96779 ], [ 34.564385, 34.94298 ], [ 34.16578, 34.942302 ], [ 33.925832, 34.997883 ] ] } },
{ "type": "Feature", "properties": { "catalog_name": "SHARE" }, "geometry": { "type": "LineString", "coordinates": [ [ 34.949311, 35.744973 ], [ 34.768552, 35.569701 ], [ 34.398843, 35.359114 ], [ 34.183799, 35.286346 ], [ 33.933984, 35.227286 ], [ 33.734436, 35.212875 ], [ 33.627225, 35.213865 ], [ 33.471576, 35.238561 ] ] } },
{ "type": "Feature", "properties": { "catalog_name": "SHARE" }, "geometry": { "type": "LineString", "coordinates": [ [ 34.879748, 35.865749 ], [ 35.296692, 36.370241 ], [ 35.450948, 36.532845 ], [ 35.688612, 36.766329 ], [ 35.827068, 36.882498 ], [ 35.947108, 36.962289 ], [ 36.055508, 37.058181 ] ] } },
{ "type": "Feature", "properties": { "catalog_name": "Bird 2003" }, "geometry": { "type": "LineString", "coordinates": [ [ 29.731, 35.427 ], [ 29.389, 35.728 ] ] } },
{ "type": "Feature", "properties": { "catalog_name": "Bird 2003" }, "geometry": { "type": "LineString", "coordinates": [ [ 29.389, 35.728 ], [ 29.137, 35.97 ] ] } },
{ "type": "Feature", "properties": { "catalog_name": "Bird 2003" }, "geometry": { "type": "LineString", "coordinates": [ [ 29.137, 35.97 ], [ 28.789, 36.361 ] ] } },
{ "type": "Feature", "properties": { "catalog_name": "Bird 2003" }, "geometry": { "type": "LineString", "coordinates": [ [ 28.05, 34.87 ], [ 28.478, 35.127 ] ] } },
{ "type": "Feature", "properties": { "catalog_name": "Bird 2003" }, "geometry": { "type": "LineString", "coordinates": [ [ 28.478, 35.127 ], [ 28.779, 35.312 ] ] } },
{ "type": "Feature", "properties": { "catalog_name": "Bird 2003" }, "geometry": { "type": "LineString", "coordinates": [ [ 28.779, 35.312 ], [ 29.07, 35.378 ] ] } },
{ "type": "Feature", "properties": { "catalog_name": "Bird 2003" }, "geometry": { "type": "LineString", "coordinates": [ [ 29.07, 35.378 ], [ 29.345, 35.425 ] ] } },
{ "type": "Feature", "properties": { "catalog_name": "Bird 2003" }, "geometry": { "type": "LineString", "coordinates": [ [ 29.345, 35.425 ], [ 29.731, 35.427 ] ] } },
{ "type": "Feature", "properties": { "catalog_name": "Bird 2003" }, "geometry": { "type": "LineString", "coordinates": [ [ 29.731, 35.427 ], [ 30.221, 35.154 ] ] } },
{ "type": "Feature", "properties": { "catalog_name": "Bird 2003" }, "geometry": { "type": "LineString", "coordinates": [ [ 30.221, 35.154 ], [ 30.793, 34.991 ] ] } }
]
}
