{
"type": "FeatureCollection",
"name": "fay_kaynaklari",
"crs": { "type": "name", "properties": { "name": "urn:ogc:def:crs:OGC:1.3:CRS84" } },
"features": [
{ "type": "Feature", "properties": { "fault_id": "F0000", "label": "Edirne açıkları", "catalog_name": "EMME", "slip_type": "Sinistral-Normal", "rake": -65.0, "dip": 45.0, "upper_km": 0.0, "lower_km": 15.0, "length_km": 155.02248195912543, "width_km": 21.213203435596423, "area_km2": 3288.5234468900039, "mmax": 7.5173409615424802, "slip_rate": 0.2, "slip_rate_min": 0.1, "slip_rate_max": 0.4, "recurrence_years": 10736.413988666558, "p30": 0.0027903288385677794, "p50": 0.0046462212025020211 }, "geometry": { "type": "LineString", "coordinates": [ [ 26.347992, 41.844493 ], [ 26.234177, 41.8739 ], [ 26.125047, 41.902193 ], [ 26.005671, 41.918555 ], [ 25.836114, 41.940147 ], [ 25.66722, 41.951433 ], [ 25.535414, 41.980385 ], [ 25.399301, 42.01196 ], [ 25.321679, 42.035602 ], [ 25.222163, 42.066631 ], [ 25.136581, 42.094706 ], [ 25.043035, 42.131646 ], [ 24.953471, 42.162676 ], [ 24.823725, 42.217394 ], [ 24.704361, 42.259503 ], [ 24.603849, 42.299272 ] ] } },
{ "type": "Feature", "properties": { "fault_id": "F0001", "label": "Edirne açıkları", "catalog_name": "EMME", "slip_type": "Normal", "rake": -80.0, "dip": 62.5, "upper_km": 1.0, "lower_km": 15.0, "length_km": 45.289209770494644, "width_km": 15.783347256128792, "area_km2": 714.81532476337793, "mmax": 6.8412777317676445, "slip_rate": 0.2, "slip_rate_min": 0.1, "slip_rate_max": 0.4, "recurrence_years": 4781.5807299133739, "p30": 0.0062544348958782914, "p50": 0.01040231082800247 }, "geometry": { "type": "LineString", "coordinates": [ [ 26.591698, 41.834274 ], [ 26.566001, 41.858706 ], [ 26.540305, 41.883137 ], [ 26.514608, 41.907569 ], [ 26.49794, 41.926667 ], [ 26.481271, 41.945765 ], [ 26.462867, 41.971057 ], [ 26.444463, 41.996348 ], [ 26.425364, 42.018027 ], [ 26.406265, 42.039706 ], [ 26.379482, 42.069341 ], [ 26.352698, 42.098976 ], [ 26.330866, 42.11657 ], [ 26.309034, 42.134164 ], [ 26.27061, 42.160391 ] ] } },
{ "type": "Feature", "properties": { "fault_id": "F0002", "label": "Kırklareli – Edirne", "catalog_name": "EMME", "slip_type": "Normal", "rake": -75.0, "dip": 50.0, "upper_km": 0.0, "lower_km": 15.0, "length_km": 39.945511495254209, "width_km": 19.581109339984181, "area_km2": 782.17742823016761, "mmax": 6.88117138467884, "slip_rate": 0.2, "slip_rate_min": 0.1, "slip_rate_max": 0.4, "recurrence_years": 5015.34193416587, "p30": 0.0059637915691317378, "p50": 0.0099198801568982642 }, "geometry": { "type": "LineString", "coordinates": [ [ 27.185063, 42.175242 ], [ 27.154662, 42.178525 ], [ 27.12426, 42.181808 ], [ 27.078714, 42.187625 ], [ 27.033168, 42.193441 ], [ 26.984481, 42.199839 ], [ 26.935794, 42.206238 ], [ 26.891643, 42.207446 ], [ 26.847491, 42.208653 ], [ 26.812661, 42.210869 ], [ 26.777831, 42.213085 ], [ 26.742176, 42.213809 ], [ 26.706521, 42.214532 ] ] } },
{ "type": "Feature", "properties": { "fault_id": "F0003", "label": "Kırklareli – Edirne", "catalog_name": "EMME", "slip_type": "Normal", "rake": -90.0, "dip": 50.0, "upper_km": 1.0, "lower_km": 15.0, "length_km": 40.444094127242309, "width_km": 18.275702050651901, "area_km2": 739.14421397800083, "mmax": 6.8561037652262815, "slip_rate": 0.2, "slip_rate_min": 0.1, "slip_rate_max": 0.4, "recurrence_years": 4867.1554348741229, "p30": 0.0061448074958652121, "p50": 0.010220354441951462 }, "geometry": { "type": "LineString", "coordinates": [ [ 27.387615, 42.326723 ], [ 27.328223, 42.324418 ], [ 27.289151, 42.325571 ], [ 27.248515, 42.327876 ], [ 27.200063, 42.332486 ], [ 27.162437, 42.335697 ], [ 27.120709, 42.332181 ], [ 27.078981, 42.328665 ], [ 27.042069, 42.326322 ], [ 27.005157, 42.323978 ], [ 26.952567, 42.321893 ], [ 26.899977, 42.319808 ] ] } },
{ "type": "Feature", "properties": { "fault_id": "F0004", "label": "Kırklareli – Edirne", "catalog_name": "EMME", "slip_type": "Normal", "rake": -90.0, "dip": 50.0, "upper_km": 1.0, "lower_km": 15.0, "length_km": 43.831846218369385, "width_km": 18.275702050651901, "area_km2": 801.05776181691215, "mmax": 6.891737109512766, "slip_rate": 0.2, "slip_rate_min": 0.1, "slip_rate_max": 0.3, "recurrence_years": 5079.1446460668749, "p30": 0.0058890972134523212, "p50": 0.0097958819089347671 }, "geometry": { "type": "LineString", "coordinates": [ [ 27.720706, 42.628591 ], [ 27.674422, 42.624585 ], [ 27.620271, 42.623564 ], [ 27.570958, 42.616573 ], [ 27.532838, 42.61457 ], [ 27.497339, 42.607764 ], [ 27.441591, 42.603024 ], [ 27.394219, 42.599055 ], [ 27.347671, 42.598355 ], [ 27.295073, 42.595124 ], [ 27.26434, 42.591964 ], [ 27.233607, 42.588803 ], [ 27.192868, 42.58143 ] ] } },
{ "type": "Feature", "properties": { "fault_id": "F0005", "label": "Keşan açıkları", "catalog_name": "EMME", "slip_type": "Normal", "rake": -105.0, "dip": 60.0, "upper_km": 0.0, "lower_km": 14.0, "length_km": 54.242871241562135, "width_km": 16.165807537309522, "area_km2": 876.87981676215509, "mmax": 6.9317988754687265, "slip_rate": 0.6, "slip_rate_min": 0.4, "slip_rate_max": 0.7, "recurrence_years": 1776.1749227836938, "p30": 0.01674838811749968, "p50": 0.027757850501920478 }, "geometry": { "type": "LineString", "coordinates": [ [ 26.129644, 40.847688 ], [ 26.075288, 40.845883 ], [ 26.043484, 40.846334 ], [ 26.009367, 40.847237 ], [ 25.977563, 40.847237 ], [ 25.93882, 40.849945 ], [ 25.898921, 40.851299 ], [ 25.872755, 40.851635 ], [ 25.848035, 40.85087 ], [ 25.818977, 40.851089 ], [ 25.795541, 40.850947 ], [ 25.772571, 40.849996 ], [ 25.732671, 40.847154 ], [ 25.703369, 40.847658 ], [ 25.664393, 40.855469 ], [ 25.632694, 40.862169 ], [ 25.605403, 40.864925 ], [ 25.593815, 40.864103 ], [ 25.582228, 40.861225 ], [ 25.568007, 40.856292 ], [ 25.557473, 40.856292 ], [ 25.531755, 40.86396 ], [ 25.499536, 40.875203 ] ] } },
{ "type": "Feature", "properties": { "fault_id": "F0006", "label": "Çanakkale açıkları", "catalog_name": "EMME", "slip_type": "Normal", "rake": -105.0, "dip": 60.0, "upper_km": 0.0, "lower_km": 13.0, "length_km": 29.304380602723711, "width_km": 15.01110699893027, "area_km2": 439.89119276486235, "mmax": 6.6262121722203799, "slip_rate": 0.6, "slip_rate_min": 0.1, "slip_rate_max": 1.0, "recurrence_years": 1232.2547086591539, "p30": 0.024051651940446228, "p50": 0.03976384188145432 }, "geometry": { "type": "LineString", "coordinates": [ [ 25.45941, 40.51949 ], [ 25.494261, 40.512209 ], [ 25.529112, 40.504927 ], [ 25.572344, 40.495336 ], [ 25.615575, 40.485746 ], [ 25.667735, 40.473573 ], [ 25.719895, 40.461401 ], [ 25.754833, 40.453726 ], [ 25.78977, 40.44605 ] ] } },
{ "type": "Feature", "properties": { "fault_id": "F0007", "label": "Silifke açıkları", "catalog_name": "EMME", "slip_type": "Reverse", "rake": 97.0, "dip": 35.0, "upper_km": 3.0, "lower_km": 17.5, "length_km": 205.2847736062933, "width_km": 25.279978536505922, "area_km2": 5189.5946706385721, "mmax": 7.673620095038304, "slip_rate": 0.8, "slip_rate_min": 0.19, "slip_rate_max": 1.5, "recurrence_years": 2918.0011714948314, "p30": 0.010228341330995039, "p50": 0.0169890476231499 }, "geometry": { "type": "LineString", "coordinates": [ [ 33.267769, 35.315199 ], [ 33.3608, 35.215628 ], [ 33.453831, 35.116056 ], [ 33.558411, 35.038296 ], [ 33.693461, 34.924002 ], [ 33.860104, 34.843802 ], [ 33.996454, 34.784546 ], [ 34.127832, 34.739278 ], [ 34.304884, 34.694089 ], [ 34.487577, 34.694399 ], [ 34.656381, 34.719181 ], [ 34.842203, 34.736994 ], [ 35.013726, 34.786276 ], [ 35.114225, 34.807443 ], [ 35.214723, 34.828609 ] ] } },
{ "type": "Feature", "properties": { "fault_id": "F0008", "label": "Anamur", "catalog_name": "EMME", "slip_type": "Dextral-Reverse", "rake": 145.0, "dip": 80.0, "upper_km": 3.5, "lower_km": 17.5, "length_km": 177.70275219256717, "width_km": 14.215972566400429, "area_km2": 2526.2174501433888, "mmax": 7.4505201453683387, "slip_rate": 6.0, "slip_rate_min": 2.0, "slip_rate_max": 10.0, "recurrence_years": 369.85967371151429, "p30": 0.077909444230066294, "p50": 0.12644693898992287 }, "geometry": { "type": "LineString", "coordinates": [ [ 32.857252, 35.730917 ], [ 32.800937, 35.664334 ], [ 32.744622, 35.597752 ], [ 32.665413, 35.461145 ], [ 32.573954, 35.321018 ], [ 32.50027, 35.205514 ], [ 32.426585, 35.09001 ], [ 32.34571, 34.959909 ], [ 32.271421, 34.846864 ], [ 32.190796, 34.712503 ], [ 32.084516, 34.58449 ], [ 32.022403, 34.522599 ], [ 31.96029, 34.460708 ], [ 31.862502, 34.360406 ] ] } },
{ "type": "Feature", "properties": { "fault_id": "F0009", "label": "Milas açıkları", "catalog_name": "EMME", "slip_type": "Normal", "rake": -110.0, "dip": 80.0, "upper_km": 1.0, "lower_km": 12.0, "length_km": 34.253395618473021, "width_km": 11.169692730743195, "area_km2": 382.59990404292893, "mmax": 6.5643997539044641, "slip_rate": 1.8, "slip_rate_min": 0.5, "slip_rate_max": 3.0, "recurrence_years": 381.47054890443457, "p30": 0.075630162574267024, "p50": 0.12284513517150109 }, "geometry": { "type": "LineString", "coordinates": [ [ 26.930792, 35.857427 ], [ 26.935298, 35.881304 ], [ 26.939805, 35.905181 ], [ 26.940941, 35.930354 ], [ 26.942078, 35.955527 ], [ 26.936922, 35.982001 ], [ 26.931832, 36.00997 ], [ 26.928779, 36.042733 ], [ 26.930906, 36.073014 ], [ 26.930472, 36.103968 ], [ 26.93285, 36.133829 ], [ 26.92776, 36.163396 ] ] } },
{ "type": "Feature", "properties": { "fault_id": "F0010", "label": "Milas açıkları", "catalog_name": "EMME", "slip_type": "Normal", "rake": -110.0, "dip": 80.0, "upper_km": 2.0, "lower_km": 12.0, "length_km": 64.055649543146373, "width_km": 10.15426611885745, "area_km2": 650.43811187737788, "mmax": 6.7994701000627229, "slip_rate": 1.8, "slip_rate_min": 0.5, "slip_rate_max": 3.0, "recurrence_years": 505.36528982956855, "p30": 0.057635371856985973, "p50": 0.094201437016311451 }, "geometry": { "type": "LineString", "coordinates": [ [ 27.052554, 35.618795 ], [ 27.077405, 35.660766 ], [ 27.094585, 35.701436 ], [ 27.109981, 35.741474 ], [ 27.115071, 35.787822 ], [ 27.12635, 35.842034 ], [ 27.137467, 35.890905 ], [ 27.144324, 35.936507 ], [ 27.14636, 35.982855 ], [ 27.16163, 36.033197 ], [ 27.175882, 36.073951 ], [ 27.184013, 36.103908 ], [ 27.188335, 36.135756 ], [ 27.192439, 36.157802 ], [ 27.197529, 36.178578 ] ] } },
{ "type": "Feature", "properties": { "fault_id": "F0011", "label": "Ezine açıkları", "catalog_name": "EMME", "slip_type": "Dextral", "rake": -2.0, "dip": 80.0, "upper_km": 0.0, "lower_km": 15.0, "length_km": 82.858506286528581, "width_km": 15.231399178286175, "area_km2": 1262.0509845666513, "mmax": 7.1430984379698845, "slip_rate": 1.2, "slip_rate_min": 0.8, "slip_rate_max": 1.6, "recurrence_years": 1280.1718000536216, "p30": 0.023161902575842386, "p50": 0.038304356989622645 }, "geometry": { "type": "LineString", "coordinates": [ [ 25.382807, 39.742699 ], [ 25.309649, 39.694763 ], [ 25.236493, 39.646826 ], [ 25.163335, 39.59889 ], [ 25.090178, 39.550953 ], [ 25.01702, 39.503018 ], [ 24.980441, 39.47905 ], [ 24.943862, 39.455081 ], [ 24.907284, 39.431113 ], [ 24.870706, 39.407145 ], [ 24.834127, 39.383177 ], [ 24.797548, 39.359208 ], [ 24.76097, 39.33524 ], [ 24.724391, 39.311272 ], [ 24.687812, 39.287304 ], [ 24.651233, 39.263335 ] ] } },
{ "type": "Feature", "properties": { "fault_id": "F0012", "label": "Çeşme açıkları", "catalog_name": "EMME", "slip_type": "Dextral", "rake": 10.0, "dip": 85.0, "upper_km": 0.5, "lower_km": 16.0, "length_km": 48.268752529681358, "width_km": 15.559207481921884, "area_km2": 751.02353550285409, "mmax": 6.913166618037776, "slip_rate": 1.2, "slip_rate_min": 0.5, "slip_rate_max": 2.0, "recurrence_years": 972.28565708061535, "p30": 0.030383968478458923, "p50": 0.050125317334909991 }, "geometry": { "type": "LineString", "coordinates": [ [ 25.4319, 38.600364 ], [ 25.462522, 38.619594 ], [ 25.493144, 38.638823 ], [ 25.523766, 38.658053 ], [ 25.55643, 38.679687 ], [ 25.589094, 38.701321 ], [ 25.619512, 38.721398 ], [ 25.64993, 38.741475 ], [ 25.671981, 38.757576 ], [ 25.694031, 38.773677 ], [ 25.72121, 38.791389 ], [ 25.748389, 38.809101 ], [ 25.777619, 38.826813 ], [ 25.806849, 38.844524 ], [ 25.832707, 38.859829 ], [ 25.858566, 38.875134 ] ] } },
{ "type": "Feature", "properties": { "fault_id": "F0013", "label": "Çeşme – Urla", "catalog_name": "EMME", "slip_type": "Sinistral", "rake": -15.0, "dip": 67.5, "upper_km": 0.5, "lower_km": 15.0, "length_km": 47.443721338270642, "width_km": 15.694686904239713, "area_km2": 744.61435197615447, "mmax": 6.9093700307720471, "slip_rate": 0.8, "slip_rate_min": 0.5, "slip_rate_max": 1.0, "recurrence_years": 1451.8187526194633, "p30": 0.020451704365230139, "p50": 0.03385326880854389 }, "geometry": { "type": "LineString", "coordinates": [ [ 25.185846, 38.832204 ], [ 25.200832, 38.808677 ], [ 25.215818, 38.785149 ], [ 25.225355, 38.756275 ], [ 25.234892, 38.7274 ], [ 25.254799, 38.707951 ], [ 25.274706, 38.688501 ], [ 25.296142, 38.671675 ], [ 25.317578, 38.654848 ], [ 25.340034, 38.628407 ], [ 25.36249, 38.601966 ], [ 25.386988, 38.562705 ], [ 25.411486, 38.523444 ], [ 25.430818, 38.494952 ], [ 25.45015, 38.466459 ] ] } },
{ "type": "Feature", "properties": { "fault_id": "F0014", "label": "Urla açıkları", "catalog_name": "EMME", "slip_type": "Normal", "rake": -90.0, "dip": 57.5, "upper_km": 1.0, "lower_km": 15.0, "length_km": 60.893214936838262, "width_km": 16.59964666407825, "area_km2": 1010.8058521912872, "mmax": 6.9947611026124452, "slip_rate": 2.0, "slip_rate_min": 1.0, "slip_rate_max": 3.0, "recurrence_years": 574.54315627501023, "p30": 0.050875595380542205, "p50": 0.083346430190074927 }, "geometry": { "type": "LineString", "coordinates": [ [ 26.645623, 38.061437 ], [ 26.604688, 38.070877 ], [ 26.54189, 38.079955 ], [ 26.479092, 38.089032 ], [ 26.421101, 38.097262 ], [ 26.363109, 38.105492 ], [ 26.305118, 38.113722 ], [ 26.266974, 38.11808 ], [ 26.22883, 38.122437 ], [ 26.188826, 38.119895 ], [ 26.148821, 38.117353 ], [ 26.09207, 38.111544 ], [ 26.059508, 38.105372 ], [ 26.026946, 38.099199 ], [ 25.966473, 38.085401 ] ] } },
{ "type": "Feature", "properties": { "fault_id": "F0015", "label": "Urla açıkları", "catalog_name": "EMME", "slip_type": "Sinistral-Normal", "rake": -25.0, "dip": 62.5, "upper_km": 0.5, "lower_km": 14.5, "length_km": 35.335524731596053, "width_km": 15.783347256128792, "area_km2": 557.71285731630758, "mmax": 6.7813388698129913, "slip_rate": 0.6, "slip_rate_min": 0.1, "slip_rate_max": 1.0, "recurrence_years": 1660.82985439156, "p30": 0.017901096310839471, "p50": 0.029656776928367989 }, "geometry": { "type": "LineString", "coordinates": [ [ 25.711729, 37.970243 ], [ 25.740339, 37.946716 ], [ 25.768949, 37.923188 ], [ 25.789385, 37.898591 ], [ 25.809821, 37.873994 ], [ 25.837069, 37.854745 ], [ 25.864317, 37.835495 ], [ 25.887477, 37.816246 ], [ 25.910637, 37.796996 ], [ 25.940611, 37.763844 ], [ 25.970585, 37.730691 ] ] } },
{ "type": "Feature", "properties": { "fault_id": "F0016", "label": "Kuşadası – Söke", "catalog_name": "EMME", "slip_type": "Normal", "rake": -90.0, "dip": 60.0, "upper_km": 0.5, "lower_km": 15.5, "length_km": 51.074630018151694, "width_km": 17.320508075688775, "area_km2": 884.6385416922127, "mmax": 6.9357011738034524, "slip_rate": 2.4, "slip_rate_min": 2.4, "slip_rate_max": 2.4, "recurrence_years": 446.12176075194003, "p30": 0.065035029741369654, "p50": 0.10602460414188797 }, "geometry": { "type": "LineString", "coordinates": [ [ 26.164444, 36.859068 ], [ 26.206266, 36.878714 ], [ 26.248089, 36.89836 ], [ 26.289911, 36.918006 ], [ 26.321004, 36.929197 ], [ 26.352097, 36.940387 ], [ 26.385582, 36.944118 ], [ 26.419067, 36.947848 ], [ 26.457336, 36.961525 ], [ 26.495604, 36.975203 ], [ 26.533873, 36.98888 ], [ 26.580114, 37.012505 ], [ 26.626356, 37.036129 ], [ 26.672597, 37.059754 ] ] } },
{ "type": "Feature", "properties": { "fault_id": "F0017", "label": "Milas açıkları", "catalog_name": "EMME", "slip_type": "Normal", "rake": -90.0, "dip": 62.5, "upper_km": 0.0, "lower_km": 14.5, "length_km": 45.386894620168547, "width_km": 16.347038229561964, "area_km2": 741.94130147699548, "mmax": 6.8577769384761371, "slip_rate": 3.0, "slip_rate_min": 3.0, "slip_rate_max": 3.0, "recurrence_years": 325.12723507044626, "p30": 0.088142516014248162, "p50": 0.14254445838327412 }, "geometry": { "type": "LineString", "coordinates": [ [ 27.377805, 36.857044 ], [ 27.339879, 36.84667 ], [ 27.301953, 36.836295 ], [ 27.264027, 36.825921 ], [ 27.212311, 36.812388 ], [ 27.174385, 36.793444 ], [ 27.139907, 36.766379 ], [ 27.096809, 36.745405 ], [ 27.053711, 36.72443 ], [ 27.027852, 36.702778 ], [ 27.001993, 36.681127 ], [ 26.982168, 36.660829 ], [ 26.962343, 36.640531 ] ] } },
{ "type": "Feature", "properties": { "fault_id": "F0018", "label": "İsimsiz fay", "catalog_name": "EMME", "slip_type": "Normal", "rake": -72.0, "dip": 62.5, "upper_km": 1.0, "lower_km": 12.0, "length_km": 32.341116225757958, "width_km": 12.401201415529766, "area_km2": 401.06869631868227, "mmax": 6.5852831416547684, "slip_rate": 0.6, "slip_rate_min": 0.1, "slip_rate_max": 1.0, "recurrence_years": 1173.3658414255251, "p30": 0.025243393446175211, "p50": 0.041717304940844913 }, "geometry": { "type": "LineString", "coordinates": [ [ 26.542169, 36.160334 ], [ 26.578441, 36.153936 ], [ 26.614713, 36.147537 ], [ 26.668127, 36.138761 ], [ 26.707051, 36.136811 ], [ 26.745975, 36.13486 ], [ 26.784899, 36.13291 ], [ 26.822316, 36.131824 ], [ 26.859734, 36.130738 ], [ 26.897151, 36.129652 ] ] } },
{ "type": "Feature", "properties": { "fault_id": "F0019", "label": "Ezine açıkları", "catalog_name": "EMME", "slip_type": "Dextral", "rake": 17.0, "dip": 82.5, "upper_km": 0.0, "lower_km": 16.0, "length_km": 60.578931265607544, "width_km": 16.138063369282445, "area_km2": 977.62663160778015, "mmax": 7.0299764841856858, "slip_rate": 4.0, "slip_rate_min": 1.0, "slip_rate_max": 7.0, "recurrence_years": 335.43660705130793, "p30": 0.085552916672571588, "p50": 0.13848211373275976 }, "geometry": { "type": "LineString", "coordinates": [ [ 25.451359, 40.042083 ], [ 25.421157, 40.02456 ], [ 25.393581, 40.010645 ], [ 25.366004, 39.996729 ], [ 25.334489, 39.977144 ], [ 25.312822, 39.960137 ], [ 25.291155, 39.943129 ], [ 25.247821, 39.913236 ], [ 25.224841, 39.892621 ], [ 25.201861, 39.872005 ], [ 25.175583, 39.851516 ], [ 25.149304, 39.831027 ], [ 25.10521, 39.797214 ], [ 25.061116, 39.7634 ], [ 25.020831, 39.732507 ], [ 24.980545, 39.701614 ], [ 24.94026, 39.670721 ] ] } },
{ "type": "Feature", "properties": { "fault_id": "F0020", "label": "Bingöl – Varto", "catalog_name": "EMME", "slip_type": "Dextral", "rake": 167.0, "dip": 85.0, "upper_km": 2.0, "lower_km": 18.0, "length_km": 52.604531664730814, "width_km": 16.061117400693558, "area_km2": 844.88755887574337, "mmax": 6.9653348933946502, "slip_rate": 13.5, "slip_rate_min": 1.0, "slip_rate_max": 25.9613, "recurrence_years": 91.991648553839994, "p30": 0.27827894147311083, "p50": 0.41930382903424945 }, "geometry": { "type": "LineString", "coordinates": [ [ 40.548075, 39.414054 ], [ 40.58753, 39.401824 ], [ 40.626984, 39.389593 ], [ 40.666439, 39.377363 ], [ 40.708778, 39.380242 ], [ 40.751117, 39.38312 ], [ 40.793456, 39.385999 ], [ 40.835915, 39.384521 ], [ 40.878375, 39.383042 ], [ 40.920834, 39.381564 ], [ 40.960256, 39.369306 ], [ 40.999679, 39.357048 ], [ 41.039101, 39.34479 ], [ 41.08461, 39.331295 ], [ 41.130119, 39.317799 ] ] } },
{ "type": "Feature", "properties": { "fault_id": "F0021", "label": "Tokat – Şebin Karahisar", "catalog_name": "EMME", "slip_type": "Dextral", "rake": -178.0, "dip": 87.5, "upper_km": 0.0, "lower_km": 15.0, "length_km": 302.28119186522099, "width_km": 15.014290277449799, "area_km2": 4538.5375600779244, "mmax": 7.7100542526139417, "slip_rate": 22.4, "slip_rate_min": 19.0, "slip_rate_max": 25.7031, "recurrence_years": 135.14381418775386, "p30": 0.19907321690797619, "p50": 0.30924925613190191 }, "geometry": { "type": "LineString", "coordinates": [ [ 36.383168, 40.5492 ], [ 36.501654, 40.539536 ], [ 36.619704, 40.551919 ], [ 36.733923, 40.526127 ], [ 36.852773, 40.519924 ], [ 36.970443, 40.505879 ], [ 37.063686, 40.449582 ], [ 37.177293, 40.422691 ], [ 37.290858, 40.39581 ], [ 37.404382, 40.368939 ], [ 37.517864, 40.342077 ], [ 37.631305, 40.315226 ], [ 37.744705, 40.288384 ], [ 37.858031, 40.261471 ], [ 37.969491, 40.230445 ], [ 38.080907, 40.199432 ], [ 38.192278, 40.168431 ], [ 38.300621, 40.131792 ], [ 38.406965, 40.091972 ], [ 38.513259, 40.05217 ], [ 38.627004, 40.027333 ], [ 38.740498, 40.001947 ], [ 38.853953, 39.97657 ], [ 38.967121, 39.95056 ], [ 39.07863, 39.920735 ], [ 39.190097, 39.890921 ], [ 39.305347, 39.861744 ], [ 39.401788, 39.824181 ], [ 39.498067, 39.779541 ], [ 39.603051, 39.738466 ], [ 39.70868, 39.698482 ] ] } },
{ "type": "Feature", "properties": { "fault_id": "F0022", "label": "Sungurlu – Çorum", "catalog_name": "EMME", "slip_type": "Dextral", "rake": -178.0, "dip": 85.0, "upper_km": 0.0, "lower_km": 15.0, "length_km": 208.00179911558416, "width_km": 15.057297563150211, "area_km2": 3131.9449829539453, "mmax": 7.5457304069448243, "slip_rate": 2.0, "slip_rate_min": 1.0013, "slip_rate_max": 3.0004, "recurrence_years": 1243.4554655001059, "p30": 0.023837603357798831, "p50": 0.039412812008672415 }, "geometry": { "type": "LineString", "coordinates": [ [ 34.093737, 39.927279 ], [ 34.195029, 39.971676 ], [ 34.296371, 40.016095 ], [ 34.397763, 40.060535 ], [ 34.499205, 40.104997 ], [ 34.600697, 40.149481 ], [ 34.702239, 40.193987 ], [ 34.80903, 40.230732 ], [ 34.917194, 40.265157 ], [ 35.025405, 40.299597 ], [ 35.133663, 40.334052 ], [ 35.241969, 40.368521 ], [ 35.350322, 40.403006 ], [ 35.458722, 40.437506 ], [ 35.567169, 40.472021 ], [ 35.675664, 40.506551 ], [ 35.808357, 40.5505 ], [ 35.952481, 40.574541 ], [ 36.160471, 40.57198 ], [ 36.349519, 40.551773 ] ] } },
{ "type": "Feature", "properties": { "fault_id": "F0023", "label": "Erbaa – Niksar", "catalog_name": "EMME", "slip_type": "Dextral", "rake": 180.0, "dip": 71.0, "upper_km": 0.0, "lower_km": 18.0, "length_km": 64.06982294930468, "width_km": 19.037172261360073, "area_km2": 1219.7082562407541, "mmax": 7.127981082850706, "slip_rate": null, "slip_rate_min": null, "slip_rate_max": null, "recurrence_years": null, "p30": null, "p50": null }, "geometry": { "type": "LineString", "coordinates": [ [ 36.658349, 40.712533 ], [ 36.714021, 40.689035 ], [ 36.769692, 40.665537 ], [ 36.825334, 40.642052 ], [ 36.880976, 40.618566 ], [ 36.94022, 40.600941 ], [ 36.999465, 40.583316 ], [ 37.062442, 40.576527 ], [ 37.125419, 40.569737 ], [ 37.187727, 40.560082 ], [ 37.250035, 40.550427 ], [ 37.303153, 40.529069 ], [ 37.356271, 40.50771 ] ] } },
{ "type": "Feature", "properties": { "fault_id": "F0024", "label": "Düzce – Gerede", "catalog_name": "EMME", "slip_type": "Dextral", "rake": -177.0, "dip": 70.0, "upper_km": 0.0, "lower_km": 16.0, "length_km": 168.47362484907558, "width_km": 17.026844359614596, "area_km2": 2868.5741890053082, "mmax": 7.5068194081088784, "slip_rate": null, "slip_rate_min": null, "slip_rate_max": null, "recurrence_years": null, "p30": null, "p50": null }, "geometry": { "type": "LineString", "coordinates": [ [ 31.541616, 40.684775 ], [ 31.589189, 40.685763 ], [ 31.684143, 40.697325 ], [ 31.791679, 40.731199 ], [ 31.906345, 40.746794 ], [ 32.01929, 40.768522 ], [ 32.131657, 40.792008 ], [ 32.24592, 40.80961 ], [ 32.361163, 40.823206 ], [ 32.475774, 40.839675 ], [ 32.589225, 40.860331 ], [ 32.704469, 40.874345 ], [ 32.817286, 40.897083 ], [ 32.932094, 40.913271 ], [ 33.047776, 40.925548 ], [ 33.161175, 40.946835 ], [ 33.386673, 41.011299 ], [ 33.483599, 41.01925 ] ] } },
{ "type": "Feature", "properties": { "fault_id": "F0025", "label": "Düzce", "catalog_name": "EMME", "slip_type": "Dextral", "rake": 180.0, "dip": 78.0, "upper_km": 0.0, "lower_km": 18.0, "length_km": 32.543737988215433, "width_km": 18.402130707570528, "area_km2": 598.87412017206873, "mmax": 6.8128822567452954, "slip_rate": 12.0, "slip_rate_min": 12.0, "slip_rate_max": 12.0, "recurrence_years": 86.235351620857273, "p30": 0.29382003813496127, "p50": 0.43999446841209877 }, "geometry": { "type": "LineString", "coordinates": [ [ 31.150511, 40.594456 ], [ 31.175449, 40.594729 ], [ 31.217643, 40.603333 ], [ 31.268702, 40.615481 ], [ 31.31976, 40.627628 ], [ 31.368303, 40.644751 ], [ 31.416846, 40.661874 ], [ 31.463199, 40.678224 ], [ 31.509552, 40.694574 ] ] } },
{ "type": "Feature", "properties": { "fault_id": "F0026", "label": "Adapazarı – Hendek", "catalog_name": "EMME", "slip_type": "Dextral", "rake": 8.0, "dip": 89.0, "upper_km": 0.0, "lower_km": 18.0, "length_km": 61.972839807704148, "width_km": 18.002741904790337, "area_km2": 1115.6810401650141, "mmax": 7.0884908538150384, "slip_rate": 12.6, "slip_rate_min": 12.0, "slip_rate_max": 13.1899, "recurrence_years": 114.21007799712811, "p30": 0.23100733059262413, "p50": 0.35453851469002962 }, "geometry": { "type": "LineString", "coordinates": [ [ 30.417031, 40.645341 ], [ 30.476308, 40.633956 ], [ 30.535585, 40.622571 ], [ 30.594843, 40.61119 ], [ 30.654101, 40.599809 ], [ 30.71334, 40.588431 ], [ 30.772579, 40.577053 ], [ 30.833562, 40.574299 ], [ 30.894545, 40.571544 ], [ 30.955598, 40.573192 ], [ 31.016651, 40.57484 ], [ 31.075674, 40.585074 ], [ 31.134696, 40.595308 ] ] } },
{ "type": "Feature", "properties": { "fault_id": "F0027", "label": "Düzce", "catalog_name": "EMME", "slip_type": "Dextral-Normal", "rake": -142.0, "dip": 64.0, "upper_km": 0.0, "lower_km": 18.0, "length_km": 46.845818198829804, "width_km": 20.026834928553399, "area_km2": 938.17346816098723, "mmax": 7.0117288097370905, "slip_rate": 19.3, "slip_rate_min": 12.1979, "slip_rate_max": 26.4108, "recurrence_years": 68.019197549680925, "p30": 0.35664071948935416, "p50": 0.52053605973682038 }, "geometry": { "type": "LineString", "coordinates": [ [ 30.943611, 40.7546 ], [ 31.002434, 40.754272 ], [ 31.061257, 40.753943 ], [ 31.118674, 40.76366 ], [ 31.176091, 40.773377 ], [ 31.234925, 40.774197 ], [ 31.293759, 40.775016 ], [ 31.351207, 40.765398 ], [ 31.408655, 40.75578 ], [ 31.447892, 40.74414 ], [ 31.487129, 40.7325 ] ] } },
{ "type": "Feature", "properties": { "fault_id": "F0028", "label": "Çorlu – Istanbul", "catalog_name": "EMME", "slip_type": "Dextral", "rake": 12.0, "dip": 56.5, "upper_km": 0.5, "lower_km": 15.0, "length_km": 104.21634448327482, "width_km": 17.388471678358918, "area_km2": 1812.1629544695211, "mmax": 7.3033611929613595, "slip_rate": 21.4, "slip_rate_min": 15.0, "slip_rate_max": 27.9, "recurrence_years": 86.957994149738212, "p30": 0.29177550931623841, "p50": 0.43728965258720565 }, "geometry": { "type": "LineString", "coordinates": [ [ 28.0563, 40.7968 ], [ 28.116661, 40.807777 ], [ 28.177022, 40.818754 ], [ 28.237518, 40.829367 ], [ 28.298014, 40.839979 ], [ 28.35958, 40.846214 ], [ 28.421145, 40.852448 ], [ 28.482832, 40.858031 ], [ 28.544518, 40.863614 ], [ 28.606536, 40.866479 ], [ 28.668554, 40.869343 ], [ 28.730577, 40.872208 ], [ 28.7926, 40.875073 ], [ 28.853591, 40.866096 ], [ 28.914582, 40.857118 ], [ 28.967916, 40.833045 ], [ 29.02125, 40.808972 ], [ 29.074556, 40.784913 ], [ 29.127861, 40.760853 ], [ 29.2279, 40.7157 ] ] } },
{ "type": "Feature", "properties": { "fault_id": "F0029", "label": "Istanbul – Yalova", "catalog_name": "EMME", "slip_type": "Dextral-Normal", "rake": -156.0, "dip": 62.0, "upper_km": 0.0, "lower_km": 18.0, "length_km": 64.176744854904172, "width_km": 20.386260912402708, "area_km2": 1308.3238651207746, "mmax": 7.1590495686945781, "slip_rate": 0.8, "slip_rate_min": 0.7, "slip_rate_max": 1.0, "recurrence_years": 1957.2569681788711, "p30": 0.015210704096039307, "p50": 0.025222418748003905 }, "geometry": { "type": "LineString", "coordinates": [ [ 28.7511, 40.7298 ], [ 28.806491, 40.719904 ], [ 28.861882, 40.710007 ], [ 28.898384, 40.67693 ], [ 28.934885, 40.643852 ], [ 28.991113, 40.650216 ], [ 29.04734, 40.656579 ], [ 29.103262, 40.664388 ], [ 29.159184, 40.672196 ], [ 29.215207, 40.67964 ], [ 29.271229, 40.687084 ], [ 29.326984, 40.69565 ], [ 29.382739, 40.704215 ], [ 29.42012, 40.709958 ], [ 29.4575, 40.7157 ] ] } },
{ "type": "Feature", "properties": { "fault_id": "F0030", "label": "Büyükçekmece – Nilüfer", "catalog_name": "EMME", "slip_type": "Dextral-Normal", "rake": -146.0, "dip": 85.0, "upper_km": 0.0, "lower_km": 18.0, "length_km": 71.640335374154262, "width_km": 18.068757075780251, "area_km2": 1294.4518167030201, "mmax": 7.1543276071432178, "slip_rate": 0.8, "slip_rate_min": 0.7, "slip_rate_max": 1.0, "recurrence_years": 1946.2305242238938, "p30": 0.015296218458896171, "p50": 0.025363489654108395 }, "geometry": { "type": "LineString", "coordinates": [ [ 28.2957, 40.7189 ], [ 28.345701, 40.691778 ], [ 28.395702, 40.664655 ], [ 28.445676, 40.637548 ], [ 28.495651, 40.61044 ], [ 28.545598, 40.583347 ], [ 28.595546, 40.556254 ], [ 28.654718, 40.54396 ], [ 28.713889, 40.531665 ], [ 28.769515, 40.55133 ], [ 28.82514, 40.570995 ], [ 28.880792, 40.59067 ], [ 28.936444, 40.610345 ], [ 28.986022, 40.627873 ], [ 29.0356, 40.6454 ] ] } },
{ "type": "Feature", "properties": { "fault_id": "F0031", "label": "Çanakkale", "catalog_name": "EMME", "slip_type": "Dextral-Normal", "rake": -143.0, "dip": 70.0, "upper_km": 0.5, "lower_km": 18.0, "length_km": 37.86761825698558, "width_km": 18.623111018328462, "area_km2": 705.21285879952416, "mmax": 6.8852866270450637, "slip_rate": 4.0, "slip_rate_min": 1.0, "slip_rate_max": 7.0, "recurrence_years": 282.11649004469649, "p30": 0.10088025162406444, "p50": 0.16241435071882471 }, "geometry": { "type": "LineString", "coordinates": [ [ 25.800556, 40.245041 ], [ 25.829802, 40.281409 ], [ 25.859048, 40.317778 ], [ 25.89593, 40.349879 ], [ 25.932812, 40.38198 ], [ 25.981325, 40.40333 ], [ 26.029838, 40.424681 ], [ 26.076999, 40.445437 ], [ 26.124159, 40.466192 ] ] } },
{ "type": "Feature", "properties": { "fault_id": "F0032", "label": "Çanakkale açıkları", "catalog_name": "EMME", "slip_type": "Dextral", "rake": -174.0, "dip": 70.0, "upper_km": 0.5, "lower_km": 18.0, "length_km": 49.187095819943906, "width_km": 18.623111018328462, "area_km2": 916.01674612397517, "mmax": 7.0011414815434039, "slip_rate": 4.0, "slip_rate_min": 1.0, "slip_rate_max": 7.0, "recurrence_years": 324.06159333144666, "p30": 0.088419154528959765, "p50": 0.14297797137391322 }, "geometry": { "type": "LineString", "coordinates": [ [ 25.24364, 40.13174 ], [ 25.297164, 40.148294 ], [ 25.350688, 40.164848 ], [ 25.404234, 40.181409 ], [ 25.45778, 40.197969 ], [ 25.511111, 40.214976 ], [ 25.564442, 40.231983 ], [ 25.619418, 40.245658 ], [ 25.674394, 40.259333 ], [ 25.728197, 40.272717 ], [ 25.782, 40.2861 ] ] } },
{ "type": "Feature", "properties": { "fault_id": "F0033", "label": "Bursa – İznik", "catalog_name": "EMME", "slip_type": "Dextral", "rake": 17.0, "dip": 75.0, "upper_km": 0.0, "lower_km": 18.0, "length_km": 141.31583938197917, "width_km": 18.634971247381493, "area_km2": 2633.4166036827633, "mmax": 7.4689299608517361, "slip_rate": 6.4, "slip_rate_min": 4.8589, "slip_rate_max": 8.0, "recurrence_years": 354.46563978163772, "p30": 0.081151880477659533, "p50": 0.1315605343926356 }, "geometry": { "type": "LineString", "coordinates": [ [ 29.050486, 40.424473 ], [ 29.169665, 40.419589 ], [ 29.288836, 40.414705 ], [ 29.40615, 40.398109 ], [ 29.523769, 40.382936 ], [ 29.642851, 40.388236 ], [ 29.760863, 40.401554 ], [ 29.878859, 40.415078 ], [ 29.996691, 40.42953 ], [ 30.114548, 40.443985 ], [ 30.226439, 40.475729 ], [ 30.342462, 40.497385 ], [ 30.45852, 40.519048 ], [ 30.574613, 40.540718 ], [ 30.61799, 40.556235 ], [ 30.680509, 40.570695 ] ] } },
{ "type": "Feature", "properties": { "fault_id": "F0034", "label": "Bandırma – Nilüfer", "catalog_name": "EMME", "slip_type": "Dextral", "rake": 17.0, "dip": 85.0, "upper_km": 0.0, "lower_km": 18.0, "length_km": 96.889811004142686, "width_km": 18.068757075780251, "area_km2": 1750.6784581521144, "mmax": 7.2880705156031134, "slip_rate": 5.3, "slip_rate_min": 5.3, "slip_rate_max": 5.388, "recurrence_years": 344.7484015675567, "p30": 0.083341222026069528, "p50": 0.13500651579430045 }, "geometry": { "type": "LineString", "coordinates": [ [ 27.957, 40.4104 ], [ 28.013158, 40.418471 ], [ 28.069315, 40.426542 ], [ 28.125486, 40.434615 ], [ 28.181656, 40.442688 ], [ 28.23784, 40.450763 ], [ 28.294023, 40.458838 ], [ 28.350306, 40.466558 ], [ 28.406589, 40.474277 ], [ 28.463631, 40.471099 ], [ 28.520673, 40.467921 ], [ 28.577581, 40.46362 ], [ 28.634488, 40.459319 ], [ 28.691439, 40.455416 ], [ 28.74839, 40.451512 ], [ 28.804653, 40.443785 ], [ 28.860915, 40.436058 ], [ 28.914221, 40.420367 ], [ 28.967527, 40.404676 ], [ 29.0782, 40.3946 ] ] } },
{ "type": "Feature", "properties": { "fault_id": "F0035", "label": "Biga – Bandırma", "catalog_name": "EMME", "slip_type": "Dextral", "rake": 180.0, "dip": 67.0, "upper_km": 0.0, "lower_km": 18.0, "length_km": 40.391039983041615, "width_km": 19.554486793295332, "area_km2": 789.82605791585104, "mmax": 6.9354820870237699, "slip_rate": 3.0, "slip_rate_min": 3.0, "slip_rate_max": 3.0, "recurrence_years": 399.4378019846406, "p30": 0.072354441562147764, "p50": 0.1176583451046187 }, "geometry": { "type": "LineString", "coordinates": [ [ 27.466, 40.2715 ], [ 27.50564, 40.270746 ], [ 27.545279, 40.269991 ], [ 27.584919, 40.269237 ], [ 27.622189, 40.279586 ], [ 27.659459, 40.289935 ], [ 27.696729, 40.300284 ], [ 27.732543, 40.313312 ], [ 27.768357, 40.326339 ], [ 27.804171, 40.339367 ], [ 27.857136, 40.358634 ], [ 27.9101, 40.3779 ] ] } },
{ "type": "Feature", "properties": { "fault_id": "F0036", "label": "Biga – Bandırma", "catalog_name": "EMME", "slip_type": "Dextral", "rake": 180.0, "dip": 85.0, "upper_km": 0.0, "lower_km": 18.0, "length_km": 44.427596071249461, "width_km": 18.068757075780251, "area_km2": 802.75144087229557, "mmax": 6.9426727156370722, "slip_rate": 3.0, "slip_rate_min": 3.0, "slip_rate_max": 3.0, "recurrence_years": 402.88905581142808, "p30": 0.071757426474963304, "p50": 0.11671171149400394 }, "geometry": { "type": "LineString", "coordinates": [ [ 27.2535, 40.0667 ], [ 27.289802, 40.084905 ], [ 27.326104, 40.103109 ], [ 27.362406, 40.121314 ], [ 27.399073, 40.13912 ], [ 27.435741, 40.156925 ], [ 27.472408, 40.174731 ], [ 27.513054, 40.186504 ], [ 27.5537, 40.198277 ], [ 27.594346, 40.21005 ], [ 27.634797, 40.221767 ], [ 27.675249, 40.233483 ], [ 27.7157, 40.2452 ] ] } },
{ "type": "Feature", "properties": { "fault_id": "F0037", "label": "Ezine – Çan", "catalog_name": "EMME", "slip_type": "Dextral", "rake": 7.0, "dip": 85.0, "upper_km": 0.0, "lower_km": 18.0, "length_km": 98.692945799935515, "width_km": 18.068757075780251, "area_km2": 1783.2588627521816, "mmax": 7.2962386789534719, "slip_rate": 3.6, "slip_rate_min": 3.0, "slip_rate_max": 4.124, "recurrence_years": 512.53068532494967, "p30": 0.056852960144440079, "p50": 0.092947669801761834 }, "geometry": { "type": "LineString", "coordinates": [ [ 26.139, 39.7089 ], [ 26.194701, 39.722835 ], [ 26.250402, 39.736769 ], [ 26.306123, 39.750709 ], [ 26.361844, 39.764648 ], [ 26.417586, 39.778593 ], [ 26.473328, 39.792538 ], [ 26.52909, 39.806488 ], [ 26.584852, 39.820438 ], [ 26.626539, 39.852145 ], [ 26.668225, 39.883852 ], [ 26.718764, 39.906798 ], [ 26.769303, 39.929745 ], [ 26.822187, 39.949392 ], [ 26.87507, 39.969038 ], [ 26.930317, 39.984456 ], [ 26.985564, 39.999874 ], [ 27.038368, 40.019731 ], [ 27.091172, 40.039588 ], [ 27.1755, 40.072 ] ] } },
{ "type": "Feature", "properties": { "fault_id": "F0038", "label": "İnegol – Bilecik", "catalog_name": "EMME", "slip_type": "Dextral", "rake": 180.0, "dip": 85.0, "upper_km": 0.0, "lower_km": 18.0, "length_km": 50.436595753239317, "width_km": 18.068757075780251, "area_km2": 911.3265963946111, "mmax": 6.9988675259230622, "slip_rate": 3.4, "slip_rate_min": 3.4, "slip_rate_max": 3.4, "recurrence_years": 380.21309647475147, "p30": 0.075870551259304975, "p50": 0.12322528572939651 }, "geometry": { "type": "LineString", "coordinates": [ [ 29.447457, 40.160877 ], [ 29.484755, 40.173017 ], [ 29.522053, 40.185158 ], [ 29.559351, 40.197298 ], [ 29.596184, 40.210274 ], [ 29.633016, 40.22325 ], [ 29.669849, 40.236226 ], [ 29.70493, 40.251807 ], [ 29.74001, 40.267387 ], [ 29.775091, 40.282968 ], [ 29.810215, 40.298524 ], [ 29.84534, 40.314079 ], [ 29.880464, 40.329635 ], [ 29.924709, 40.351971 ], [ 29.968954, 40.374307 ] ] } },
{ "type": "Feature", "properties": { "fault_id": "F0039", "label": "Bursa", "catalog_name": "EMME", "slip_type": "Normal", "rake": -104.0, "dip": 50.0, "upper_km": 0.0, "lower_km": 18.0, "length_km": 34.097971823981759, "width_km": 23.497331207981016, "area_km2": 801.21133746850398, "mmax": 6.8918220278319673, "slip_rate": null, "slip_rate_min": null, "slip_rate_max": null, "recurrence_years": null, "p30": null, "p50": null }, "geometry": { "type": "LineString", "coordinates": [ [ 29.21268, 40.170228 ], [ 29.168249, 40.170312 ], [ 29.123817, 40.170397 ], [ 29.079386, 40.170481 ], [ 29.034955, 40.170565 ], [ 28.990523, 40.17065 ], [ 28.946092, 40.170734 ], [ 28.901658, 40.170818 ], [ 28.857223, 40.170903 ], [ 28.812789, 40.170987 ] ] } },
{ "type": "Feature", "properties": { "fault_id": "F0040", "label": "Bursa", "catalog_name": "EMME", "slip_type": "Dextral", "rake": 180.0, "dip": 85.0, "upper_km": 0.0, "lower_km": 18.0, "length_km": 26.553569730919573, "width_km": 18.068757075780251, "area_km2": 479.79000096277736, "mmax": 6.7146722166924873, "slip_rate": 5.3, "slip_rate_min": 5.3, "slip_rate_max": 5.3, "recurrence_years": 173.60411207538223, "p30": 0.1587000018438941, "p50": 0.25024711321362125 }, "geometry": { "type": "LineString", "coordinates": [ [ 29.215426, 40.403475 ], [ 29.164676, 40.394548 ], [ 29.113925, 40.385621 ], [ 29.063187, 40.376697 ], [ 29.01245, 40.367772 ], [ 28.961725, 40.35885 ], [ 28.911, 40.349927 ] ] } },
{ "type": "Feature", "properties": { "fault_id": "F0041", "label": "İnegol – Bursa", "catalog_name": "EMME", "slip_type": "Dextral", "rake": 180.0, "dip": 85.0, "upper_km": 0.0, "lower_km": 18.0, "length_km": 20.027249803099725, "width_km": 18.068757075780251, "area_km2": 361.8675115881768, "mmax": 6.5897205858431338, "slip_rate": 3.4, "slip_rate_min": 3.4, "slip_rate_max": 3.4, "recurrence_years": 233.04034418228741, "p30": 0.12079138261431699, "p50": 0.19309966926515676 }, "geometry": { "type": "LineString", "coordinates": [ [ 29.586795, 40.314221 ], [ 29.536795, 40.290469 ], [ 29.486794, 40.266716 ], [ 29.436818, 40.242974 ], [ 29.386841, 40.219232 ] ] } },
{ "type": "Feature", "properties": { "fault_id": "F0042", "label": "Bursa – Nilüfer", "catalog_name": "EMME", "slip_type": "Dextral", "rake": 180.0, "dip": 85.0, "upper_km": 0.0, "lower_km": 18.0, "length_km": 34.663304250182435, "width_km": 18.068757075780251, "area_km2": 626.32282394040749, "mmax": 6.8327342029552591, "slip_rate": 3.4, "slip_rate_min": 3.4, "slip_rate_max": 3.4, "recurrence_years": 311.67566478903893, "p30": 0.091766618703544411, "p50": 0.14821674146972108 }, "geometry": { "type": "LineString", "coordinates": [ [ 28.803114, 40.190994 ], [ 28.765251, 40.172123 ], [ 28.727388, 40.153252 ], [ 28.689525, 40.134381 ], [ 28.651684, 40.115521 ], [ 28.613843, 40.096662 ], [ 28.576002, 40.077802 ], [ 28.538182, 40.058952 ], [ 28.500363, 40.040103 ], [ 28.462543, 40.021253 ] ] } },
{ "type": "Feature", "properties": { "fault_id": "F0043", "label": "Bursa", "catalog_name": "EMME", "slip_type": "Normal", "rake": -111.0, "dip": 50.0, "upper_km": 0.0, "lower_km": 18.0, "length_km": 17.631967029013484, "width_km": 23.497331207981016, "area_km2": 414.30416912893088, "mmax": 6.599665689683281, "slip_rate": null, "slip_rate_min": null, "slip_rate_max": null, "recurrence_years": null, "p30": null, "p50": null }, "geometry": { "type": "LineString", "coordinates": [ [ 29.431945, 40.192324 ], [ 29.38061, 40.197191 ], [ 29.329274, 40.202058 ], [ 29.27793, 40.206926 ], [ 29.226585, 40.211794 ] ] } },
{ "type": "Feature", "properties": { "fault_id": "F0044", "label": "İnegol – Bursa", "catalog_name": "EMME", "slip_type": "Dextral", "rake": -161.0, "dip": 80.0, "upper_km": 0.0, "lower_km": 18.0, "length_km": 29.139349287449573, "width_km": 18.277679013943409, "area_km2": 532.59967295118383, "mmax": 6.7609289133279873, "slip_rate": null, "slip_rate_min": null, "slip_rate_max": null, "recurrence_years": null, "p30": null, "p50": null }, "geometry": { "type": "LineString", "coordinates": [ [ 29.573587, 40.122883 ], [ 29.517912, 40.132037 ], [ 29.462237, 40.141191 ], [ 29.406548, 40.150347 ], [ 29.350858, 40.159504 ], [ 29.295151, 40.168663 ], [ 29.239443, 40.177823 ] ] } },
{ "type": "Feature", "properties": { "fault_id": "F0045", "label": "Bingöl – Hınıs", "catalog_name": "EMME", "slip_type": "Sinistral", "rake": 0.0, "dip": 86.0, "upper_km": 2.0, "lower_km": 20.0, "length_km": 26.76869157409206, "width_km": 18.043954165461098, "area_km2": 483.01304383228182, "mmax": 6.7176380362726498, "slip_rate": 8.1, "slip_rate_min": 8.1, "slip_rate_max": 8.1, "recurrence_years": 113.99660609467125, "p30": 0.23138549531934305, "p50": 0.35506745504244619 }, "geometry": { "type": "LineString", "coordinates": [ [ 40.89713, 39.160715 ], [ 40.935945, 39.186885 ], [ 40.97476, 39.213054 ], [ 41.013592, 39.239234 ], [ 41.052423, 39.265415 ], [ 41.091271, 39.291607 ], [ 41.130119, 39.317799 ] ] } },
{ "type": "Feature", "properties": { "fault_id": "F0046", "label": "Bingöl", "catalog_name": "EMME", "slip_type": "Sinistral", "rake": 0.0, "dip": 86.0, "upper_km": 2.0, "lower_km": 20.0, "length_km": 46.640557181042496, "width_km": 18.043954165461098, "area_km2": 841.58007602629834, "mmax": 6.963597354138459, "slip_rate": 8.1, "slip_rate_min": 8.1, "slip_rate_max": 8.1, "recurrence_years": 153.00101516333837, "p30": 0.17805116500109108, "p50": 0.27876857638901453 }, "geometry": { "type": "LineString", "coordinates": [ [ 40.531954, 38.853486 ], [ 40.572524, 38.881981 ], [ 40.613094, 38.910476 ], [ 40.648184, 38.943103 ], [ 40.683273, 38.975729 ], [ 40.728294, 38.999919 ], [ 40.773314, 39.024108 ], [ 40.80101, 39.060807 ], [ 40.828705, 39.097505 ], [ 40.864341, 39.124217 ], [ 40.899976, 39.150928 ] ] } },
{ "type": "Feature", "properties": { "fault_id": "F0047", "label": "Karakoçan – Bingöl", "catalog_name": "EMME", "slip_type": "Sinistral-Reverse", "rake": 26.0, "dip": 69.5, "upper_km": 0.0, "lower_km": 20.0, "length_km": 60.759103815544798, "width_km": 21.35218727487613, "area_km2": 1297.3397633231534, "mmax": 7.155314803958035, "slip_rate": 4.1, "slip_rate_min": 0.1, "slip_rate_max": 8.1, "recurrence_years": 380.20109657920494, "p30": 0.075872852651057254, "p50": 0.12322892483072201 }, "geometry": { "type": "LineString", "coordinates": [ [ 40.063362, 38.737644 ], [ 40.123171, 38.732065 ], [ 40.182979, 38.726486 ], [ 40.242767, 38.720826 ], [ 40.302554, 38.715165 ], [ 40.362647, 38.712142 ], [ 40.422739, 38.709118 ], [ 40.479662, 38.724474 ], [ 40.536584, 38.739829 ], [ 40.588178, 38.764109 ], [ 40.639772, 38.788388 ], [ 40.679807, 38.807228 ], [ 40.719843, 38.826068 ] ] } },
{ "type": "Feature", "properties": { "fault_id": "F0048", "label": "Elazığ – Karakoçan", "catalog_name": "EMME", "slip_type": "Sinistral", "rake": 0.0, "dip": 80.0, "upper_km": 0.0, "lower_km": 20.0, "length_km": 44.841925699952327, "width_km": 20.3085322377149, "area_km2": 910.6736936786981, "mmax": 6.9985500472688251, "slip_rate": 10.0, "slip_rate_min": 10.0, "slip_rate_max": 10.0, "recurrence_years": 129.22335868740763, "p30": 0.20717770125215151, "p50": 0.3208592954168713 }, "geometry": { "type": "LineString", "coordinates": [ [ 39.591964, 38.557105 ], [ 39.633588, 38.565903 ], [ 39.675213, 38.574701 ], [ 39.716837, 38.583499 ], [ 39.754814, 38.599491 ], [ 39.792791, 38.615484 ], [ 39.830768, 38.631476 ], [ 39.867995, 38.648545 ], [ 39.905223, 38.665613 ], [ 39.94245, 38.682682 ], [ 39.978247, 38.699384 ], [ 40.014043, 38.716087 ], [ 40.04984, 38.732789 ] ] } },
{ "type": "Feature", "properties": { "fault_id": "F0049", "label": "Yeşilyurt – Baskil", "catalog_name": "EMME", "slip_type": "Sinistral", "rake": 0.0, "dip": 85.0, "upper_km": 0.0, "lower_km": 20.0, "length_km": 63.586469013639679, "width_km": 20.076396750866948, "area_km2": 1276.5871799045376, "mmax": 7.1481714882984768, "slip_rate": 5.5, "slip_rate_min": 1.0, "slip_rate_max": 10.0, "recurrence_years": 281.01066941232085, "p30": 0.10125641917904082, "p50": 0.1629983081672115 }, "geometry": { "type": "LineString", "coordinates": [ [ 38.522641, 38.08495 ], [ 38.766909, 38.198474 ], [ 38.798919, 38.21852 ], [ 38.83093, 38.238567 ], [ 38.863602, 38.257973 ], [ 38.896273, 38.277378 ], [ 38.928945, 38.296784 ], [ 38.965974, 38.310586 ], [ 39.003003, 38.324387 ], [ 39.040032, 38.338189 ], [ 39.095567, 38.3473 ], [ 39.151101, 38.356411 ] ] } },
{ "type": "Feature", "properties": { "fault_id": "F0050", "label": "Besni – Adıyaman", "catalog_name": "EMME", "slip_type": "Sinistral", "rake": 0.0, "dip": 85.0, "upper_km": 0.0, "lower_km": 20.0, "length_km": 31.374961615094165, "width_km": 20.076396750866948, "area_km2": 629.89617742785174, "mmax": 6.8352543522654514, "slip_rate": 5.5, "slip_rate_min": 1.0, "slip_rate_max": 9.9, "recurrence_years": 193.254053220028, "p30": 0.14378697376657279, "p50": 0.22796607500754495 }, "geometry": { "type": "LineString", "coordinates": [ [ 37.866327, 37.883326 ], [ 37.909675, 37.880462 ], [ 37.967995, 37.893588 ], [ 38.016651, 37.929307 ], [ 38.095176, 37.952655 ], [ 38.156933, 37.947853 ], [ 38.192477, 37.961915 ] ] } },
{ "type": "Feature", "properties": { "fault_id": "F0051", "label": "Kahramanmaraş – Besni", "catalog_name": "EMME", "slip_type": "Sinistral", "rake": 0.0, "dip": 80.0, "upper_km": 0.0, "lower_km": 20.0, "length_km": 63.161403518972634, "width_km": 20.3085322377149, "area_km2": 1282.715399544375, "mmax": 7.1502929148332157, "slip_rate": 9.9, "slip_rate_min": 9.9, "slip_rate_max": 9.9, "recurrence_years": 156.5137922382898, "p30": 0.17442601768852917, "p50": 0.27345921900763803 }, "geometry": { "type": "LineString", "coordinates": [ [ 36.982937, 37.465012 ], [ 37.03861, 37.481945 ], [ 37.094282, 37.498878 ], [ 37.149977, 37.515818 ], [ 37.205671, 37.532758 ], [ 37.258803, 37.554304 ], [ 37.311934, 37.57585 ], [ 37.362233, 37.60135 ], [ 37.412532, 37.62685 ], [ 37.456301, 37.659065 ], [ 37.500071, 37.691279 ], [ 37.543316, 37.723107 ], [ 37.586561, 37.754935 ] ] } },
{ "type": "Feature", "properties": { "fault_id": "F0052", "label": "Samandağ – Antakya", "catalog_name": "EMME", "slip_type": "Sinistral-Normal", "rake": -50.0, "dip": 40.5, "upper_km": 0.0, "lower_km": 17.5, "length_km": 43.812592311629601, "width_km": 26.94595825639141, "area_km2": 1180.5722835334664, "mmax": 7.0635344346705988, "slip_rate": 2.7, "slip_rate_min": 1.0, "slip_rate_max": 4.4219, "recurrence_years": 462.0873187015892, "p30": 0.062860187000529089, "p50": 0.10255609088503159 }, "geometry": { "type": "LineString", "coordinates": [ [ 35.902475, 35.942201 ], [ 35.935704, 35.973085 ], [ 35.968932, 36.003969 ], [ 36.004555, 36.033073 ], [ 36.040177, 36.062177 ], [ 36.076986, 36.090322 ], [ 36.113794, 36.118467 ], [ 36.138949, 36.154025 ], [ 36.164104, 36.189582 ], [ 36.184604, 36.21834 ], [ 36.205103, 36.247098 ] ] } },
{ "type": "Feature", "properties": { "fault_id": "F0053", "label": "Kilis – İskenderun", "catalog_name": "EMME", "slip_type": "Sinistral-Normal", "rake": -27.0, "dip": 69.0, "upper_km": 0.0, "lower_km": 18.0, "length_km": 45.486265510373137, "width_km": 19.280609885466522, "area_km2": 877.00294045225519, "mmax": 6.9818610704790274, "slip_rate": 3.0, "slip_rate_min": 1.0, "slip_rate_max": 4.9043, "recurrence_years": 422.22898842975775, "p30": 0.068586070369856422, "p50": 0.1116763706668602 }, "geometry": { "type": "LineString", "coordinates": [ [ 36.791919, 36.782253 ], [ 36.749223, 36.752326 ], [ 36.706526, 36.722398 ], [ 36.66922, 36.688178 ], [ 36.631914, 36.653958 ], [ 36.619183, 36.609668 ], [ 36.606452, 36.565378 ], [ 36.593722, 36.521091 ], [ 36.580992, 36.476804 ], [ 36.568263, 36.43252 ] ] } },
{ "type": "Feature", "properties": { "fault_id": "F0054", "label": "Antakya", "catalog_name": "EMME", "slip_type": "Dextral", "rake": 180.0, "dip": 80.0, "upper_km": 0.0, "lower_km": 18.0, "length_km": 20.711693592857973, "width_km": 18.277679013943409, "area_km2": 378.56168732540635, "mmax": 6.609699391863602, "slip_rate": 1.0, "slip_rate_min": 0.5, "slip_rate_max": 1.5, "recurrence_years": 811.50495208475456, "p30": 0.036293364892848845, "p50": 0.059754171779233589 }, "geometry": { "type": "LineString", "coordinates": [ [ 36.7555, 36.2157 ], [ 36.717855, 36.221666 ], [ 36.68021, 36.227632 ], [ 36.642565, 36.233598 ], [ 36.60491, 36.239565 ], [ 36.567255, 36.245533 ], [ 36.5296, 36.2515 ] ] } },
{ "type": "Feature", "properties": { "fault_id": "F0055", "label": "Besni", "catalog_name": "EMME", "slip_type": "Sinistral", "rake": 0.0, "dip": 85.0, "upper_km": 0.0, "lower_km": 20.0, "length_km": 34.651572214835802, "width_km": 20.076396750866948, "area_km2": 695.67871182636088, "mmax": 6.8792568881749077, "slip_rate": 5.5, "slip_rate_min": 1.0, "slip_rate_max": 9.9, "recurrence_years": 203.70077163761758, "p30": 0.13694326383815636, "p50": 0.2176539197904076 }, "geometry": { "type": "LineString", "coordinates": [ [ 37.644122, 37.806106 ], [ 37.688647, 37.827082 ], [ 37.733171, 37.848057 ], [ 37.770968, 37.876105 ], [ 37.808764, 37.904154 ], [ 37.856188, 37.920806 ], [ 37.903612, 37.937458 ], [ 37.942318, 37.948582 ], [ 37.981024, 37.959706 ] ] } },
{ "type": "Feature", "properties": { "fault_id": "F0056", "label": "Gaziantep – Nurdağı", "catalog_name": "EMME", "slip_type": "Sinistral-Normal", "rake": -29.0, "dip": 58.0, "upper_km": 0.0, "lower_km": 18.0, "length_km": 40.462700128147624, "width_km": 21.225211260517732, "area_km2": 858.82935839091124, "mmax": 6.9725850196660639, "slip_rate": 3.0, "slip_rate_min": 1.0, "slip_rate_max": 4.9043, "recurrence_years": 417.56889282305275, "p30": 0.069324332263242305, "p50": 0.11284957300027043 }, "geometry": { "type": "LineString", "coordinates": [ [ 37.061982, 37.050842 ], [ 37.026584, 37.04008 ], [ 36.991185, 37.029317 ], [ 36.955787, 37.018555 ], [ 36.920402, 37.007797 ], [ 36.885016, 36.997038 ], [ 36.849631, 36.98628 ], [ 36.814259, 36.975526 ], [ 36.778887, 36.964771 ], [ 36.743515, 36.954017 ], [ 36.708153, 36.943266 ], [ 36.672792, 36.932514 ], [ 36.63743, 36.921763 ] ] } },
{ "type": "Feature", "properties": { "fault_id": "F0057", "label": "Gaziantep – Kilis", "catalog_name": "EMME", "slip_type": "Sinistral-Normal", "rake": -29.0, "dip": 58.0, "upper_km": 0.0, "lower_km": 18.0, "length_km": 18.073294100869838, "width_km": 21.225211260517732, "area_km2": 383.60948546443115, "mmax": 6.6155671241250324, "slip_rate": 3.0, "slip_rate_min": 1.0, "slip_rate_max": 4.9043, "recurrence_years": 272.40736128396861, "p30": 0.10428158330503245, "p50": 0.16768860676556219 }, "geometry": { "type": "LineString", "coordinates": [ [ 37.025482, 36.854785 ], [ 36.977893, 36.840967 ], [ 36.930305, 36.827148 ], [ 36.882731, 36.813333 ], [ 36.835157, 36.799518 ] ] } },
{ "type": "Feature", "properties": { "fault_id": "F0058", "label": "Pasinler – Ağrı", "catalog_name": "EMME", "slip_type": "Dextral", "rake": 168.0, "dip": 80.0, "upper_km": 0.0, "lower_km": 20.0, "length_km": 80.635985036426163, "width_km": 20.3085322377149, "area_km2": 1637.598501632157, "mmax": 7.2584915809300927, "slip_rate": 1.8, "slip_rate_min": 0.5, "slip_rate_max": 3.0, "recurrence_years": 979.79716675435725, "p30": 0.030154581066656361, "p50": 0.049750759314205917 }, "geometry": { "type": "LineString", "coordinates": [ [ 42.215052, 39.782894 ], [ 42.273218, 39.766662 ], [ 42.331384, 39.750429 ], [ 42.38998, 39.735202 ], [ 42.448576, 39.719974 ], [ 42.508892, 39.709516 ], [ 42.569207, 39.699058 ], [ 42.626236, 39.680728 ], [ 42.683264, 39.662397 ], [ 42.734037, 39.635315 ], [ 42.791856, 39.61366 ], [ 42.846578, 39.583628 ], [ 42.898658, 39.554953 ], [ 42.979608, 39.484319 ], [ 43.013885, 39.447499 ] ] } },
{ "type": "Feature", "properties": { "fault_id": "F0059", "label": "Ağrı – Erciş", "catalog_name": "EMME", "slip_type": "Dextral-Reverse", "rake": 157.0, "dip": 80.0, "upper_km": 0.0, "lower_km": 20.0, "length_km": 27.079886336039731, "width_km": 20.3085322377149, "area_km2": 549.95274464911813, "mmax": 6.7751318812982744, "slip_rate": 1.8, "slip_rate_min": 0.5, "slip_rate_max": 3.0, "recurrence_years": 549.51390745131505, "p30": 0.053130221461759497, "p50": 0.086972709538805759 }, "geometry": { "type": "LineString", "coordinates": [ [ 43.051907, 39.392888 ], [ 43.060511, 39.351844 ], [ 43.108033, 39.31352 ], [ 43.184719, 39.264733 ], [ 43.262239, 39.229286 ] ] } },
{ "type": "Feature", "properties": { "fault_id": "F0060", "label": "Kahramanmaraş", "catalog_name": "EMME", "slip_type": "Sinistral-Reverse", "rake": 31.0, "dip": 55.0, "upper_km": 0.0, "lower_km": 18.0, "length_km": 37.329494036149285, "width_km": 21.973942597706209, "area_km2": 820.27615915176068, "mmax": 6.9522392910029041, "slip_rate": 3.4, "slip_rate_min": 3.0, "slip_rate_max": 3.868, "recurrence_years": 359.58260597815911, "p30": 0.08004457801087328, "p50": 0.12981557536056387 }, "geometry": { "type": "LineString", "coordinates": [ [ 36.8201, 37.5968 ], [ 36.873426, 37.60047 ], [ 36.926753, 37.60414 ], [ 36.980085, 37.607811 ], [ 37.033416, 37.611481 ], [ 37.086653, 37.615976 ], [ 37.139889, 37.620471 ], [ 37.183494, 37.640836 ], [ 37.2271, 37.6612 ] ] } },
{ "type": "Feature", "properties": { "fault_id": "F0061", "label": "Erzurum – Hınıs", "catalog_name": "EMME", "slip_type": "Dextral", "rake": 180.0, "dip": 78.0, "upper_km": 0.0, "lower_km": 20.0, "length_km": 100.413888566571, "width_km": 20.446811897300588, "area_km2": 2053.1438913971797, "mmax": 7.3586677750364915, "slip_rate": 1.8, "slip_rate_min": 0.5, "slip_rate_max": 3.0, "recurrence_years": 1104.5579744789945, "p30": 0.026794664801642609, "p50": 0.044257713070932181 }, "geometry": { "type": "LineString", "coordinates": [ [ 41.505929, 39.865817 ], [ 41.658725, 39.879436 ], [ 41.755104, 39.84376 ], [ 41.866826, 39.820191 ], [ 42.010192, 39.773647 ], [ 42.05206, 39.712038 ], [ 42.155943, 39.668413 ], [ 42.27403, 39.662905 ], [ 42.385469, 39.6324 ], [ 42.488991, 39.592961 ], [ 42.534089, 39.550585 ] ] } },
{ "type": "Feature", "properties": { "fault_id": "F0062", "label": "Pasinler – Kağızman", "catalog_name": "EMME", "slip_type": "Sinistral", "rake": 0.0, "dip": 85.0, "upper_km": 0.0, "lower_km": 20.0, "length_km": 82.993600955102607, "width_km": 20.076396750866948, "area_km2": 1666.2124605577701, "mmax": 7.2661649855212822, "slip_rate": 1.0, "slip_rate_min": 0.5, "slip_rate_max": 1.5, "recurrence_years": 1779.9009940319611, "p30": 0.016713621441119764, "p50": 0.027700554169763802 }, "geometry": { "type": "LineString", "coordinates": [ [ 41.8572, 39.9352 ], [ 41.914277, 39.950054 ], [ 41.971353, 39.964908 ], [ 42.028452, 39.979769 ], [ 42.08555, 39.994629 ], [ 42.142671, 40.009495 ], [ 42.199792, 40.02436 ], [ 42.256935, 40.039232 ], [ 42.314078, 40.054103 ], [ 42.371244, 40.06898 ], [ 42.428409, 40.083858 ], [ 42.485597, 40.098742 ], [ 42.542785, 40.113625 ], [ 42.599996, 40.128514 ], [ 42.657206, 40.143403 ], [ 42.714453, 40.158302 ], [ 42.7717, 40.1732 ] ] } },
{ "type": "Feature", "properties": { "fault_id": "F0063", "label": "Kars – Kağızman", "catalog_name": "EMME", "slip_type": "Sinistral", "rake": 0.0, "dip": 85.0, "upper_km": 2.0, "lower_km": 20.0, "length_km": 71.315417908689128, "width_km": 18.068757075780251, "area_km2": 1288.5809619498523, "mmax": 7.152313944816072, "slip_rate": 1.0, "slip_rate_min": 0.5, "slip_rate_max": 1.5, "recurrence_years": 1553.2378028401106, "p30": 0.019129162857973059, "p50": 0.031678211632567121 }, "geometry": { "type": "LineString", "coordinates": [ [ 42.905, 40.2602 ], [ 42.848381, 40.245856 ], [ 42.791762, 40.231511 ], [ 42.735411, 40.216613 ], [ 42.67906, 40.201716 ], [ 42.623901, 40.184464 ], [ 42.568741, 40.167212 ], [ 42.511497, 40.154593 ], [ 42.454252, 40.141974 ], [ 42.400171, 40.122914 ], [ 42.346089, 40.103854 ], [ 42.290608, 40.08737 ], [ 42.235126, 40.070886 ], [ 42.180813, 40.055393 ], [ 42.1265, 40.0399 ] ] } },
{ "type": "Feature", "properties": { "fault_id": "F0064", "label": "Ağrı – Pasinler", "catalog_name": "EMME", "slip_type": "Sinistral", "rake": 0.0, "dip": 90.0, "upper_km": 0.0, "lower_km": 15.0, "length_km": 95.032039355883342, "width_km": 15.0, "area_km2": 1425.4805903382501, "mmax": 7.197040534399882, "slip_rate": 2.5, "slip_rate_min": 2.0, "slip_rate_max": 3.0, "recurrence_years": 655.44798091541895, "p30": 0.044738565552115861, "p50": 0.07344669794468861 }, "geometry": { "type": "LineString", "coordinates": [ [ 43.14452, 40.197469 ], [ 43.089784, 40.175304 ], [ 43.035048, 40.15314 ], [ 42.98034, 40.130987 ], [ 42.925632, 40.108833 ], [ 42.871495, 40.085925 ], [ 42.817357, 40.063016 ], [ 42.76119, 40.043233 ], [ 42.705023, 40.02345 ], [ 42.648618, 40.004122 ], [ 42.592213, 39.984794 ], [ 42.535835, 39.965475 ], [ 42.479456, 39.946156 ], [ 42.430098, 39.917744 ], [ 42.380739, 39.889332 ], [ 42.322767, 39.873182 ], [ 42.264794, 39.857031 ], [ 42.210258, 39.841838 ], [ 42.155721, 39.826644 ] ] } },
{ "type": "Feature", "properties": { "fault_id": "F0065", "label": "Kars açıkları", "catalog_name": "EMME", "slip_type": "Sinistral", "rake": 0.0, "dip": 87.5, "upper_km": 1.0, "lower_km": 15.0, "length_km": 90.945548637089672, "width_km": 14.013337592286479, "area_km2": 1274.4506755672471, "mmax": 7.1474294924834147, "slip_rate": 2.0, "slip_rate_min": 1.0, "slip_rate_max": 3.0, "recurrence_years": 772.09360703643074, "p30": 0.038110204247175483, "p50": 0.062706664132931911 }, "geometry": { "type": "LineString", "coordinates": [ [ 43.859425, 40.848413 ], [ 43.832081, 40.809344 ], [ 43.804736, 40.770274 ], [ 43.777399, 40.731215 ], [ 43.750061, 40.692155 ], [ 43.722731, 40.653105 ], [ 43.6954, 40.614056 ], [ 43.664752, 40.576469 ], [ 43.634104, 40.538881 ], [ 43.559414, 40.493465 ], [ 43.381898, 40.36241 ], [ 43.34269, 40.349727 ], [ 43.250985, 40.305122 ], [ 43.188265, 40.241081 ] ] } },
{ "type": "Feature", "properties": { "fault_id": "F0066", "label": "Ağrı – Iğdır", "catalog_name": "EMME", "slip_type": "Sinistral", "rake": 0.0, "dip": 85.0, "upper_km": 1.0, "lower_km": 15.0, "length_km": 54.431561797806786, "width_km": 14.053477725606863, "area_km2": 764.95274129547113, "mmax": 6.9213072974185872, "slip_rate": 2.5, "slip_rate_min": 2.0, "slip_rate_max": 3.0, "recurrence_years": 471.26488143131058, "p30": 0.061674586288264388, "p50": 0.10066299239777088 }, "geometry": { "type": "LineString", "coordinates": [ [ 43.098806, 40.161968 ], [ 43.156808, 40.161698 ], [ 43.224338, 40.15182 ], [ 43.301256, 40.122773 ], [ 43.450746, 40.098169 ], [ 43.60493, 40.06398 ], [ 43.686333, 40.011005 ] ] } },
{ "type": "Feature", "properties": { "fault_id": "F0067", "label": "Patnos", "catalog_name": "EMME", "slip_type": "Sinistral", "rake": 0.0, "dip": 85.0, "upper_km": 2.0, "lower_km": 20.0, "length_km": 22.944021637517974, "width_km": 18.068757075780251, "area_km2": 414.56995330975809, "mmax": 6.6499497790908766, "slip_rate": 0.8, "slip_rate_min": 0.5, "slip_rate_max": 1.0, "recurrence_years": 1064.4263187824331, "p30": 0.027790726755241524, "p50": 0.045887471422395243 }, "geometry": { "type": "LineString", "coordinates": [ [ 42.611344, 39.19202 ], [ 42.609085, 39.157485 ], [ 42.606825, 39.12295 ], [ 42.604566, 39.088415 ], [ 42.585445, 39.05813 ], [ 42.566323, 39.027845 ], [ 42.547202, 38.99756 ] ] } },
{ "type": "Feature", "properties": { "fault_id": "F0068", "label": "Patnos – Hınıs", "catalog_name": "EMME", "slip_type": "Sinistral", "rake": 0.0, "dip": 87.5, "upper_km": 1.0, "lower_km": 20.0, "length_km": 78.659708307393089, "width_km": 19.018101018103078, "area_km2": 1495.9582786445237, "mmax": 7.2184178711214244, "slip_rate": 1.8, "slip_rate_min": 0.5, "slip_rate_max": 3.0, "recurrence_years": 933.92836392415177, "p30": 0.031611934638897776, "p50": 0.052129412185727309 }, "geometry": { "type": "LineString", "coordinates": [ [ 42.34124, 39.456558 ], [ 42.314563, 39.417337 ], [ 42.287886, 39.378115 ], [ 42.234967, 39.361114 ], [ 42.182049, 39.344113 ], [ 42.125416, 39.337443 ], [ 42.068783, 39.330772 ], [ 42.012161, 39.324103 ], [ 41.955538, 39.317433 ], [ 41.899561, 39.308098 ], [ 41.843584, 39.298763 ], [ 41.799249, 39.270745 ], [ 41.754913, 39.242726 ], [ 41.708152, 39.217219 ], [ 41.66139, 39.191712 ], [ 41.609594, 39.185996 ], [ 41.557797, 39.180279 ] ] } },
{ "type": "Feature", "properties": { "fault_id": "F0069", "label": "Pasinler – Sarıkamış", "catalog_name": "EMME", "slip_type": "Sinistral", "rake": 8.0, "dip": 81.0, "upper_km": 0.0, "lower_km": 20.0, "length_km": 79.761330196338534, "width_km": 20.249302515760057, "area_km2": 1615.1113042050865, "mmax": 7.2523665059182072, "slip_rate": 0.8, "slip_rate_min": 0.5, "slip_rate_max": 1.0, "recurrence_years": 2188.4471364999308, "p30": 0.013614818759551173, "p50": 0.022588228499079044 }, "geometry": { "type": "LineString", "coordinates": [ [ 42.128922, 40.189764 ], [ 42.163642, 40.225995 ], [ 42.202241, 40.259887 ], [ 42.240839, 40.293778 ], [ 42.279649, 40.327553 ], [ 42.318459, 40.361328 ], [ 42.360376, 40.392902 ], [ 42.402293, 40.424476 ], [ 42.443704, 40.456464 ], [ 42.485116, 40.488452 ], [ 42.53634, 40.510801 ], [ 42.587565, 40.533149 ], [ 42.638212, 40.55629 ], [ 42.68886, 40.57943 ], [ 42.739534, 40.602582 ], [ 42.790207, 40.625734 ], [ 42.832871, 40.645227 ] ] } },
{ "type": "Feature", "properties": { "fault_id": "F0070", "label": "Erzurum – Pasinler", "catalog_name": "EMME", "slip_type": "Sinistral", "rake": 8.0, "dip": 81.0, "upper_km": 2.0, "lower_km": 20.0, "length_km": 38.213976544539207, "width_km": 18.224372264184051, "area_km2": 696.42573424248019, "mmax": 6.8797323069556455, "slip_rate": 1.5, "slip_rate_min": 1.0, "slip_rate_max": 2.0, "recurrence_years": 747.32779647444158, "p30": 0.039347969965431662, "p50": 0.064715993170805342 }, "geometry": { "type": "LineString", "coordinates": [ [ 41.744862, 39.974508 ], [ 41.812105, 39.990997 ], [ 41.880002, 40.044878 ], [ 41.919156, 40.075724 ], [ 41.961941, 40.103633 ], [ 42.004726, 40.131542 ], [ 42.043938, 40.160297 ], [ 42.08315, 40.189052 ] ] } },
{ "type": "Feature", "properties": { "fault_id": "F0071", "label": "Oltu – Ardahan", "catalog_name": "EMME", "slip_type": "Sinistral", "rake": 0.0, "dip": 81.0, "upper_km": 0.0, "lower_km": 20.0, "length_km": 62.845719221963101, "width_km": 20.249302515760057, "area_km2": 1272.5819803460477, "mmax": 7.146779484757765, "slip_rate": 1.0, "slip_rate_min": 0.5, "slip_rate_max": 1.5, "recurrence_years": 1542.9867725930037, "p30": 0.019255018466403429, "p50": 0.03188527850758982 }, "geometry": { "type": "LineString", "coordinates": [ [ 41.928086, 40.486685 ], [ 41.981258, 40.513367 ], [ 42.03443, 40.540048 ], [ 42.073881, 40.578104 ], [ 42.113332, 40.616159 ], [ 42.14807, 40.6568 ], [ 42.182807, 40.697441 ], [ 42.227943, 40.731739 ], [ 42.273078, 40.766036 ], [ 42.318237, 40.800351 ], [ 42.363395, 40.834666 ], [ 42.399109, 40.861805 ], [ 42.434823, 40.888943 ] ] } },
{ "type": "Feature", "properties": { "fault_id": "F0072", "label": "Oltu – Pasinler", "catalog_name": "EMME", "slip_type": "Sinistral", "rake": 0.0, "dip": 81.0, "upper_km": 2.0, "lower_km": 20.0, "length_km": 17.3042910570842, "width_km": 18.224372264184051, "area_km2": 315.35984199209338, "mmax": 6.5287825171232292, "slip_rate": 0.5, "slip_rate_min": 0.25, "slip_rate_max": 0.75, "recurrence_years": 1473.2489060754122, "p30": 0.020157228889969181, "p50": 0.033369142557086895 }, "geometry": { "type": "LineString", "coordinates": [ [ 41.889979, 40.370997 ], [ 41.848508, 40.348827 ], [ 41.807038, 40.326657 ], [ 41.765585, 40.304497 ], [ 41.724132, 40.282337 ] ] } },
{ "type": "Feature", "properties": { "fault_id": "F0073", "label": "Muş – Ahlat", "catalog_name": "EMME", "slip_type": "Dextral", "rake": 180.0, "dip": 90.0, "upper_km": 1.0, "lower_km": 20.0, "length_km": 57.075563028042779, "width_km": 19.0, "area_km2": 1084.4356975328128, "mmax": 7.0759078813865743, "slip_rate": 1.8, "slip_rate_min": 0.5, "slip_rate_max": 3.0, "recurrence_years": 787.52483245929795, "p30": 0.037377585359423038, "p50": 0.061516553573590427 }, "geometry": { "type": "LineString", "coordinates": [ [ 41.862477, 39.160525 ], [ 41.917053, 39.164294 ], [ 41.971629, 39.168062 ], [ 42.026211, 39.171831 ], [ 42.080792, 39.1756 ], [ 42.133846, 39.164989 ], [ 42.1869, 39.154378 ], [ 42.241586, 39.151872 ], [ 42.296271, 39.149367 ], [ 42.35104, 39.150224 ], [ 42.405809, 39.151081 ], [ 42.459631, 39.151924 ], [ 42.513453, 39.152767 ] ] } },
{ "type": "Feature", "properties": { "fault_id": "F0074", "label": "Kars – Ardahan", "catalog_name": "EMME", "slip_type": "Sinistral", "rake": 1.0, "dip": 83.5, "upper_km": 0.0, "lower_km": 20.0, "length_km": 33.589255505666074, "width_km": 20.129394653978704, "area_km2": 676.13138020687938, "mmax": 6.8666317144730904, "slip_rate": 1.5, "slip_rate_min": 1.0, "slip_rate_max": 2.0, "recurrence_years": 735.70543656339407, "p30": 0.03995698621312771, "p50": 0.065704007493873728 }, "geometry": { "type": "LineString", "coordinates": [ [ 43.028981, 40.859036 ], [ 43.042919, 40.891176 ], [ 43.056856, 40.923315 ], [ 43.070794, 40.955455 ], [ 43.092236, 40.985153 ], [ 43.113679, 41.014852 ], [ 43.135121, 41.04455 ], [ 43.173463, 41.058691 ], [ 43.211806, 41.072833 ], [ 43.250148, 41.086974 ] ] } },
{ "type": "Feature", "properties": { "fault_id": "F0075", "label": "Iğdır – Ağrı", "catalog_name": "EMME", "slip_type": "Dextral", "rake": 180.0, "dip": 85.0, "upper_km": 1.0, "lower_km": 20.0, "length_km": 115.30337028706739, "width_km": 19.072576913323601, "area_km2": 2199.1323981655241, "mmax": 7.3890964042631602, "slip_rate": 1.0, "slip_rate_min": 0.7, "slip_rate_max": 1.3, "recurrence_years": 2061.9207775494351, "p30": 0.014444207470346471, "p50": 0.0239575837874757 }, "geometry": { "type": "LineString", "coordinates": [ [ 44.090583, 39.405821 ], [ 43.9772, 39.477785 ], [ 43.921597, 39.519558 ], [ 43.834125, 39.584655 ], [ 43.721402, 39.619911 ], [ 43.633499, 39.684762 ], [ 43.533749, 39.738596 ], [ 43.421349, 39.722113 ], [ 43.325297, 39.825494 ], [ 43.251959, 39.925552 ], [ 43.149731, 40.051479 ] ] } },
{ "type": "Feature", "properties": { "fault_id": "F0076", "label": "Ağrı – Iğdır", "catalog_name": "EMME", "slip_type": "Dextral", "rake": 180.0, "dip": 85.0, "upper_km": 2.0, "lower_km": 20.0, "length_km": 32.512085963207291, "width_km": 18.068757075780251, "area_km2": 587.45298329607749, "mmax": 6.8043525759193955, "slip_rate": 0.8, "slip_rate_min": 0.7, "slip_rate_max": 1.0, "recurrence_years": 1280.3965890467368, "p30": 0.023157883677559665, "p50": 0.038297762648351497 }, "geometry": { "type": "LineString", "coordinates": [ [ 43.399131, 39.982765 ], [ 43.494049, 39.839764 ], [ 43.54406, 39.781745 ], [ 43.607074, 39.746979 ] ] } },
{ "type": "Feature", "properties": { "fault_id": "F0077", "label": "Iğdır", "catalog_name": "EMME", "slip_type": "Dextral", "rake": 180.0, "dip": 85.0, "upper_km": 2.0, "lower_km": 20.0, "length_km": 16.459586460251916, "width_km": 18.068757075780251, "area_km2": 297.40426931809361, "mmax": 6.502814142617404, "slip_rate": 0.8, "slip_rate_min": 0.7, "slip_rate_max": 1.0, "recurrence_years": 892.61210791508176, "p30": 0.033050708302654663, "p50": 0.05447539959180292 }, "geometry": { "type": "LineString", "coordinates": [ [ 43.777118, 39.706469 ], [ 43.730494, 39.713533 ], [ 43.683869, 39.720596 ], [ 43.637234, 39.727662 ], [ 43.590598, 39.734727 ] ] } },
{ "type": "Feature", "properties": { "fault_id": "F0078", "label": "Iğdır açıkları", "catalog_name": "EMME", "slip_type": "Dextral", "rake": 158.0, "dip": 50.0, "upper_km": 1.0, "lower_km": 20.0, "length_km": 98.185974432239078, "width_km": 24.802738497313292, "area_km2": 2435.2810479467148, "mmax": 7.4342800707506118, "slip_rate": 0.8, "slip_rate_min": 0.7, "slip_rate_max": 1.0, "recurrence_years": 2720.5691900386259, "p30": 0.010966528570076295, "p50": 0.018210652155513651 }, "geometry": { "type": "LineString", "coordinates": [ [ 44.641608, 39.158904 ], [ 44.254794, 39.420648 ], [ 44.212172, 39.450333 ], [ 44.175294, 39.484322 ], [ 44.138415, 39.51831 ], [ 44.09456, 39.546975 ], [ 44.050705, 39.575639 ], [ 44.000998, 39.597961 ], [ 43.951291, 39.620282 ], [ 43.905183, 39.64683 ], [ 43.859075, 39.673378 ], [ 43.819755, 39.696327 ], [ 43.780435, 39.719276 ] ] } },
{ "type": "Feature", "properties": { "fault_id": "F0079", "label": "Iğdır", "catalog_name": "EMME", "slip_type": "Dextral", "rake": 180.0, "dip": 85.0, "upper_km": 1.0, "lower_km": 20.0, "length_km": 38.929091713596556, "width_km": 19.072576913323601, "area_km2": 742.47809587339873, "mmax": 6.9080973188106292, "slip_rate": 0.8, "slip_rate_min": 0.7, "slip_rate_max": 1.0, "recurrence_years": 1449.6097140408192, "p30": 0.020482549031692443, "p50": 0.033903972724856679 }, "geometry": { "type": "LineString", "coordinates": [ [ 44.0482, 39.8254 ], [ 44.019132, 39.862738 ], [ 43.990063, 39.900075 ], [ 43.95546, 39.934541 ], [ 43.920857, 39.969007 ], [ 43.889933, 40.005489 ], [ 43.859009, 40.041971 ], [ 43.828568, 40.077884 ], [ 43.798126, 40.113797 ] ] } },
{ "type": "Feature", "properties": { "fault_id": "F0080", "label": "Iğdır", "catalog_name": "EMME", "slip_type": "Dextral", "rake": 180.0, "dip": 85.0, "upper_km": 2.0, "lower_km": 20.0, "length_km": 16.8229394894026, "width_km": 18.068757075780251, "area_km2": 303.96960693456623, "mmax": 6.512486765134593, "slip_rate": 0.8, "slip_rate_min": 0.7, "slip_rate_max": 1.0, "recurrence_years": 903.00206630411526, "p30": 0.032676708631560469, "p50": 0.053865799407633141 }, "geometry": { "type": "LineString", "coordinates": [ [ 43.9461, 39.8452 ], [ 43.980599, 39.818797 ], [ 44.015097, 39.792393 ], [ 44.049584, 39.765999 ], [ 44.08407, 39.739605 ] ] } },
{ "type": "Feature", "properties": { "fault_id": "F0081", "label": "Iğdır açıkları", "catalog_name": "EMME", "slip_type": "Dextral", "rake": 180.0, "dip": 85.0, "upper_km": 1.0, "lower_km": 20.0, "length_km": 57.495196978872393, "width_km": 19.072576913323601, "area_km2": 1096.5815665262344, "mmax": 7.0808417599661464, "slip_rate": 0.8, "slip_rate_min": 0.7, "slip_rate_max": 1.0, "recurrence_years": 1782.4216847037251, "p30": 0.016690183486712362, "p50": 0.027661927086063076 }, "geometry": { "type": "LineString", "coordinates": [ [ 44.559329, 39.295667 ], [ 44.456499, 39.383625 ], [ 44.415798, 39.41385 ], [ 44.37511, 39.444115 ], [ 44.334421, 39.474379 ], [ 44.30197, 39.510107 ], [ 44.269518, 39.545834 ], [ 44.237144, 39.58162 ], [ 44.204769, 39.617406 ], [ 44.172385, 39.653203 ], [ 44.14, 39.689 ] ] } },
{ "type": "Feature", "properties": { "fault_id": "F0082", "label": "Van açıkları", "catalog_name": "EMME", "slip_type": "Dextral", "rake": 180.0, "dip": 85.0, "upper_km": 2.0, "lower_km": 20.0, "length_km": 43.006707442193886, "width_km": 18.068757075780251, "area_km2": 777.07774940215199, "mmax": 6.9282737631614877, "slip_rate": 1.8, "slip_rate_min": 0.5, "slip_rate_max": 3.0, "recurrence_years": 660.01288068348958, "p30": 0.04443611606847353, "p50": 0.072957712884052728 }, "geometry": { "type": "LineString", "coordinates": [ [ 43.90756, 38.690629 ], [ 43.787449, 38.820694 ], [ 43.763323, 38.846305 ], [ 43.739198, 38.871915 ], [ 43.716359, 38.898245 ], [ 43.69352, 38.924576 ], [ 43.670681, 38.950906 ], [ 43.642545, 38.973944 ], [ 43.603117, 38.982865 ] ] } },
{ "type": "Feature", "properties": { "fault_id": "F0083", "label": "Van açıkları", "catalog_name": "EMME", "slip_type": "Dextral", "rake": 180.0, "dip": 85.0, "upper_km": 2.0, "lower_km": 20.0, "length_km": 41.436833806655358, "width_km": 18.068757075780251, "area_km2": 748.7120840419343, "mmax": 6.9118011394502599, "slip_rate": 0.8, "slip_rate_min": 0.7, "slip_rate_max": 1.0, "recurrence_years": 1456.0477744453756, "p30": 0.020392913203706842, "p50": 0.033756622178756968 }, "geometry": { "type": "LineString", "coordinates": [ [ 44.284536, 38.73073 ], [ 44.257986, 38.765828 ], [ 44.231435, 38.800926 ], [ 44.193403, 38.828901 ], [ 44.15537, 38.856876 ], [ 44.123292, 38.889079 ], [ 44.091214, 38.921282 ], [ 44.048306, 38.944667 ], [ 44.005399, 38.968053 ], [ 43.960707, 38.992412 ] ] } },
{ "type": "Feature", "properties": { "fault_id": "F0084", "label": "Patnos – Erciş", "catalog_name": "EMME", "slip_type": "Sinistral", "rake": 0.0, "dip": 85.0, "upper_km": 2.0, "lower_km": 20.0, "length_km": 28.313710818748145, "width_km": 18.068757075780251, "area_km2": 511.59356269785138, "mmax": 6.7431035726047694, "slip_rate": 1.0, "slip_rate_min": 0.5, "slip_rate_max": 1.5, "recurrence_years": 951.93880975466504, "p30": 0.031023220419434172, "p50": 0.051168815936479262 }, "geometry": { "type": "LineString", "coordinates": [ [ 42.73366, 38.798674 ], [ 42.772955, 38.828182 ], [ 42.81225, 38.85769 ], [ 42.858059, 38.880845 ], [ 42.903868, 38.904 ], [ 42.948578, 38.925826 ], [ 42.993287, 38.947651 ] ] } },
{ "type": "Feature", "properties": { "fault_id": "F0085", "label": "Hakkâri açıkları", "catalog_name": "EMME", "slip_type": "Dextral", "rake": 180.0, "dip": 87.5, "upper_km": 0.0, "lower_km": 20.0, "length_km": 147.80932270686233, "width_km": 20.019053703266398, "area_km2": 2959.0027691121104, "mmax": 7.520568279016647, "slip_rate": 2.0, "slip_rate_min": 1.0, "slip_rate_max": 3.0, "recurrence_years": 1206.5790950800977, "p30": 0.024557127479481466, "p50": 0.040592594906522228 }, "geometry": { "type": "LineString", "coordinates": [ [ 44.033494, 37.633959 ], [ 44.090275, 37.589253 ], [ 44.167026, 37.527588 ], [ 44.262151, 37.485046 ], [ 44.357548, 37.442961 ], [ 44.44919, 37.39598 ], [ 44.531666, 37.339341 ], [ 44.611568, 37.28047 ], [ 44.692161, 37.222254 ], [ 44.75994, 37.154514 ], [ 44.840436, 37.09633 ], [ 44.924766, 37.041766 ], [ 45.038494, 36.912597 ], [ 45.082007, 36.811299 ], [ 45.090558, 36.693894 ] ] } },
{ "type": "Feature", "properties": { "fault_id": "F0086", "label": "Hakkâri", "catalog_name": "EMME", "slip_type": "Dextral", "rake": 180.0, "dip": 85.0, "upper_km": 3.0, "lower_km": 20.0, "length_km": 29.593551850342621, "width_km": 17.064937238236904, "area_km2": 505.01210498260644, "mmax": 6.7373678239096009, "slip_rate": 0.6, "slip_rate_min": 0.25, "slip_rate_max": 1.0, "recurrence_years": 1575.7141775517018, "p30": 0.018858889166552206, "p50": 0.031233477675508658 }, "geometry": { "type": "LineString", "coordinates": [ [ 44.002809, 37.693977 ], [ 43.950089, 37.702742 ], [ 43.895608, 37.691995 ], [ 43.841996, 37.706339 ], [ 43.791906, 37.729039 ], [ 43.73916, 37.737808 ], [ 43.686413, 37.746576 ] ] } },
{ "type": "Feature", "properties": { "fault_id": "F0087", "label": "Van – Tatvan", "catalog_name": "EMME", "slip_type": "Dextral-Reverse", "rake": 156.0, "dip": 68.0, "upper_km": 2.0, "lower_km": 20.0, "length_km": 24.29636416961521, "width_km": 19.413625368196502, "area_km2": 471.68051179818235, "mmax": 6.7071208917370777, "slip_rate": 1.8, "slip_rate_min": 1.0, "slip_rate_max": 2.5724, "recurrence_years": 506.57020785956519, "p30": 0.057502300881303925, "p50": 0.093988247824551285 }, "geometry": { "type": "LineString", "coordinates": [ [ 43.073594, 38.540464 ], [ 43.031182, 38.554552 ], [ 42.988771, 38.568641 ], [ 42.946359, 38.582729 ], [ 42.903926, 38.596825 ], [ 42.861493, 38.61092 ], [ 42.81906, 38.625016 ] ] } },
{ "type": "Feature", "properties": { "fault_id": "F0088", "label": "Tatvan", "catalog_name": "EMME", "slip_type": "Dextral-Reverse", "rake": 156.0, "dip": 68.0, "upper_km": 2.0, "lower_km": 20.0, "length_km": 18.868302106197866, "width_km": 19.413625368196502, "area_km2": 366.30214842367837, "mmax": 6.5951162551998026, "slip_rate": 1.2, "slip_rate_min": 0.5, "slip_rate_max": 2.0, "recurrence_years": 664.55727423914061, "p30": 0.044139059208800902, "p50": 0.072477345897702605 }, "geometry": { "type": "LineString", "coordinates": [ [ 42.819535, 38.731125 ], [ 42.766583, 38.723719 ], [ 42.713631, 38.716312 ], [ 42.660688, 38.708907 ], [ 42.607745, 38.701501 ] ] } },
{ "type": "Feature", "properties": { "fault_id": "F0089", "label": "Muş – Tatvan", "catalog_name": "EMME", "slip_type": "Reverse", "rake": 90.0, "dip": 34.5, "upper_km": 1.0, "lower_km": 20.0, "length_km": 73.658557655122991, "width_km": 33.544828360570243, "area_km2": 2470.863673828268, "mmax": 7.3835639060688134, "slip_rate": 1.6, "slip_rate_min": 0.25, "slip_rate_max": 3.0, "recurrence_years": 1125.267659238458, "p30": 0.026308074532563119, "p50": 0.04346114873071516 }, "geometry": { "type": "LineString", "coordinates": [ [ 41.245293, 38.920058 ], [ 41.3187, 38.907072 ], [ 41.34055, 38.895289 ], [ 41.410266, 38.874102 ], [ 41.477622, 38.880538 ], [ 41.546393, 38.866572 ], [ 41.616678, 38.852535 ], [ 41.658392, 38.82308 ], [ 41.696987, 38.811715 ], [ 41.741633, 38.780927 ], [ 41.772091, 38.762762 ], [ 41.813049, 38.742913 ], [ 41.858741, 38.744376 ], [ 41.901118, 38.723264 ], [ 41.932805, 38.701453 ], [ 41.953332, 38.692124 ], [ 42.00191, 38.68563 ] ] } },
{ "type": "Feature", "properties": { "fault_id": "F0090", "label": "Sarıkamış – Kars", "catalog_name": "EMME", "slip_type": "Sinistral", "rake": 8.0, "dip": 69.0, "upper_km": 0.0, "lower_km": 20.0, "length_km": 79.033642456528725, "width_km": 21.422899872740579, "area_km2": 1693.1298089241936, "mmax": 7.273264061004781, "slip_rate": 1.5, "slip_rate_min": 1.0, "slip_rate_max": 2.0, "recurrence_years": 1196.7221291448782, "p30": 0.024756871028550953, "p50": 0.040920005775750279 }, "geometry": { "type": "LineString", "coordinates": [ [ 42.141778, 40.374559 ], [ 42.175275, 40.412187 ], [ 42.208772, 40.449815 ], [ 42.242281, 40.487457 ], [ 42.275789, 40.525099 ], [ 42.30931, 40.562754 ], [ 42.34283, 40.600409 ], [ 42.372503, 40.639897 ], [ 42.402176, 40.679385 ], [ 42.455917, 40.699543 ], [ 42.509657, 40.7197 ], [ 42.550044, 40.753321 ], [ 42.59043, 40.786941 ], [ 42.633037, 40.818983 ], [ 42.675644, 40.851025 ], [ 42.735548, 40.902955 ] ] } },
{ "type": "Feature", "properties": { "fault_id": "F0091", "label": "Bayburt – Erzurum", "catalog_name": "EMME", "slip_type": "Sinistral", "rake": 0.0, "dip": 88.0, "upper_km": 0.0, "lower_km": 20.0, "length_km": 78.189282558857698, "width_km": 20.012190885976434, "area_km2": 1564.7388478054081, "mmax": 7.2383307022348191, "slip_rate": 1.5, "slip_rate_min": 0.7, "slip_rate_max": 2.3, "recurrence_years": 1147.7351296412917, "p30": 0.025799783062867343, "p50": 0.042628775362501647 }, "geometry": { "type": "LineString", "coordinates": [ [ 40.323205, 39.784713 ], [ 40.439508, 39.786193 ], [ 40.506794, 39.804942 ], [ 40.552375, 39.834279 ], [ 40.597956, 39.863616 ], [ 40.647566, 39.888849 ], [ 40.697175, 39.914082 ], [ 40.745941, 39.940308 ], [ 40.794706, 39.966534 ], [ 40.843496, 39.992774 ], [ 40.892286, 40.019014 ], [ 40.940846, 40.045541 ], [ 40.992229, 40.063599 ], [ 41.045347, 40.086382 ], [ 41.105523, 40.113399 ] ] } },
{ "type": "Feature", "properties": { "fault_id": "F0092", "label": "Ardahan – Şavşat", "catalog_name": "EMME", "slip_type": "Sinistral", "rake": 0.0, "dip": 85.0, "upper_km": 1.0, "lower_km": 20.0, "length_km": 46.474765713236827, "width_km": 19.072576913323601, "area_km2": 886.39354359440404, "mmax": 6.9865791157172339, "slip_rate": 0.6, "slip_rate_min": 0.1, "slip_rate_max": 1.0, "recurrence_years": 2123.0957670039079, "p30": 0.01403094511042402, "p50": 0.023275366416979359 }, "geometry": { "type": "LineString", "coordinates": [ [ 42.35557, 41.192416 ], [ 42.393956, 41.222169 ], [ 42.432342, 41.251921 ], [ 42.470745, 41.281687 ], [ 42.509148, 41.311453 ], [ 42.547568, 41.341232 ], [ 42.585988, 41.371011 ], [ 42.624425, 41.400804 ], [ 42.662862, 41.430596 ], [ 42.70132, 41.460404 ], [ 42.739777, 41.490212 ] ] } },
{ "type": "Feature", "properties": { "fault_id": "F0093", "label": "Artvin – Yusufeli", "catalog_name": "EMME", "slip_type": "Sinistral", "rake": 0.0, "dip": 85.0, "upper_km": 2.0, "lower_km": 20.0, "length_km": 26.366651053685427, "width_km": 18.068757075780251, "area_km2": 476.41261279090736, "mmax": 6.7115429157108721, "slip_rate": 1.3, "slip_rate_min": 0.25, "slip_rate_max": 2.3, "recurrence_years": 705.12565449292572, "p30": 0.041653244180326121, "p50": 0.068453664609127496 }, "geometry": { "type": "LineString", "coordinates": [ [ 41.836471, 40.994042 ], [ 41.803801, 40.963497 ], [ 41.77113, 40.932952 ], [ 41.738471, 40.902418 ], [ 41.705812, 40.871884 ], [ 41.673164, 40.84136 ], [ 41.640516, 40.810836 ] ] } },
{ "type": "Feature", "properties": { "fault_id": "F0094", "label": "Ardahan", "catalog_name": "EMME", "slip_type": "Sinistral", "rake": 0.0, "dip": 87.5, "upper_km": 0.0, "lower_km": 20.0, "length_km": 28.226479345401902, "width_km": 20.019053703266398, "area_km2": 565.06740586974047, "mmax": 6.7871422622558431, "slip_rate": 1.5, "slip_rate_min": 1.0, "slip_rate_max": 2.0, "recurrence_years": 668.96072748401605, "p30": 0.043854979084879453, "p50": 0.072017870323729305 }, "geometry": { "type": "LineString", "coordinates": [ [ 43.080103, 41.301347 ], [ 43.04646, 41.2643 ], [ 43.012816, 41.227253 ], [ 42.964833, 41.200634 ], [ 42.91685, 41.174015 ], [ 42.874264, 41.157516 ], [ 42.831678, 41.141016 ] ] } },
{ "type": "Feature", "properties": { "fault_id": "F0095", "label": "Ardahan", "catalog_name": "EMME", "slip_type": "Sinistral", "rake": 0.0, "dip": 85.0, "upper_km": 1.0, "lower_km": 20.0, "length_km": 31.585099624238818, "width_km": 19.072576913323601, "area_km2": 602.4092418982832, "mmax": 6.8154894585191315, "slip_rate": 0.8, "slip_rate_min": 0.5, "slip_rate_max": 1.0, "recurrence_years": 1297.5715656915452, "p30": 0.022854890184146548, "p50": 0.037800548816817159 }, "geometry": { "type": "LineString", "coordinates": [ [ 42.864318, 41.285746 ], [ 42.838739, 41.26104 ], [ 42.813159, 41.236335 ], [ 42.78758, 41.211629 ], [ 42.762011, 41.186934 ], [ 42.736443, 41.162239 ], [ 42.710874, 41.137544 ], [ 42.685316, 41.112859 ], [ 42.659757, 41.088174 ], [ 42.634199, 41.063489 ] ] } },
{ "type": "Feature", "properties": { "fault_id": "F0096", "label": "Muş – Hınıs", "catalog_name": "EMME", "slip_type": "Dextral", "rake": 165.0, "dip": 72.0, "upper_km": 5.0, "lower_km": 20.0, "length_km": 26.887455094564082, "width_km": 15.771933363574009, "area_km2": 424.0671500675532, "mmax": 6.6599833242119244, "slip_rate": 2.6, "slip_rate_min": 0.25, "slip_rate_max": 5.0, "recurrence_years": 331.47116298793674, "p30": 0.086530791216835601, "p50": 0.14001702317556408 }, "geometry": { "type": "LineString", "coordinates": [ [ 41.454821, 39.112823 ], [ 41.416367, 39.139527 ], [ 41.377913, 39.166231 ], [ 41.339443, 39.192946 ], [ 41.300973, 39.219661 ], [ 41.262485, 39.246389 ], [ 41.223996, 39.273117 ] ] } },
{ "type": "Feature", "properties": { "fault_id": "F0097", "label": "Besni – Adıyaman", "catalog_name": "EMME", "slip_type": "Dextral", "rake": 180.0, "dip": 80.0, "upper_km": 1.0, "lower_km": 20.0, "length_km": 84.363550196416455, "width_km": 19.293105625829156, "area_km2": 1627.6348849094027, "mmax": 7.2557881292534612, "slip_rate": 1.5, "slip_rate_min": 1.0, "slip_rate_max": 2.0, "recurrence_years": 1171.9597343258024, "p30": 0.02527329426285585, "p50": 0.041766296901191158 }, "geometry": { "type": "LineString", "coordinates": [ [ 37.780457, 37.611791 ], [ 37.837307, 37.596488 ], [ 37.894156, 37.581185 ], [ 37.950984, 37.565888 ], [ 38.007812, 37.55059 ], [ 38.06462, 37.535298 ], [ 38.121427, 37.520006 ], [ 38.178214, 37.50472 ], [ 38.235, 37.489434 ], [ 38.290101, 37.470707 ], [ 38.345201, 37.45198 ], [ 38.393604, 37.423953 ], [ 38.442007, 37.395925 ], [ 38.490172, 37.36768 ], [ 38.538336, 37.339435 ], [ 38.590606, 37.322487 ], [ 38.642876, 37.305538 ] ] } },
{ "type": "Feature", "properties": { "fault_id": "F0098", "label": "Kulp – Muş", "catalog_name": "EMME", "slip_type": "Dextral-Reverse", "rake": 127.0, "dip": 55.0, "upper_km": 1.0, "lower_km": 20.0, "length_km": 54.974162095270366, "width_km": 23.194717186467663, "area_km2": 1275.1101423628268, "mmax": 7.1249929301666786, "slip_rate": 4.8, "slip_rate_min": 4.4008, "slip_rate_max": 5.1391, "recurrence_years": 297.56318800787386, "p30": 0.095903270388424611, "p50": 0.15467282528592419 }, "geometry": { "type": "LineString", "coordinates": [ [ 40.7439, 38.5198 ], [ 40.79581, 38.512379 ], [ 40.84772, 38.504957 ], [ 40.90002, 38.499521 ], [ 40.95232, 38.494085 ], [ 41.002187, 38.480626 ], [ 41.052053, 38.467166 ], [ 41.100365, 38.450632 ], [ 41.148677, 38.434098 ], [ 41.196237, 38.416315 ], [ 41.243798, 38.398531 ], [ 41.288349, 38.381466 ], [ 41.3329, 38.3644 ] ] } },
{ "type": "Feature", "properties": { "fault_id": "F0099", "label": "Lice – Genç", "catalog_name": "EMME", "slip_type": "Sinistral-Reverse", "rake": 58.0, "dip": 50.0, "upper_km": 0.0, "lower_km": 20.0, "length_km": 43.547511677719456, "width_km": 26.108145786645572, "area_km2": 1136.94478352755, "mmax": 7.0801654360620274, "slip_rate": null, "slip_rate_min": null, "slip_rate_max": null, "recurrence_years": null, "p30": null, "p50": null }, "geometry": { "type": "LineString", "coordinates": [ [ 40.2581, 38.4646 ], [ 40.29828, 38.472666 ], [ 40.338459, 38.480733 ], [ 40.378639, 38.488799 ], [ 40.418907, 38.496638 ], [ 40.459175, 38.504478 ], [ 40.499443, 38.512317 ], [ 40.54086, 38.514396 ], [ 40.582277, 38.516474 ], [ 40.623694, 38.518553 ], [ 40.664829, 38.519302 ], [ 40.705965, 38.520051 ], [ 40.7471, 38.5208 ] ] } },
{ "type": "Feature", "properties": { "fault_id": "F0100", "label": "Adıyaman – Ergani", "catalog_name": "EMME", "slip_type": "Reverse", "rake": 67.0, "dip": 47.5, "upper_km": 0.0, "lower_km": 20.0, "length_km": 187.26891408077327, "width_km": 27.126834098185135, "area_km2": 5080.0127640164228, "mmax": 7.6652783231424255, "slip_rate": 2.5, "slip_rate_min": 1.0, "slip_rate_max": 4.062, "recurrence_years": 926.81150831315563, "p30": 0.031850770916397209, "p50": 0.052519006810264779 }, "geometry": { "type": "LineString", "coordinates": [ [ 38.223023, 37.995719 ], [ 38.273898, 37.983139 ], [ 38.3922, 37.983469 ], [ 38.508306, 37.990831 ], [ 38.613908, 38.029636 ], [ 38.719695, 38.068218 ], [ 38.826067, 38.105885 ], [ 38.930813, 38.146368 ], [ 39.030825, 38.193763 ], [ 39.143604, 38.217738 ], [ 39.260447, 38.21685 ], [ 39.377106, 38.211661 ], [ 39.486074, 38.244842 ], [ 39.590373, 38.286344 ], [ 39.692869, 38.330614 ], [ 39.790485, 38.381295 ], [ 39.8517, 38.459576 ], [ 39.946562, 38.513567 ], [ 40.051579, 38.554551 ], [ 40.1337, 38.5866 ] ] } },
{ "type": "Feature", "properties": { "fault_id": "F0101", "label": "Bitlis – Muş", "catalog_name": "EMME", "slip_type": "Dextral", "rake": 180.0, "dip": 87.5, "upper_km": 1.0, "lower_km": 20.0, "length_km": 88.642364671819806, "width_km": 19.018101018103078, "area_km2": 1685.8094458122005, "mmax": 7.2713446525750198, "slip_rate": 2.0, "slip_rate_min": 1.0, "slip_rate_max": 3.0, "recurrence_years": 895.48279384545765, "p30": 0.032946521187697475, "p50": 0.054305595757571545 }, "geometry": { "type": "LineString", "coordinates": [ [ 41.853973, 38.493382 ], [ 41.775646, 38.501811 ], [ 41.745943, 38.510371 ], [ 41.687767, 38.523844 ], [ 41.636403, 38.54657 ], [ 41.579835, 38.561165 ], [ 41.519956, 38.572325 ], [ 41.465281, 38.591616 ], [ 41.408902, 38.608594 ], [ 41.385446, 38.638396 ], [ 41.344677, 38.660629 ], [ 41.287069, 38.681254 ], [ 41.230315, 38.712605 ], [ 41.132694, 38.745857 ], [ 40.965552, 38.840961 ] ] } },
{ "type": "Feature", "properties": { "fault_id": "F0102", "label": "Van", "catalog_name": "EMME", "slip_type": "Dextral-Reverse", "rake": 117.0, "dip": 40.0, "upper_km": 2.0, "lower_km": 20.0, "length_km": 28.675327326527857, "width_km": 28.003028883487424, "area_km2": 802.9960193682158, "mmax": 6.9442420531497753, "slip_rate": 1.6, "slip_rate_min": 0.0001, "slip_rate_max": 3.1131, "recurrence_years": 759.29134584693361, "p30": 0.038740163699224839, "p50": 0.063729525395436637 }, "geometry": { "type": "LineString", "coordinates": [ [ 43.193483, 38.349915 ], [ 43.247612, 38.341625 ], [ 43.301741, 38.333335 ], [ 43.356885, 38.333501 ], [ 43.412028, 38.333667 ], [ 43.457254, 38.354098 ], [ 43.502479, 38.374529 ] ] } },
{ "type": "Feature", "properties": { "fault_id": "F0103", "label": "Mersin – Niğde", "catalog_name": "EMME", "slip_type": "Sinistral", "rake": -16.0, "dip": 87.5, "upper_km": 0.0, "lower_km": 20.0, "length_km": 61.114170074439265, "width_km": 20.019053703266398, "area_km2": 1223.4478527507558, "mmax": 7.1293371723277756, "slip_rate": 0.3, "slip_rate_min": 0.2, "slip_rate_max": 0.4, "recurrence_years": 5037.0676769780039, "p30": 0.0059381452311223493, "p50": 0.0098773060072407937 }, "geometry": { "type": "LineString", "coordinates": [ [ 34.271971, 37.163295 ], [ 34.322303, 37.190153 ], [ 34.372634, 37.21701 ], [ 34.42299, 37.243881 ], [ 34.473346, 37.270751 ], [ 34.514444, 37.306252 ], [ 34.555543, 37.341752 ], [ 34.607204, 37.367113 ], [ 34.658865, 37.392473 ], [ 34.703531, 37.425195 ], [ 34.748197, 37.457916 ], [ 34.784573, 37.474582 ], [ 34.820949, 37.491247 ] ] } },
{ "type": "Feature", "properties": { "fault_id": "F0104", "label": "Bingöl", "catalog_name": "EMME", "slip_type": "Dextral", "rake": 180.0, "dip": 85.0, "upper_km": 0.0, "lower_km": 20.0, "length_km": 19.873354676890028, "width_km": 20.076396750866948, "area_km2": 398.98535326394142, "mmax": 6.6329760921075742, "slip_rate": 1.2, "slip_rate_min": 0.5, "slip_rate_max": 2.0, "recurrence_years": 695.35196192696969, "p30": 0.042226174170069353, "p50": 0.069381659383585093 }, "geometry": { "type": "LineString", "coordinates": [ [ 40.404878, 38.948178 ], [ 40.443931, 38.915676 ], [ 40.482984, 38.883174 ], [ 40.517513, 38.847798 ], [ 40.552042, 38.812422 ] ] } },
{ "type": "Feature", "properties": { "fault_id": "F0105", "label": "Tunceli – Bingöl", "catalog_name": "EMME", "slip_type": "Dextral", "rake": 180.0, "dip": 85.0, "upper_km": 0.0, "lower_km": 20.0, "length_km": 69.301821559320089, "width_km": 20.076396750866948, "area_km2": 1391.3308651826949, "mmax": 7.1862990279858741, "slip_rate": 2.6, "slip_rate_min": 0.25, "slip_rate_max": 5.0, "recurrence_years": 622.19070623696541, "p30": 0.047072761247072603, "p50": 0.077217035215737639 }, "geometry": { "type": "LineString", "coordinates": [ [ 39.356869, 39.22735 ], [ 39.413555, 39.216252 ], [ 39.470241, 39.205153 ], [ 39.528664, 39.203567 ], [ 39.587086, 39.20198 ], [ 39.644851, 39.195064 ], [ 39.702616, 39.188148 ], [ 39.758405, 39.174675 ], [ 39.814193, 39.161202 ], [ 39.866099, 39.140436 ], [ 39.918005, 39.119669 ], [ 39.969911, 39.098949 ], [ 40.021817, 39.078228 ], [ 40.070556, 39.074708 ], [ 40.119295, 39.071187 ] ] } },
{ "type": "Feature", "properties": { "fault_id": "F0106", "label": "Bingöl", "catalog_name": "EMME", "slip_type": "Dextral", "rake": 180.0, "dip": 84.0, "upper_km": 2.0, "lower_km": 20.0, "length_km": 27.136463391582449, "width_km": 18.099149032143295, "area_km2": 491.14689512955141, "mmax": 6.7250356309818979, "slip_rate": 1.2, "slip_rate_min": 0.5, "slip_rate_max": 2.0, "recurrence_years": 776.31779762817814, "p30": 0.037906815702410834, "p50": 0.062376328016647831 }, "geometry": { "type": "LineString", "coordinates": [ [ 40.32836, 39.063671 ], [ 40.377797, 39.051341 ], [ 40.426353, 39.038324 ], [ 40.465166, 39.017686 ], [ 40.503977, 38.992259 ], [ 40.541856, 38.964569 ], [ 40.590303, 38.938251 ] ] } },
{ "type": "Feature", "properties": { "fault_id": "F0107", "label": "Kulp – Bingöl", "catalog_name": "EMME", "slip_type": "Dextral", "rake": 180.0, "dip": 85.0, "upper_km": 0.0, "lower_km": 20.0, "length_km": 26.346269739387804, "width_km": 20.076396750866948, "area_km2": 528.93816419330949, "mmax": 6.7578730016390249, "slip_rate": 1.6, "slip_rate_min": 0.25, "slip_rate_max": 3.0, "recurrence_years": 605.56861884881937, "p30": 0.048333114584773407, "p50": 0.079250278538500862 }, "geometry": { "type": "LineString", "coordinates": [ [ 40.69686, 38.545709 ], [ 40.649243, 38.558093 ], [ 40.601626, 38.570476 ], [ 40.560931, 38.593459 ], [ 40.520235, 38.616441 ], [ 40.477209, 38.636678 ], [ 40.434182, 38.656915 ] ] } },
{ "type": "Feature", "properties": { "fault_id": "F0108", "label": "Bingöl", "catalog_name": "EMME", "slip_type": "Sinistral", "rake": 0.0, "dip": 85.0, "upper_km": 2.0, "lower_km": 20.0, "length_km": 20.743300910262736, "width_km": 18.068757075780251, "area_km2": 374.80566509734871, "mmax": 6.6052822694522719, "slip_rate": 1.0, "slip_rate_min": 0.5, "slip_rate_max": 1.5, "recurrence_years": 807.22760083255514, "p30": 0.03648212547415941, "p50": 0.060061093952908817 }, "geometry": { "type": "LineString", "coordinates": [ [ 40.490265, 39.056155 ], [ 40.525697, 39.076729 ], [ 40.5501, 39.099023 ], [ 40.579729, 39.134729 ], [ 40.624552, 39.158578 ], [ 40.671889, 39.16497 ] ] } },
{ "type": "Feature", "properties": { "fault_id": "F0109", "label": "Bingöl", "catalog_name": "EMME", "slip_type": "Sinistral", "rake": 0.0, "dip": 75.0, "upper_km": 2.0, "lower_km": 20.0, "length_km": 25.517128912555393, "width_km": 18.634971247381493, "area_km2": 475.51096360119675, "mmax": 6.710703745377435, "slip_rate": 1.0, "slip_rate_min": 0.5, "slip_rate_max": 1.5, "recurrence_years": 915.74346618348829, "p30": 0.032229461202529675, "p50": 0.053136602827461354 }, "geometry": { "type": "LineString", "coordinates": [ [ 40.504739, 39.170643 ], [ 40.531821, 39.189623 ], [ 40.569816, 39.219566 ], [ 40.605383, 39.251274 ], [ 40.640949, 39.282982 ], [ 40.672939, 39.310483 ], [ 40.704929, 39.337984 ] ] } },
{ "type": "Feature", "properties": { "fault_id": "F0110", "label": "Akçapınar – Erzincan", "catalog_name": "EMME", "slip_type": "Dextral-Normal", "rake": 30.0, "dip": 62.5, "upper_km": 0.0, "lower_km": 15.0, "length_km": 83.109257581874374, "width_km": 16.910729202995135, "area_km2": 1405.4381492290479, "mmax": 7.1907679726126457, "slip_rate": 2.1, "slip_rate_min": 1.0, "slip_rate_max": 3.1672, "recurrence_years": 774.46121219634904, "p30": 0.037995939565000914, "p50": 0.062521085413493438 }, "geometry": { "type": "LineString", "coordinates": [ [ 38.872622, 39.272602 ], [ 38.937473, 39.280797 ], [ 38.989773, 39.302642 ], [ 39.042072, 39.324487 ], [ 39.094163, 39.346675 ], [ 39.146254, 39.368863 ], [ 39.199663, 39.389143 ], [ 39.253071, 39.409422 ], [ 39.307327, 39.428362 ], [ 39.361583, 39.447301 ], [ 39.417466, 39.463229 ], [ 39.473348, 39.479156 ], [ 39.528077, 39.497363 ], [ 39.582806, 39.515569 ], [ 39.632465, 39.522349 ], [ 39.685009, 39.528092 ], [ 39.724307, 39.542487 ], [ 39.759184, 39.548146 ] ] } },
{ "type": "Feature", "properties": { "fault_id": "F0111", "label": "Divriği", "catalog_name": "EMME", "slip_type": "Sinistral", "rake": 16.0, "dip": 85.0, "upper_km": 0.0, "lower_km": 20.0, "length_km": 38.829047528578805, "width_km": 20.076396750866948, "area_km2": 779.54736364201779, "mmax": 6.9296793572794897, "slip_rate": 2.1, "slip_rate_min": 1.0, "slip_rate_max": 3.1635, "recurrence_years": 566.67751312786061, "p30": 0.05156323774994076, "p50": 0.084453024844225233 }, "geometry": { "type": "LineString", "coordinates": [ [ 38.384727, 39.143871 ], [ 38.400666, 39.183594 ], [ 38.409084, 39.224683 ], [ 38.417501, 39.265772 ], [ 38.413494, 39.307259 ], [ 38.409487, 39.348745 ], [ 38.418003, 39.389824 ], [ 38.426519, 39.430902 ], [ 38.404767, 39.454309 ], [ 38.383014, 39.477716 ] ] } },
{ "type": "Feature", "properties": { "fault_id": "F0112", "label": "Elbistan – Malatya", "catalog_name": "EMME", "slip_type": "Dextral", "rake": 1.0, "dip": 87.5, "upper_km": 0.0, "lower_km": 20.0, "length_km": 151.58209368919572, "width_km": 20.019053703266398, "area_km2": 3034.5300740175676, "mmax": 7.5317332748865979, "slip_rate": 2.1, "slip_rate_min": 1.0, "slip_rate_max": 3.1635, "recurrence_years": 1164.5762175833395, "p30": 0.025431474249647423, "p50": 0.042025455347485252 }, "geometry": { "type": "LineString", "coordinates": [ [ 37.494848, 37.989473 ], [ 37.592881, 38.03747 ], [ 37.696916, 38.07695 ], [ 37.79202, 38.128605 ], [ 37.87326, 38.193325 ], [ 37.926644, 38.274013 ], [ 37.975574, 38.356448 ], [ 38.024514, 38.4389 ], [ 38.071502, 38.522064 ], [ 38.131679, 38.599878 ], [ 38.169542, 38.685872 ], [ 38.200766, 38.773483 ], [ 38.230494, 38.861419 ], [ 38.26909, 38.94725 ], [ 38.308581, 39.030707 ], [ 38.385133, 39.09835 ] ] } },
{ "type": "Feature", "properties": { "fault_id": "F0113", "label": "Divriği – Akçapınar", "catalog_name": "EMME", "slip_type": "Dextral", "rake": -5.0, "dip": 62.5, "upper_km": 2.0, "lower_km": 20.0, "length_km": 49.70364292659221, "width_km": 20.292875043594162, "area_km2": 1008.6298151207585, "mmax": 7.0438064378031875, "slip_rate": 2.0, "slip_rate_min": 1.0, "slip_rate_max": 3.0, "recurrence_years": 682.06631949321422, "p30": 0.04303072413070641, "p50": 0.070684192508225552 }, "geometry": { "type": "LineString", "coordinates": [ [ 38.411318, 39.118568 ], [ 38.449799, 39.133949 ], [ 38.48828, 39.149329 ], [ 38.526761, 39.16471 ], [ 38.569996, 39.16664 ], [ 38.613231, 39.168571 ], [ 38.656466, 39.170501 ], [ 38.698949, 39.177049 ], [ 38.741432, 39.183596 ], [ 38.783915, 39.190144 ], [ 38.821268, 39.204274 ], [ 38.85862, 39.218405 ], [ 38.958503, 39.230488 ] ] } },
{ "type": "Feature", "properties": { "fault_id": "F0114", "label": "Divriği – Sivas", "catalog_name": "EMME", "slip_type": "Sinistral", "rake": -16.0, "dip": 80.0, "upper_km": 0.0, "lower_km": 18.0, "length_km": 79.482271019521335, "width_km": 18.277679013943409, "area_km2": 1452.7514369940675, "mmax": 7.2054351399687979, "slip_rate": 0.3, "slip_rate_min": 0.2, "slip_rate_max": 0.4, "recurrence_years": 5517.2020235011769, "p30": 0.0054227821319836611, "p50": 0.0090216233774517152 }, "geometry": { "type": "LineString", "coordinates": [ [ 37.978522, 39.536895 ], [ 37.867038, 39.513866 ], [ 37.752941, 39.500637 ], [ 37.637993, 39.508308 ], [ 37.523398, 39.518734 ], [ 37.416025, 39.486169 ], [ 37.304137, 39.464584 ], [ 37.195166, 39.435523 ], [ 37.086328, 39.406271 ] ] } },
{ "type": "Feature", "properties": { "fault_id": "F0115", "label": "Akdağmadeni – Şarkışla", "catalog_name": "EMME", "slip_type": "Sinistral", "rake": -16.0, "dip": 87.5, "upper_km": 0.0, "lower_km": 18.0, "length_km": 70.077549003775985, "width_km": 18.017148332939758, "area_km2": 1262.5975952098868, "mmax": 7.1432902569751526, "slip_rate": 0.3, "slip_rate_min": 0.2, "slip_rate_max": 0.4, "recurrence_years": 5121.8625336875011, "p30": 0.0058401240612779848, "p50": 0.0097145794219026804 }, "geometry": { "type": "LineString", "coordinates": [ [ 36.260037, 39.815877 ], [ 36.209279, 39.793338 ], [ 36.158521, 39.770799 ], [ 36.113352, 39.742119 ], [ 36.068182, 39.713438 ], [ 36.031489, 39.678346 ], [ 35.994796, 39.643254 ], [ 35.955783, 39.609703 ], [ 35.916771, 39.576153 ], [ 35.877775, 39.542616 ], [ 35.838779, 39.50908 ], [ 35.7998, 39.475558 ], [ 35.760821, 39.442036 ], [ 35.722275, 39.408886 ], [ 35.683728, 39.375736 ] ] } },
{ "type": "Feature", "properties": { "fault_id": "F0116", "label": "Sorgun açıkları", "catalog_name": "EMME", "slip_type": "Sinistral", "rake": -16.0, "dip": 85.0, "upper_km": 2.0, "lower_km": 18.0, "length_km": 26.519770216414479, "width_km": 16.061117400693558, "area_km2": 425.93714288524933, "mmax": 6.6619324236610629, "slip_rate": 0.3, "slip_rate_min": 0.2, "slip_rate_max": 0.4, "recurrence_years": 2879.4571009473411, "p30": 0.010364544711946699, "p50": 0.017214492337951026 }, "geometry": { "type": "LineString", "coordinates": [ [ 35.232792, 39.264526 ], [ 35.270914, 39.291117 ], [ 35.309036, 39.317708 ], [ 35.347174, 39.34431 ], [ 35.385312, 39.370912 ], [ 35.423468, 39.397526 ], [ 35.461623, 39.42414 ] ] } },
{ "type": "Feature", "properties": { "fault_id": "F0117", "label": "Sivas – Şarkışla", "catalog_name": "EMME", "slip_type": "Sinistral", "rake": -16.0, "dip": 84.0, "upper_km": 0.0, "lower_km": 18.0, "length_km": 99.071692208633422, "width_km": 18.099149032143295, "area_km2": 1793.1133221506859, "mmax": 7.2986798919524869, "slip_rate": 0.3, "slip_rate_min": 0.2, "slip_rate_max": 0.4, "recurrence_years": 6168.3582821394702, "p30": 0.0048517229052404964, "p50": 0.008073120439153314 }, "geometry": { "type": "LineString", "coordinates": [ [ 37.129728, 39.961598 ], [ 37.070328, 39.953308 ], [ 37.010927, 39.945017 ], [ 36.951793, 39.935731 ], [ 36.892659, 39.926444 ], [ 36.83359, 39.916974 ], [ 36.77452, 39.907505 ], [ 36.718088, 39.891153 ], [ 36.661655, 39.874801 ], [ 36.603806, 39.861748 ], [ 36.545957, 39.848695 ], [ 36.489703, 39.832078 ], [ 36.433449, 39.815462 ], [ 36.383938, 39.789104 ], [ 36.334426, 39.762746 ], [ 36.274805, 39.756311 ], [ 36.215183, 39.749875 ], [ 36.166009, 39.723198 ], [ 36.116834, 39.69652 ], [ 36.059192, 39.663238 ] ] } },
{ "type": "Feature", "properties": { "fault_id": "F0118", "label": "Sivas", "catalog_name": "EMME", "slip_type": "Sinistral", "rake": -16.0, "dip": 84.0, "upper_km": 2.0, "lower_km": 18.0, "length_km": 25.507500917025126, "width_km": 16.088132473016262, "area_km2": 410.36805380868401, "mmax": 6.6454370155042266, "slip_rate": 0.3, "slip_rate_min": 0.2, "slip_rate_max": 0.4, "recurrence_years": 2823.1858536482769, "p30": 0.010570033375822629, "p50": 0.017554579356309996 }, "geometry": { "type": "LineString", "coordinates": [ [ 36.675973, 39.839589 ], [ 36.626623, 39.833444 ], [ 36.577273, 39.827298 ], [ 36.533334, 39.809005 ], [ 36.489396, 39.790712 ], [ 36.443687, 39.777299 ], [ 36.397977, 39.763886 ] ] } },
{ "type": "Feature", "properties": { "fault_id": "F0119", "label": "Akdağmadeni", "catalog_name": "EMME", "slip_type": "Sinistral", "rake": -16.0, "dip": 85.0, "upper_km": 2.0, "lower_km": 18.0, "length_km": 30.338506027094677, "width_km": 16.061117400693558, "area_km2": 487.2703070628167, "mmax": 6.7215253464032907, "slip_rate": 0.3, "slip_rate_min": 0.2, "slip_rate_max": 0.4, "recurrence_years": 3092.256867541013, "p30": 0.0096547427882013315, "p50": 0.016039396659846661 }, "geometry": { "type": "LineString", "coordinates": [ [ 35.928393, 39.745952 ], [ 35.960234, 39.763765 ], [ 35.992075, 39.781579 ], [ 36.023916, 39.799392 ], [ 36.059106, 39.813018 ], [ 36.094295, 39.826645 ], [ 36.129485, 39.840271 ], [ 36.165156, 39.853077 ], [ 36.200828, 39.865883 ], [ 36.236499, 39.878689 ] ] } },
{ "type": "Feature", "properties": { "fault_id": "F0120", "label": "Sorgun – Akdağmadeni", "catalog_name": "EMME", "slip_type": "Sinistral", "rake": -16.0, "dip": 85.0, "upper_km": 2.0, "lower_km": 18.0, "length_km": 23.085159014860608, "width_km": 16.061117400693558, "area_km2": 370.77344915135546, "mmax": 6.6004907995776367, "slip_rate": 0.3, "slip_rate_min": 0.2, "slip_rate_max": 0.4, "recurrence_years": 2675.3774542317256, "p30": 0.011150735507440612, "p50": 0.018515396106734472 }, "geometry": { "type": "LineString", "coordinates": [ [ 35.594678, 39.615638 ], [ 35.636183, 39.629148 ], [ 35.677687, 39.642659 ], [ 35.719192, 39.656169 ], [ 35.756864, 39.674633 ], [ 35.794535, 39.693098 ], [ 35.832207, 39.711562 ] ] } },
{ "type": "Feature", "properties": { "fault_id": "F0121", "label": "Sorgun açıkları", "catalog_name": "EMME", "slip_type": "Sinistral", "rake": -16.0, "dip": 87.5, "upper_km": 2.0, "lower_km": 18.0, "length_km": 65.763906241863069, "width_km": 16.015242962613119, "area_km2": 1053.2249366339465, "mmax": 7.0629715557721831, "slip_rate": 0.3, "slip_rate_min": 0.2, "slip_rate_max": 0.4, "recurrence_years": 4652.5783036269249, "p30": 0.0064272936499387701, "p50": 0.01068918960078169 }, "geometry": { "type": "LineString", "coordinates": [ [ 35.117116, 39.298939 ], [ 35.152995, 39.331849 ], [ 35.188873, 39.364759 ], [ 35.224766, 39.397682 ], [ 35.260658, 39.430605 ], [ 35.296565, 39.463541 ], [ 35.332471, 39.496477 ], [ 35.37523, 39.524143 ], [ 35.417989, 39.551809 ], [ 35.446519, 39.588819 ], [ 35.475049, 39.625829 ], [ 35.525511, 39.644357 ], [ 35.575973, 39.662884 ], [ 35.617921, 39.681417 ], [ 35.65987, 39.699951 ] ] } },
{ "type": "Feature", "properties": { "fault_id": "F0122", "label": "Gemerek – Kayseri", "catalog_name": "EMME", "slip_type": "Sinistral", "rake": -19.0, "dip": 70.0, "upper_km": 0.0, "lower_km": 18.0, "length_km": 133.74425710324473, "width_km": 19.15519990456642, "area_km2": 2561.8979809003804, "mmax": 7.4567330680423431, "slip_rate": 1.0, "slip_rate_min": 1.0, "slip_rate_max": 1.0, "recurrence_years": 2235.7153876869488, "p30": 0.013328896683325597, "p50": 0.02211598126399994 }, "geometry": { "type": "LineString", "coordinates": [ [ 35.76242, 38.986703 ], [ 35.664548, 38.933042 ], [ 35.566725, 38.879408 ], [ 35.468951, 38.825801 ], [ 35.371226, 38.772221 ], [ 35.273549, 38.718668 ], [ 35.185112, 38.656169 ], [ 35.121998, 38.577176 ], [ 35.058905, 38.498207 ], [ 35.075528, 38.406 ], [ 35.099201, 38.314751 ], [ 35.118606, 38.222887 ], [ 35.128864, 38.130115 ], [ 35.138286, 38.044905 ] ] } },
{ "type": "Feature", "properties": { "fault_id": "F0123", "label": "Develi – Talas", "catalog_name": "EMME", "slip_type": "Sinistral", "rake": -19.0, "dip": 70.0, "upper_km": 0.0, "lower_km": 18.0, "length_km": 35.314836737934741, "width_km": 19.15519990456642, "area_km2": 676.46275731226626, "mmax": 6.8668487693192262, "slip_rate": 0.3, "slip_rate_min": 0.2, "slip_rate_max": 0.4, "recurrence_years": 3679.4825960138692, "p30": 0.008120172095719802, "p50": 0.01349695524410699 }, "geometry": { "type": "LineString", "coordinates": [ [ 35.351253, 38.078828 ], [ 35.369305, 38.115945 ], [ 35.387358, 38.153061 ], [ 35.405413, 38.190182 ], [ 35.423468, 38.227303 ], [ 35.441525, 38.264429 ], [ 35.459582, 38.301555 ], [ 35.477642, 38.338688 ], [ 35.495702, 38.37582 ] ] } },
{ "type": "Feature", "properties": { "fault_id": "F0124", "label": "Kayseri – Talas", "catalog_name": "EMME", "slip_type": "Sinistral", "rake": 0.0, "dip": 80.0, "upper_km": 0.0, "lower_km": 18.0, "length_km": 37.532820894992597, "width_km": 18.277679013943409, "area_km2": 686.01285280650291, "mmax": 6.8730588975655866, "slip_rate": 0.3, "slip_rate_min": 0.2, "slip_rate_max": 0.4, "recurrence_years": 3706.9231656872539, "p30": 0.0080603052737157066, "p50": 0.013397716087776401 }, "geometry": { "type": "LineString", "coordinates": [ [ 35.59336, 38.734553 ], [ 35.632365, 38.763748 ], [ 35.67137, 38.792943 ], [ 35.710392, 38.822151 ], [ 35.749414, 38.851358 ], [ 35.788453, 38.880579 ], [ 35.827491, 38.909799 ], [ 35.866549, 38.939034 ], [ 35.905607, 38.968269 ] ] } },
{ "type": "Feature", "properties": { "fault_id": "F0125", "label": "Nevşehir – Kayseri", "catalog_name": "EMME", "slip_type": "Sinistral", "rake": 0.0, "dip": 85.0, "upper_km": 2.0, "lower_km": 18.0, "length_km": 25.93374988434633, "width_km": 16.061117400693558, "area_km2": 416.52500153270938, "mmax": 6.6520338961478256, "slip_rate": 0.3, "slip_rate_min": 0.2, "slip_rate_max": 0.4, "recurrence_years": 2845.5568076592795, "p30": 0.0104873720758758, "p50": 0.017417779246031384 }, "geometry": { "type": "LineString", "coordinates": [ [ 34.876773, 38.730685 ], [ 34.922929, 38.745158 ], [ 34.969086, 38.75963 ], [ 35.015259, 38.774108 ], [ 35.061431, 38.788585 ], [ 35.107621, 38.803068 ], [ 35.153811, 38.81755 ] ] } },
{ "type": "Feature", "properties": { "fault_id": "F0126", "label": "Kayseri", "catalog_name": "EMME", "slip_type": "Sinistral", "rake": 0.0, "dip": 85.0, "upper_km": 2.0, "lower_km": 18.0, "length_km": 20.11707245646344, "width_km": 16.061117400693558, "area_km2": 323.10266248151805, "mmax": 6.5395273475097593, "slip_rate": 0.3, "slip_rate_min": 0.2, "slip_rate_max": 0.4, "recurrence_years": 2487.1843425506818, "p30": 0.011989379821463864, "p50": 0.01990233443089473 }, "geometry": { "type": "LineString", "coordinates": [ [ 35.33678, 38.906441 ], [ 35.29888, 38.899796 ], [ 35.260979, 38.893152 ], [ 35.223079, 38.886507 ], [ 35.165488, 38.888838 ], [ 35.107896, 38.891168 ] ] } },
{ "type": "Feature", "properties": { "fault_id": "F0127", "label": "Sivas – Şarkışla", "catalog_name": "EMME", "slip_type": "Dextral", "rake": -18.0, "dip": 87.5, "upper_km": 0.0, "lower_km": 18.0, "length_km": 84.572179644611936, "width_km": 18.017148332939758, "area_km2": 1523.7495054970018, "mmax": 7.2265718492384048, "slip_rate": 1.0, "slip_rate_min": 1.0, "slip_rate_max": 1.0, "recurrence_years": 1697.5514325975716, "p30": 0.017517270137142327, "p50": 0.029024641606296808 }, "geometry": { "type": "LineString", "coordinates": [ [ 37.135356, 39.851743 ], [ 37.076782, 39.832512 ], [ 37.028336, 39.811929 ], [ 36.982115, 39.787977 ], [ 36.935893, 39.764025 ], [ 36.886885, 39.743652 ], [ 36.837876, 39.72328 ], [ 36.783841, 39.712919 ], [ 36.729805, 39.702558 ], [ 36.676345, 39.690609 ], [ 36.622885, 39.67866 ], [ 36.576007, 39.655585 ], [ 36.529128, 39.632509 ], [ 36.483048, 39.608532 ], [ 36.436968, 39.584556 ], [ 36.414017, 39.545546 ], [ 36.364645, 39.511971 ], [ 36.302648, 39.47615 ] ] } },
{ "type": "Feature", "properties": { "fault_id": "F0128", "label": "Sivas", "catalog_name": "EMME", "slip_type": "Sinistral-Normal", "rake": -45.0, "dip": 85.0, "upper_km": 2.0, "lower_km": 10.0, "length_km": 51.418917494499389, "width_km": 8.0305587003467789, "area_km2": 412.92263524786529, "mmax": 6.6481860641255102, "slip_rate": 0.3, "slip_rate_min": 0.2, "slip_rate_max": 0.4, "recurrence_years": 2832.4868117116785, "p30": 0.010535508334115318, "p50": 0.017497443151985315 }, "geometry": { "type": "LineString", "coordinates": [ [ 37.261909, 39.841395 ], [ 37.19785, 39.818341 ], [ 37.161973, 39.8007 ], [ 37.131381, 39.776296 ], [ 37.099861, 39.752626 ], [ 37.068341, 39.728955 ], [ 37.036821, 39.705285 ], [ 37.006109, 39.683664 ], [ 36.961304, 39.6661 ], [ 36.856587, 39.62445 ], [ 36.773828, 39.580693 ] ] } },
{ "type": "Feature", "properties": { "fault_id": "F0129", "label": "Şarkışla – Akdağmadeni", "catalog_name": "EMME", "slip_type": "Sinistral", "rake": 0.0, "dip": 85.0, "upper_km": 0.0, "lower_km": 18.0, "length_km": 46.887853174028031, "width_km": 18.068757075780251, "area_km2": 847.20522880636452, "mmax": 6.9665484000492528, "slip_rate": 0.2, "slip_rate_min": 0.1, "slip_rate_max": 0.3, "recurrence_years": 6218.4582402524547, "p30": 0.0048127284723941122, "p50": 0.0080083392532801501 }, "geometry": { "type": "LineString", "coordinates": [ [ 36.04815, 39.41218 ], [ 36.011511, 39.380975 ], [ 35.974871, 39.34977 ], [ 35.938247, 39.318578 ], [ 35.901622, 39.287385 ], [ 35.865013, 39.256205 ], [ 35.828403, 39.225025 ], [ 35.791808, 39.193858 ], [ 35.755213, 39.16269 ], [ 35.718627, 39.13153 ], [ 35.68204, 39.10037 ] ] } },
{ "type": "Feature", "properties": { "fault_id": "F0130", "label": "Yerköy – Kayseri", "catalog_name": "EMME", "slip_type": "Dextral", "rake": 180.0, "dip": 85.0, "upper_km": 0.0, "lower_km": 18.0, "length_km": 48.653753673351162, "width_km": 18.068757075780251, "area_km2": 879.11285594863318, "mmax": 6.9829255237481709, "slip_rate": 0.3, "slip_rate_min": 0.2, "slip_rate_max": 0.4, "recurrence_years": 4227.6706317894959, "p30": 0.0070709883378904381, "p50": 0.011757181534620131 }, "geometry": { "type": "LineString", "coordinates": [ [ 34.895518, 39.266432 ], [ 34.94748, 39.249459 ], [ 34.999441, 39.232485 ], [ 35.051382, 39.215519 ], [ 35.103322, 39.198552 ], [ 35.155241, 39.181592 ], [ 35.20716, 39.164632 ], [ 35.259058, 39.147679 ], [ 35.310956, 39.130727 ], [ 35.362837, 39.11378 ], [ 35.414718, 39.096832 ] ] } },
{ "type": "Feature", "properties": { "fault_id": "F0131", "label": "Polatlı – Kulu", "catalog_name": "EMME", "slip_type": "Dextral-Normal", "rake": -150.0, "dip": 80.0, "upper_km": 1.0, "lower_km": 16.0, "length_km": 109.1047913070057, "width_km": 15.231399178286175, "area_km2": 1661.8186286606112, "mmax": 7.2649952954763259, "slip_rate": 1.5, "slip_rate_min": 0.0001, "slip_rate_max": 3.0427, "recurrence_years": 1184.9412174996746, "p30": 0.024999906019051443, "p50": 0.041318317792288561 }, "geometry": { "type": "LineString", "coordinates": [ [ 31.887926, 39.186038 ], [ 31.982171, 39.134732 ], [ 32.07637, 39.08345 ], [ 32.168804, 39.030346 ], [ 32.256114, 38.97231 ], [ 32.35347, 38.924983 ], [ 32.445239, 38.871396 ], [ 32.540338, 38.82153 ], [ 32.635391, 38.771687 ], [ 32.730399, 38.721869 ], [ 32.834304, 38.684492 ], [ 32.941432, 38.658897 ] ] } },
{ "type": "Feature", "properties": { "fault_id": "F0132", "label": "Polatlı – Kulu", "catalog_name": "EMME", "slip_type": "Dextral-Normal", "rake": -149.0, "dip": 70.0, "upper_km": 1.0, "lower_km": 16.0, "length_km": 100.11496621481193, "width_km": 15.962666587138683, "area_km2": 1598.1018260696965, "mmax": 7.2476765367060167, "slip_rate": 1.5, "slip_rate_min": 0.0001, "slip_rate_max": 3.0468, "recurrence_years": 1160.6408274841788, "p30": 0.025516595245834828, "p50": 0.042164904021974259 }, "geometry": { "type": "LineString", "coordinates": [ [ 32.02311, 39.39159 ], [ 32.087319, 39.320374 ], [ 32.161404, 39.255194 ], [ 32.241429, 39.194423 ], [ 32.321148, 39.133465 ], [ 32.40405, 39.075172 ], [ 32.495053, 39.024757 ], [ 32.586013, 38.974366 ], [ 32.656308, 38.906932 ], [ 32.743172, 38.85249 ], [ 32.813898, 38.78541 ], [ 32.84538, 38.76466 ] ] } },
{ "type": "Feature", "properties": { "fault_id": "F0133", "label": "Gölbaşı – Polatlı", "catalog_name": "EMME", "slip_type": "Dextral", "rake": 180.0, "dip": 80.0, "upper_km": 1.0, "lower_km": 16.0, "length_km": 106.54976126459511, "width_km": 15.231399178286175, "area_km2": 1622.9019461721421, "mmax": 7.2544981266779365, "slip_rate": 1.5, "slip_rate_min": 0.0001, "slip_rate_max": 3.0, "recurrence_years": 1170.1523123852533, "p30": 0.025311833223515601, "p50": 0.041829440830083331 }, "geometry": { "type": "LineString", "coordinates": [ [ 32.077327, 39.48293 ], [ 32.170596, 39.42673 ], [ 32.263817, 39.370558 ], [ 32.356992, 39.314415 ], [ 32.45012, 39.2583 ], [ 32.543201, 39.202213 ], [ 32.623883, 39.135643 ], [ 32.704134, 39.068813 ], [ 32.802735, 39.019011 ], [ 32.897083, 38.964544 ], [ 32.953773, 38.884548 ], [ 32.981385, 38.845585 ] ] } },
{ "type": "Feature", "properties": { "fault_id": "F0134", "label": "Eskişehir – Polatlı", "catalog_name": "EMME", "slip_type": "Dextral-Normal", "rake": -146.0, "dip": 70.0, "upper_km": 1.0, "lower_km": 15.0, "length_km": 121.82977000319248, "width_km": 14.898488814662771, "area_km2": 1815.0794656855012, "mmax": 7.3040735564324644, "slip_rate": 1.6, "slip_rate_min": 0.0001, "slip_rate_max": 3.1832, "recurrence_years": 1164.0548742799908, "p30": 0.025442718061239322, "p50": 0.042043875881943471 }, "geometry": { "type": "LineString", "coordinates": [ [ 30.842699, 39.707609 ], [ 30.948433, 39.676416 ], [ 31.055835, 39.648917 ], [ 31.168957, 39.651318 ], [ 31.282118, 39.650491 ], [ 31.395249, 39.648362 ], [ 31.500543, 39.616487 ], [ 31.609282, 39.592539 ], [ 31.663601, 39.516132 ], [ 31.763716, 39.475839 ], [ 31.839818, 39.411511 ], [ 31.936147, 39.366239 ], [ 31.983643, 39.309126 ], [ 32.031138, 39.252012 ] ] } },
{ "type": "Feature", "properties": { "fault_id": "F0135", "label": "Eskişehir – Emirdağ", "catalog_name": "EMME", "slip_type": "Dextral-Normal", "rake": -146.0, "dip": 70.0, "upper_km": 1.0, "lower_km": 15.0, "length_km": 83.843406401104005, "width_km": 14.898488814662771, "area_km2": 1249.140052450073, "mmax": 7.138543356483714, "slip_rate": 1.6, "slip_rate_min": 0.0001, "slip_rate_max": 3.1832, "recurrence_years": 954.91048848387982, "p30": 0.03092818487211646, "p50": 0.05101371136164834 }, "geometry": { "type": "LineString", "coordinates": [ [ 30.924923, 39.622417 ], [ 30.982335, 39.60439 ], [ 31.039747, 39.586363 ], [ 31.097134, 39.568344 ], [ 31.15452, 39.550324 ], [ 31.211881, 39.532313 ], [ 31.269242, 39.514302 ], [ 31.326634, 39.496404 ], [ 31.384025, 39.478505 ], [ 31.441245, 39.460342 ], [ 31.498465, 39.442179 ], [ 31.550321, 39.416164 ], [ 31.602177, 39.390148 ], [ 31.654006, 39.364147 ], [ 31.705834, 39.338145 ], [ 31.751458, 39.315256 ], [ 31.797081, 39.292367 ] ] } },
{ "type": "Feature", "properties": { "fault_id": "F0136", "label": "Eskişehir – Nallıhan", "catalog_name": "EMME", "slip_type": "Dextral-Normal", "rake": -138.0, "dip": 65.0, "upper_km": 0.0, "lower_km": 15.0, "length_km": 43.24416674854254, "width_km": 16.550668784437377, "area_km2": 715.71988071410783, "mmax": 6.8918379424957745, "slip_rate": 1.6, "slip_rate_min": 0.0001, "slip_rate_max": 3.1832, "recurrence_years": 710.84120677036015, "p30": 0.041325347282571534, "p50": 0.067922392069794113 }, "geometry": { "type": "LineString", "coordinates": [ [ 30.737855, 39.8636 ], [ 30.775923, 39.877928 ], [ 30.813992, 39.892256 ], [ 30.85206, 39.906584 ], [ 30.892375, 39.916713 ], [ 30.932691, 39.926843 ], [ 30.973006, 39.936972 ], [ 31.013229, 39.926632 ], [ 31.053453, 39.916292 ], [ 31.093676, 39.905952 ], [ 31.132939, 39.895858 ], [ 31.172202, 39.885765 ], [ 31.211465, 39.875671 ] ] } },
{ "type": "Feature", "properties": { "fault_id": "F0137", "label": "Eskişehir", "catalog_name": "EMME", "slip_type": "Dextral-Normal", "rake": -146.0, "dip": 70.0, "upper_km": 0.0, "lower_km": 15.0, "length_km": 44.738001518711982, "width_km": 15.962666587138683, "area_km2": 714.13780201810346, "mmax": 6.8908576629854084, "slip_rate": 1.6, "slip_rate_min": 0.0001, "slip_rate_max": 3.1832, "recurrence_years": 710.00798760348323, "p30": 0.041372826676485452, "p50": 0.067999327710737245 }, "geometry": { "type": "LineString", "coordinates": [ [ 30.224873, 39.807559 ], [ 30.273911, 39.792379 ], [ 30.322949, 39.777199 ], [ 30.371968, 39.762025 ], [ 30.420987, 39.746851 ], [ 30.472869, 39.739205 ], [ 30.524751, 39.731559 ], [ 30.573611, 39.716149 ], [ 30.622471, 39.700738 ], [ 30.667482, 39.68452 ], [ 30.712493, 39.668302 ] ] } },
{ "type": "Feature", "properties": { "fault_id": "F0138", "label": "Eskişehir – Bilecik", "catalog_name": "EMME", "slip_type": "Dextral-Normal", "rake": -146.0, "dip": 70.0, "upper_km": 0.0, "lower_km": 15.0, "length_km": 28.425975605780074, "width_km": 15.962666587138683, "area_km2": 453.75437100920487, "mmax": 6.6899572380490309, "slip_rate": 1.6, "slip_rate_min": 0.0001, "slip_rate_max": 3.1832, "recurrence_years": 558.30793209328795, "p30": 0.052315642022651265, "p50": 0.085663225508307961 }, "geometry": { "type": "LineString", "coordinates": [ [ 30.303447, 39.860241 ], [ 30.249472, 39.869705 ], [ 30.195496, 39.879168 ], [ 30.141507, 39.888634 ], [ 30.087517, 39.898101 ], [ 30.03351, 39.90757 ], [ 29.979502, 39.917039 ] ] } },
{ "type": "Feature", "properties": { "fault_id": "F0139", "label": "Bursa – İnegol", "catalog_name": "EMME", "slip_type": "Dextral-Normal", "rake": -144.0, "dip": 72.5, "upper_km": 0.0, "lower_km": 13.0, "length_km": 81.245508126348923, "width_km": 13.630878626830539, "area_km2": 1107.4476602454363, "mmax": 7.0852096741241102, "slip_rate": 1.6, "slip_rate_min": 0.0001, "slip_rate_max": 3.1736, "recurrence_years": 895.88045910099777, "p30": 0.032932140312615932, "p50": 0.054282156894391753 }, "geometry": { "type": "LineString", "coordinates": [ [ 29.217282, 40.16646 ], [ 29.270271, 40.150127 ], [ 29.32326, 40.133793 ], [ 29.370416, 40.109168 ], [ 29.417571, 40.084542 ], [ 29.460192, 40.05551 ], [ 29.502813, 40.026477 ], [ 29.552297, 40.004788 ], [ 29.601781, 39.983098 ], [ 29.648972, 39.958628 ], [ 29.696162, 39.934157 ], [ 29.749669, 39.919216 ], [ 29.803175, 39.904275 ], [ 29.859096, 39.896123 ], [ 29.915017, 39.88797 ], [ 29.968942, 39.874027 ], [ 30.022866, 39.860083 ], [ 30.06152, 39.854308 ] ] } },
{ "type": "Feature", "properties": { "fault_id": "F0140", "label": "Akşehir – Beyşehir", "catalog_name": "EMME", "slip_type": "Normal", "rake": -68.0, "dip": 40.0, "upper_km": 1.0, "lower_km": 15.0, "length_km": 105.4641319008397, "width_km": 21.780133576045774, "area_km2": 2297.0228802819988, "mmax": 7.3583886275783961, "slip_rate": null, "slip_rate_min": null, "slip_rate_max": null, "recurrence_years": null, "p30": null, "p50": null }, "geometry": { "type": "LineString", "coordinates": [ [ 31.375422, 38.390347 ], [ 31.443732, 38.322771 ], [ 31.512017, 38.255219 ], [ 31.580278, 38.187691 ], [ 31.660247, 38.128681 ], [ 31.7454, 38.074401 ], [ 31.830515, 38.020144 ], [ 31.915592, 37.965912 ], [ 32.00063, 37.911704 ], [ 32.08563, 37.85752 ], [ 32.170592, 37.803361 ], [ 32.255204, 37.749425 ] ] } },
{ "type": "Feature", "properties": { "fault_id": "F0141", "label": "Akşehir", "catalog_name": "EMME", "slip_type": "Normal", "rake": -68.0, "dip": 40.0, "upper_km": 1.0, "lower_km": 15.0, "length_km": 32.691926664929923, "width_km": 21.780133576045774, "area_km2": 712.0345296204664, "mmax": 6.8395510760562432, "slip_rate": null, "slip_rate_min": null, "slip_rate_max": null, "recurrence_years": null, "p30": null, "p50": null }, "geometry": { "type": "LineString", "coordinates": [ [ 31.073959, 38.586991 ], [ 31.111444, 38.572482 ], [ 31.14893, 38.557973 ], [ 31.186415, 38.543464 ], [ 31.217147, 38.521299 ], [ 31.247878, 38.499134 ], [ 31.27861, 38.476969 ], [ 31.308014, 38.454007 ], [ 31.337419, 38.431045 ], [ 31.366823, 38.408083 ] ] } },
{ "type": "Feature", "properties": { "fault_id": "F0142", "label": "Uşak – Afyonkarahisar", "catalog_name": "EMME", "slip_type": "Dextral-Normal", "rake": -140.0, "dip": 80.0, "upper_km": 1.0, "lower_km": 15.0, "length_km": 46.384495720800814, "width_km": 14.215972566400429, "area_km2": 659.40071867322251, "mmax": 6.8555324044627266, "slip_rate": null, "slip_rate_min": null, "slip_rate_max": null, "recurrence_years": null, "p30": null, "p50": null }, "geometry": { "type": "LineString", "coordinates": [ [ 29.820998, 38.800826 ], [ 29.870517, 38.783571 ], [ 29.920035, 38.766316 ], [ 29.969533, 38.749068 ], [ 30.019032, 38.73182 ], [ 30.073111, 38.72901 ], [ 30.12719, 38.726199 ], [ 30.181115, 38.721999 ], [ 30.23504, 38.7178 ], [ 30.284672, 38.713934 ], [ 30.334304, 38.710069 ] ] } },
{ "type": "Feature", "properties": { "fault_id": "F0143", "label": "Uşak", "catalog_name": "EMME", "slip_type": "Dextral-Normal", "rake": -140.0, "dip": 80.0, "upper_km": 1.0, "lower_km": 15.0, "length_km": 29.793719099575974, "width_km": 14.215972566400429, "area_km2": 423.54669337061256, "mmax": 6.659439321464113, "slip_rate": null, "slip_rate_min": null, "slip_rate_max": null, "recurrence_years": null, "p30": null, "p50": null }, "geometry": { "type": "LineString", "coordinates": [ [ 29.479808, 38.921246 ], [ 29.521238, 38.890413 ], [ 29.562668, 38.85958 ], [ 29.612352, 38.83738 ], [ 29.662036, 38.815179 ], [ 29.716072, 38.800875 ], [ 29.770108, 38.786571 ] ] } },
{ "type": "Feature", "properties": { "fault_id": "F0144", "label": "Simav – Uşak", "catalog_name": "EMME", "slip_type": "Normal", "rake": -90.0, "dip": 52.0, "upper_km": 0.0, "lower_km": 15.0, "length_km": 70.022946932520384, "width_km": 19.03527322608868, "area_km2": 1332.9059269564339, "mmax": 7.1172954890995666, "slip_rate": null, "slip_rate_min": null, "slip_rate_max": null, "recurrence_years": null, "p30": null, "p50": null }, "geometry": { "type": "LineString", "coordinates": [ [ 28.911108, 39.101879 ], [ 28.963713, 39.082129 ], [ 29.016318, 39.062379 ], [ 29.068899, 39.042638 ], [ 29.12148, 39.022897 ], [ 29.174037, 39.003165 ], [ 29.226594, 38.983432 ], [ 29.279127, 38.963708 ], [ 29.33166, 38.943985 ], [ 29.389933, 38.942194 ], [ 29.448206, 38.940402 ], [ 29.503534, 38.954763 ], [ 29.558862, 38.969123 ], [ 29.609914, 38.982374 ], [ 29.660965, 38.995625 ] ] } },
{ "type": "Feature", "properties": { "fault_id": "F0145", "label": "Simav – Demirci", "catalog_name": "EMME", "slip_type": "Normal", "rake": -90.0, "dip": 56.0, "upper_km": 1.0, "lower_km": 15.0, "length_km": 42.908997715900455, "width_km": 16.887051279054674, "area_km2": 724.60644476125083, "mmax": 6.847304236245618, "slip_rate": null, "slip_rate_min": null, "slip_rate_max": null, "recurrence_years": null, "p30": null, "p50": null }, "geometry": { "type": "LineString", "coordinates": [ [ 28.90582, 39.108938 ], [ 28.865417, 39.115577 ], [ 28.825015, 39.122216 ], [ 28.784612, 39.128855 ], [ 28.744199, 39.135496 ], [ 28.703785, 39.142137 ], [ 28.663372, 39.148778 ], [ 28.622947, 39.155421 ], [ 28.582523, 39.162063 ], [ 28.542098, 39.168706 ], [ 28.501661, 39.175351 ], [ 28.461225, 39.181995 ], [ 28.420788, 39.18864 ] ] } },
{ "type": "Feature", "properties": { "fault_id": "F0146", "label": "Demirci – Akhisar", "catalog_name": "EMME", "slip_type": "Normal", "rake": -95.0, "dip": 50.0, "upper_km": 1.0, "lower_km": 15.0, "length_km": 29.79382446006878, "width_km": 18.275702050651901, "area_km2": 544.50305878164181, "mmax": 6.7207203302519076, "slip_rate": 5.0, "slip_rate_min": 4.9605, "slip_rate_max": 5.0246, "recurrence_years": 165.57276925219119, "p30": 0.16572251361994728, "p50": 0.26064864474792326 }, "geometry": { "type": "LineString", "coordinates": [ [ 28.332585, 39.146565 ], [ 28.281087, 39.166223 ], [ 28.229588, 39.18588 ], [ 28.178067, 39.205546 ], [ 28.126545, 39.225212 ], [ 28.074997, 39.244889 ], [ 28.023449, 39.264565 ] ] } },
{ "type": "Feature", "properties": { "fault_id": "F0147", "label": "Akşehir", "catalog_name": "EMME", "slip_type": "Normal", "rake": -90.0, "dip": 50.0, "upper_km": 0.0, "lower_km": 15.0, "length_km": 22.11750900376731, "width_km": 19.581109339984181, "area_km2": 433.08536213085227, "mmax": 6.6193049753465001, "slip_rate": 0.7, "slip_rate_min": 0.0001, "slip_rate_max": 1.3054, "recurrence_years": 1047.5256428169866, "p30": 0.028232710283094931, "p50": 0.046610289244521375 }, "geometry": { "type": "LineString", "coordinates": [ [ 31.694125, 38.567794 ], [ 31.673636, 38.535092 ], [ 31.653148, 38.502389 ], [ 31.632659, 38.469687 ], [ 31.616265, 38.426604 ], [ 31.59987, 38.38352 ] ] } },
{ "type": "Feature", "properties": { "fault_id": "F0148", "label": "Bolvadin – Akşehir", "catalog_name": "EMME", "slip_type": "Normal", "rake": -90.0, "dip": 50.0, "upper_km": 0.0, "lower_km": 10.0, "length_km": 39.376371677830377, "width_km": 13.054072893322786, "area_km2": 514.02202615696865, "mmax": 6.6952013637606775, "slip_rate": 0.7, "slip_rate_min": 0.0001, "slip_rate_max": 1.3054, "recurrence_years": 1147.0993184593865, "p30": 0.025813897117552886, "p50": 0.042651892315821671 }, "geometry": { "type": "LineString", "coordinates": [ [ 31.484067, 38.960748 ], [ 31.47258, 38.918921 ], [ 31.461093, 38.877095 ], [ 31.449606, 38.835271 ], [ 31.438119, 38.793447 ], [ 31.413016, 38.75542 ], [ 31.387913, 38.717393 ], [ 31.375777, 38.703026 ], [ 31.321562, 38.634297 ] ] } },
{ "type": "Feature", "properties": { "fault_id": "F0149", "label": "Van açıkları", "catalog_name": "EMME", "slip_type": "Sinistral", "rake": -16.0, "dip": 70.0, "upper_km": 2.0, "lower_km": 20.0, "length_km": 38.822353880169047, "width_km": 19.15519990456642, "area_km2": 743.64994934045785, "mmax": 6.9087959237437531, "slip_rate": 2.1, "slip_rate_min": 1.0, "slip_rate_max": 3.1832, "recurrence_years": 552.69404267038954, "p30": 0.05283273867714966, "p50": 0.086494575603355939 }, "geometry": { "type": "LineString", "coordinates": [ [ 43.785329, 38.091767 ], [ 43.817367, 38.127583 ], [ 43.849404, 38.163399 ], [ 43.881452, 38.199226 ], [ 43.913501, 38.235054 ], [ 43.926749, 38.277595 ], [ 43.939996, 38.320136 ], [ 43.938343, 38.361602 ], [ 43.936689, 38.403067 ] ] } },
{ "type": "Feature", "properties": { "fault_id": "F0150", "label": "Bolvadin", "catalog_name": "EMME", "slip_type": "Normal", "rake": -90.0, "dip": 50.0, "upper_km": 1.0, "lower_km": 10.0, "length_km": 37.478753527640585, "width_km": 11.748665603990508, "area_km2": 440.32534245062885, "mmax": 6.6266491551603881, "slip_rate": 0.7, "slip_rate_min": 0.0001, "slip_rate_max": 1.3054, "recurrence_years": 1056.7706828263294, "p30": 0.027989208967103441, "p50": 0.046212095421673927 }, "geometry": { "type": "LineString", "coordinates": [ [ 30.98967, 38.697908 ], [ 31.001866, 38.740082 ], [ 31.014061, 38.782256 ], [ 30.991773, 38.821849 ], [ 30.969484, 38.861442 ], [ 30.946558, 38.900822 ], [ 30.923631, 38.940202 ], [ 30.914524, 38.978588 ], [ 30.905416, 39.016974 ] ] } },
{ "type": "Feature", "properties": { "fault_id": "F0151", "label": "Afyonkarahisar", "catalog_name": "EMME", "slip_type": "Dextral-Normal", "rake": -116.0, "dip": 50.0, "upper_km": 1.0, "lower_km": 12.0, "length_km": 25.889177024235714, "width_km": 14.359480182655066, "area_km2": 371.75512442476156, "mmax": 6.5516621030026716, "slip_rate": null, "slip_rate_min": null, "slip_rate_max": null, "recurrence_years": null, "p30": null, "p50": null }, "geometry": { "type": "LineString", "coordinates": [ [ 30.635672, 38.658654 ], [ 30.596645, 38.682722 ], [ 30.557618, 38.706789 ], [ 30.521641, 38.733617 ], [ 30.485664, 38.760445 ], [ 30.45256, 38.789268 ], [ 30.419456, 38.818091 ] ] } },
{ "type": "Feature", "properties": { "fault_id": "F0152", "label": "Banaz – Afyonkarahisar", "catalog_name": "EMME", "slip_type": "Dextral-Normal", "rake": -125.0, "dip": 50.0, "upper_km": 1.0, "lower_km": 10.0, "length_km": 30.683297479981263, "width_km": 11.748665603990508, "area_km2": 360.48780172006451, "mmax": 6.5380283850052088, "slip_rate": 0.7, "slip_rate_min": 0.0001, "slip_rate_max": 1.3979, "recurrence_years": 950.45751579083185, "p30": 0.031070811270363041, "p50": 0.051246483680292609 }, "geometry": { "type": "LineString", "coordinates": [ [ 30.040627, 38.938117 ], [ 30.075877, 38.920311 ], [ 30.111126, 38.902506 ], [ 30.146376, 38.8847 ], [ 30.181607, 38.866904 ], [ 30.216838, 38.849107 ], [ 30.252069, 38.831311 ], [ 30.302183, 38.824636 ], [ 30.352296, 38.817961 ] ] } },
{ "type": "Feature", "properties": { "fault_id": "F0153", "label": "Mustafakemalpaşa – Balıkesir", "catalog_name": "EMME", "slip_type": "Dextral", "rake": 180.0, "dip": 70.0, "upper_km": 1.0, "lower_km": 15.0, "length_km": 73.210127215797755, "width_km": 14.898488814662771, "area_km2": 1090.7202614446014, "mmax": 7.0784676483694522, "slip_rate": 2.0, "slip_rate_min": 2.0, "slip_rate_max": 2.0, "recurrence_years": 710.94637050551205, "p30": 0.041319362471833099, "p50": 0.067912694098278048 }, "geometry": { "type": "LineString", "coordinates": [ [ 28.374863, 39.81843 ], [ 28.3253, 39.791081 ], [ 28.275736, 39.763732 ], [ 28.226198, 39.736397 ], [ 28.17666, 39.709063 ], [ 28.127148, 39.681743 ], [ 28.077637, 39.654422 ], [ 28.028151, 39.627116 ], [ 27.978665, 39.59981 ], [ 27.929205, 39.572519 ], [ 27.879745, 39.545227 ], [ 27.830311, 39.51795 ], [ 27.780876, 39.490672 ], [ 27.731454, 39.463401 ], [ 27.682032, 39.43613 ] ] } },
{ "type": "Feature", "properties": { "fault_id": "F0154", "label": "Balıkesir", "catalog_name": "EMME", "slip_type": "Dextral", "rake": -166.0, "dip": 70.0, "upper_km": 1.0, "lower_km": 15.0, "length_km": 27.912798894952086, "width_km": 14.898488814662771, "area_km2": 415.85852212237501, "mmax": 6.6513245179549214, "slip_rate": 2.1, "slip_rate_min": 2.0, "slip_rate_max": 2.2655, "recurrence_years": 406.16324638279849, "p30": 0.071200072694930672, "p50": 0.11582759885844707 }, "geometry": { "type": "LineString", "coordinates": [ [ 27.543105, 39.616842 ], [ 27.597139, 39.618182 ], [ 27.651172, 39.619521 ], [ 27.705208, 39.62086 ], [ 27.759243, 39.622199 ], [ 27.813283, 39.623539 ], [ 27.867323, 39.624878 ] ] } },
{ "type": "Feature", "properties": { "fault_id": "F0155", "label": "Kırıkkale – Kulu", "catalog_name": "EMME", "slip_type": "Sinistral-Normal", "rake": -29.0, "dip": 55.0, "upper_km": 1.0, "lower_km": 12.0, "length_km": 118.38058165825869, "width_km": 13.428520476376017, "area_km2": 1589.67606480323, "mmax": 7.245334807968292, "slip_rate": 0.5, "slip_rate_min": 0.0001, "slip_rate_max": 1.0074, "recurrence_years": 3472.1806911347117, "p30": 0.0086028849184561773, "p50": 0.01429698565484816 }, "geometry": { "type": "LineString", "coordinates": [ [ 33.512145, 39.935588 ], [ 33.428849, 39.870153 ], [ 33.403828, 39.814814 ], [ 33.362451, 39.731888 ], [ 33.333413, 39.639488 ], [ 33.291139, 39.553095 ], [ 33.249312, 39.466588 ], [ 33.207492, 39.380095 ], [ 33.165392, 39.293698 ], [ 33.132687, 39.204908 ], [ 33.105922, 39.114937 ], [ 33.097215, 39.022854 ], [ 33.08911, 38.93714 ] ] } },
{ "type": "Feature", "properties": { "fault_id": "F0156", "label": "Gölbaşı – Ankara", "catalog_name": "EMME", "slip_type": "Sinistral", "rake": 0.0, "dip": 60.0, "upper_km": 1.0, "lower_km": 12.0, "length_km": 70.477087949358705, "width_km": 12.701705922171767, "area_km2": 895.17924538378998, "mmax": 6.9909482046665499, "slip_rate": 0.5, "slip_rate_min": 0.0001, "slip_rate_max": 1.0, "recurrence_years": 2561.0676084992706, "p30": 0.011645524700727328, "p50": 0.019333766493809135 }, "geometry": { "type": "LineString", "coordinates": [ [ 32.7162, 39.1843 ], [ 32.718441, 39.229625 ], [ 32.720681, 39.27495 ], [ 32.722922, 39.320275 ], [ 32.725163, 39.365601 ], [ 32.727404, 39.410927 ], [ 32.729644, 39.456252 ], [ 32.731885, 39.501577 ], [ 32.734125, 39.546903 ], [ 32.736366, 39.592229 ], [ 32.738607, 39.637554 ], [ 32.740848, 39.68288 ], [ 32.743088, 39.728205 ], [ 32.745329, 39.773538 ], [ 32.74757, 39.81887 ] ] } },
{ "type": "Feature", "properties": { "fault_id": "F0157", "label": "Ankara", "catalog_name": "EMME", "slip_type": "Sinistral-Normal", "rake": -38.0, "dip": 70.0, "upper_km": 1.0, "lower_km": 15.0, "length_km": 72.872933192910637, "width_km": 14.898488814662771, "area_km2": 1085.6965800662465, "mmax": 7.0764226392027201, "slip_rate": 0.6, "slip_rate_min": 0.0001, "slip_rate_max": 1.1327, "recurrence_years": 2364.0300020066852, "p30": 0.012610013289859001, "p50": 0.020928224276695828 }, "geometry": { "type": "LineString", "coordinates": [ [ 32.37208, 39.765835 ], [ 32.404282, 39.805665 ], [ 32.436484, 39.845494 ], [ 32.468697, 39.885336 ], [ 32.500909, 39.925178 ], [ 32.533132, 39.965033 ], [ 32.565355, 40.004888 ], [ 32.60255, 40.042137 ], [ 32.639745, 40.079385 ], [ 32.686087, 40.110081 ], [ 32.732428, 40.140777 ], [ 32.778794, 40.171489 ], [ 32.825159, 40.202201 ], [ 32.871086, 40.232622 ], [ 32.917012, 40.263043 ] ] } },
{ "type": "Feature", "properties": { "fault_id": "F0158", "label": "Çubuk – Ankara", "catalog_name": "EMME", "slip_type": "Sinistral-Normal", "rake": -38.0, "dip": 70.0, "upper_km": 1.0, "lower_km": 15.0, "length_km": 86.988678481286158, "width_km": 14.898488814662771, "area_km2": 1295.999853355738, "mmax": 7.1548570514413985, "slip_rate": 0.6, "slip_rate_min": 0.0001, "slip_rate_max": 1.1327, "recurrence_years": 2596.6183367681697, "p30": 0.011487003208311308, "p50": 0.019071605177818807 }, "geometry": { "type": "LineString", "coordinates": [ [ 32.65965, 40.26804 ], [ 32.628899, 40.231433 ], [ 32.598148, 40.194825 ], [ 32.567407, 40.158229 ], [ 32.536666, 40.121633 ], [ 32.505934, 40.085049 ], [ 32.475203, 40.048464 ], [ 32.444481, 40.011891 ], [ 32.413759, 39.975318 ], [ 32.383047, 39.938757 ], [ 32.352334, 39.902195 ], [ 32.321631, 39.865645 ], [ 32.290929, 39.829095 ], [ 32.260236, 39.792556 ], [ 32.229542, 39.756017 ], [ 32.198859, 39.71949 ], [ 32.168175, 39.682962 ], [ 32.137493, 39.646436 ], [ 32.10681, 39.60991 ] ] } },
{ "type": "Feature", "properties": { "fault_id": "F0159", "label": "Ankara açıkları", "catalog_name": "EMME", "slip_type": "Dextral", "rake": -176.0, "dip": 87.0, "upper_km": 1.0, "lower_km": 12.0, "length_km": 49.026045285525697, "width_km": 11.015095805977131, "area_km2": 540.02658580823902, "mmax": 6.7670634437255623, "slip_rate": 1.5, "slip_rate_min": 1.0, "slip_rate_max": 2.0101, "recurrence_years": 653.08169449388356, "p30": 0.044896970615526555, "p50": 0.073702758077253572 }, "geometry": { "type": "LineString", "coordinates": [ [ 32.50433, 39.4151 ], [ 32.492167, 39.443825 ], [ 32.480004, 39.472551 ], [ 32.467841, 39.501276 ], [ 32.452586, 39.529114 ], [ 32.437331, 39.556951 ], [ 32.422076, 39.584789 ], [ 32.407261, 39.612773 ], [ 32.392446, 39.640758 ], [ 32.377631, 39.668742 ], [ 32.364732, 39.697288 ], [ 32.351832, 39.725833 ], [ 32.338933, 39.754379 ], [ 32.326856, 39.79271 ], [ 32.31478, 39.83104 ] ] } },
{ "type": "Feature", "properties": { "fault_id": "F0160", "label": "Çubuk – Ankara", "catalog_name": "EMME", "slip_type": "Sinistral", "rake": 0.0, "dip": 77.0, "upper_km": 1.0, "lower_km": 12.0, "length_km": 31.140165645931663, "width_km": 11.289345185727306, "area_km2": 351.5520791176495, "mmax": 6.5769094641591712, "slip_rate": 0.5, "slip_rate_min": 0.0001, "slip_rate_max": 1.0, "recurrence_years": 1560.5700450802231, "p30": 0.019040146797668966, "p50": 0.031531745188479898 }, "geometry": { "type": "LineString", "coordinates": [ [ 33.10191, 40.26804 ], [ 33.087863, 40.238786 ], [ 33.073815, 40.209532 ], [ 33.059768, 40.180278 ], [ 33.045723, 40.151029 ], [ 33.031677, 40.121779 ], [ 33.017632, 40.09253 ], [ 33.003588, 40.063283 ], [ 32.989544, 40.034037 ], [ 32.9755, 40.00479 ] ] } },
{ "type": "Feature", "properties": { "fault_id": "F0161", "label": "Kırıkkale – Kalecik", "catalog_name": "EMME", "slip_type": "Sinistral-Normal", "rake": -38.0, "dip": 70.0, "upper_km": 1.0, "lower_km": 15.0, "length_km": 63.491975595079957, "width_km": 14.898488814662771, "area_km2": 945.93448822414041, "mmax": 7.0153782810793963, "slip_rate": 0.6, "slip_rate_min": 0.0001, "slip_rate_max": 1.1327, "recurrence_years": 2197.5251626140262, "p30": 0.013558958673354993, "p50": 0.022495973570863415 }, "geometry": { "type": "LineString", "coordinates": [ [ 33.558986, 39.963761 ], [ 33.635084, 40.087087 ], [ 33.681238, 40.120025 ], [ 33.727416, 40.15298 ], [ 33.773593, 40.185934 ], [ 33.819795, 40.218906 ], [ 33.865996, 40.251877 ], [ 33.912221, 40.284866 ], [ 33.958446, 40.317855 ], [ 33.989281, 40.33986 ], [ 34.020115, 40.361865 ], [ 34.05095, 40.38387 ] ] } },
{ "type": "Feature", "properties": { "fault_id": "F0162", "label": "Nevşehir – Kırşehir", "catalog_name": "EMME", "slip_type": "Dextral", "rake": 174.0, "dip": 87.0, "upper_km": 1.0, "lower_km": 15.0, "length_km": 159.85601193846594, "width_km": 14.019212843970895, "area_km2": 2241.0554557537062, "mmax": 7.3974616555160226, "slip_rate": 0.9, "slip_rate_min": 0.25, "slip_rate_max": 1.5, "recurrence_years": 2314.0679942065613, "p30": 0.012880509548281904, "p50": 0.021375212584165082 }, "geometry": { "type": "LineString", "coordinates": [ [ 34.947935, 38.931297 ], [ 34.840865, 38.965237 ], [ 34.733751, 38.999192 ], [ 34.626593, 39.03316 ], [ 34.51939, 39.067142 ], [ 34.41741, 39.109806 ], [ 34.333241, 39.171643 ], [ 34.254168, 39.237459 ], [ 34.175062, 39.303304 ], [ 34.095921, 39.369177 ], [ 34.007725, 39.427835 ], [ 33.912429, 39.479523 ], [ 33.817086, 39.531237 ], [ 33.718012, 39.578679 ], [ 33.636127, 39.642757 ], [ 33.557936, 39.709573 ], [ 33.481616, 39.774789 ] ] } },
{ "type": "Feature", "properties": { "fault_id": "F0163", "label": "Kırıkkale", "catalog_name": "EMME", "slip_type": "Sinistral-Normal", "rake": -29.0, "dip": 70.0, "upper_km": 1.0, "lower_km": 15.0, "length_km": 27.912443820349058, "width_km": 14.898488814662771, "area_km2": 415.85323204737341, "mmax": 6.6513188828310268, "slip_rate": 0.5, "slip_rate_min": 0.0001, "slip_rate_max": 1.0056, "recurrence_years": 1705.874133603847, "p30": 0.017432555341000522, "p50": 0.028885099978401274 }, "geometry": { "type": "LineString", "coordinates": [ [ 33.337017, 39.509185 ], [ 33.352045, 39.549452 ], [ 33.367074, 39.589723 ], [ 33.382103, 39.629994 ], [ 33.397133, 39.670269 ], [ 33.412164, 39.710544 ], [ 33.427196, 39.750823 ] ] } },
{ "type": "Feature", "properties": { "fault_id": "F0164", "label": "Ankara", "catalog_name": "EMME", "slip_type": "Sinistral-Normal", "rake": -29.0, "dip": 87.0, "upper_km": 1.0, "lower_km": 12.0, "length_km": 48.234090210606333, "width_km": 11.015095805977131, "area_km2": 531.30312478397241, "mmax": 6.7598492175618201, "slip_rate": 0.5, "slip_rate_min": 0.0001, "slip_rate_max": 1.005, "recurrence_years": 1942.4068328619996, "p30": 0.015326097635454339, "p50": 0.025412778659207547 }, "geometry": { "type": "LineString", "coordinates": [ [ 33.065926, 39.537773 ], [ 33.098121, 39.573415 ], [ 33.130316, 39.609058 ], [ 33.162522, 39.644712 ], [ 33.194728, 39.680366 ], [ 33.226813, 39.716102 ], [ 33.258898, 39.751837 ], [ 33.269789, 39.794454 ], [ 33.28068, 39.837071 ], [ 33.290493, 39.879809 ], [ 33.300306, 39.922547 ] ] } },
{ "type": "Feature", "properties": { "fault_id": "F0165", "label": "Akşehir – Şarkîkaraağaç", "catalog_name": "EMME", "slip_type": "Normal", "rake": -90.0, "dip": 50.0, "upper_km": 1.0, "lower_km": 10.0, "length_km": 56.339873006201124, "width_km": 11.748665603990508, "area_km2": 661.91832812114842, "mmax": 6.8072204947403501, "slip_rate": 1.3, "slip_rate_min": 0.0001, "slip_rate_max": 2.6108, "recurrence_years": 706.2553138720931, "p30": 0.041588024603397056, "p50": 0.068348002721927648 }, "geometry": { "type": "LineString", "coordinates": [ [ 31.145441, 38.093627 ], [ 31.168939, 38.068075 ], [ 31.192438, 38.042523 ], [ 31.215936, 38.016971 ], [ 31.239426, 37.991428 ], [ 31.262916, 37.965885 ], [ 31.286406, 37.940342 ], [ 31.309888, 37.914808 ], [ 31.333369, 37.889275 ], [ 31.356851, 37.863741 ], [ 31.377151, 37.836574 ], [ 31.397451, 37.809406 ], [ 31.417751, 37.782239 ], [ 31.44971, 37.724955 ], [ 31.457009, 37.659288 ] ] } },
{ "type": "Feature", "properties": { "fault_id": "F0166", "label": "Manavgat – İbradı", "catalog_name": "EMME", "slip_type": "Normal", "rake": -90.0, "dip": 50.0, "upper_km": 1.0, "lower_km": 15.0, "length_km": 74.109821476608559, "width_km": 18.275702050651901, "area_km2": 1354.4090163335013, "mmax": 7.1243848329437345, "slip_rate": 0.7, "slip_rate_min": 0.0001, "slip_rate_max": 1.3054, "recurrence_years": 1916.9382288658146, "p30": 0.015528132327295441, "p50": 0.025746031054621588 }, "geometry": { "type": "LineString", "coordinates": [ [ 31.285689, 37.005338 ], [ 31.282562, 37.050663 ], [ 31.279434, 37.095988 ], [ 31.285916, 37.141086 ], [ 31.292397, 37.186184 ], [ 31.28727, 37.231394 ], [ 31.282142, 37.276604 ], [ 31.287085, 37.321828 ], [ 31.292028, 37.367052 ], [ 31.283573, 37.411946 ], [ 31.275117, 37.456839 ], [ 31.262832, 37.501174 ], [ 31.250546, 37.545508 ], [ 31.242893, 37.590495 ], [ 31.23524, 37.635481 ], [ 31.2298, 37.667462 ] ] } },
{ "type": "Feature", "properties": { "fault_id": "F0167", "label": "Yalvaç – Şarkîkaraağaç", "catalog_name": "EMME", "slip_type": "Normal", "rake": -90.0, "dip": 50.0, "upper_km": 1.0, "lower_km": 15.0, "length_km": 34.086809860859233, "width_km": 18.275702050651901, "area_km2": 622.96038087428656, "mmax": 6.7803496357575117, "slip_rate": 0.7, "slip_rate_min": 0.0001, "slip_rate_max": 1.3054, "recurrence_years": 1270.1199326551243, "p30": 0.023343052157244748, "p50": 0.038601574434656727 }, "geometry": { "type": "LineString", "coordinates": [ [ 30.985415, 38.019247 ], [ 31.000645, 37.9866 ], [ 31.015874, 37.953952 ], [ 31.031104, 37.921305 ], [ 31.054638, 37.891896 ], [ 31.078172, 37.862486 ], [ 31.101706, 37.833077 ], [ 31.123825, 37.805436 ], [ 31.145945, 37.777794 ], [ 31.168064, 37.750153 ] ] } },
{ "type": "Feature", "properties": { "fault_id": "F0168", "label": "Antalya", "catalog_name": "EMME", "slip_type": "Normal", "rake": -74.0, "dip": 50.0, "upper_km": 1.0, "lower_km": 15.0, "length_km": 38.494182299994712, "width_km": 18.275702050651901, "area_km2": 703.50820639818153, "mmax": 6.8342145511865819, "slip_rate": 1.5, "slip_rate_min": 1.0, "slip_rate_max": 2.0, "recurrence_years": 632.17911647562028, "p30": 0.046346522961181025, "p50": 0.076044629245836104 }, "geometry": { "type": "LineString", "coordinates": [ [ 30.634674, 36.913764 ], [ 30.608458, 36.942188 ], [ 30.587381, 36.960427 ], [ 30.569032, 36.980457 ], [ 30.545458, 37.012381 ], [ 30.542913, 37.046417 ], [ 30.551816, 37.079044 ], [ 30.55984, 37.107454 ], [ 30.575257, 37.147055 ], [ 30.597324, 37.18436 ], [ 30.59915, 37.187448 ], [ 30.621499, 37.225233 ] ] } },
{ "type": "Feature", "properties": { "fault_id": "F0169", "label": "Elmalı – Antalya", "catalog_name": "EMME", "slip_type": "Sinistral-Normal", "rake": -59.0, "dip": 50.0, "upper_km": 1.0, "lower_km": 15.0, "length_km": 26.606185886732831, "width_km": 18.275702050651901, "area_km2": 486.24672597018889, "mmax": 6.6705938239246558, "slip_rate": 1.5, "slip_rate_min": 1.0, "slip_rate_max": 2.0, "recurrence_years": 519.78235443252947, "p30": 0.056082456718695717, "p50": 0.091712307058100295 }, "geometry": { "type": "LineString", "coordinates": [ [ 30.133853, 36.486713 ], [ 30.163862, 36.518476 ], [ 30.193871, 36.550239 ], [ 30.223889, 36.582012 ], [ 30.253907, 36.613784 ], [ 30.283937, 36.645568 ], [ 30.313966, 36.677352 ] ] } },
{ "type": "Feature", "properties": { "fault_id": "F0170", "label": "Antalya – Bucak", "catalog_name": "EMME", "slip_type": "Normal", "rake": -74.0, "dip": 50.0, "upper_km": 1.0, "lower_km": 15.0, "length_km": 62.469575245297911, "width_km": 18.275702050651901, "area_km2": 1141.6753444138442, "mmax": 7.0486934745882364, "slip_rate": 1.5, "slip_rate_min": 1.0, "slip_rate_max": 2.0, "recurrence_years": 817.11856150977053, "p30": 0.036048578542737797, "p50": 0.059356092767125723 }, "geometry": { "type": "LineString", "coordinates": [ [ 30.258605, 36.768634 ], [ 30.242888, 36.808452 ], [ 30.22717, 36.84827 ], [ 30.23811, 36.889104 ], [ 30.249049, 36.929937 ], [ 30.276337, 36.965553 ], [ 30.303624, 37.001169 ], [ 30.334469, 37.034899 ], [ 30.365313, 37.068628 ], [ 30.376037, 37.109503 ], [ 30.386761, 37.150378 ], [ 30.393824, 37.191757 ], [ 30.400887, 37.233136 ], [ 30.406072, 37.263514 ], [ 30.411257, 37.293892 ] ] } },
{ "type": "Feature", "properties": { "fault_id": "F0171", "label": "Serinhisar – Ortaca", "catalog_name": "EMME", "slip_type": "Normal", "rake": -78.0, "dip": 50.0, "upper_km": 1.0, "lower_km": 13.0, "length_km": 36.771145032641165, "width_km": 15.664887471987344, "area_km2": 576.01584915245019, "mmax": 6.7456431219230133, "slip_rate": 7.4, "slip_rate_min": 5.2216, "slip_rate_max": 9.6177, "recurrence_years": 115.25964435156976, "p30": 0.22916574818657864, "p50": 0.35196020849461951 }, "geometry": { "type": "LineString", "coordinates": [ [ 29.362743, 37.40717 ], [ 29.344623, 37.368274 ], [ 29.326503, 37.329377 ], [ 29.302186, 37.292688 ], [ 29.27787, 37.255998 ], [ 29.243872, 37.224574 ], [ 29.209874, 37.19315 ], [ 29.176391, 37.162202 ], [ 29.142908, 37.131253 ] ] } },
{ "type": "Feature", "properties": { "fault_id": "F0172", "label": "Denizli – Serinhisar", "catalog_name": "EMME", "slip_type": "Normal", "rake": -80.0, "dip": 50.0, "upper_km": 1.0, "lower_km": 13.0, "length_km": 26.978421979260894, "width_km": 15.664887471987344, "area_km2": 422.61394447691197, "mmax": 6.6084626992948348, "slip_rate": 7.9, "slip_rate_min": 5.2216, "slip_rate_max": 10.633, "recurrence_years": 91.622445651926526, "p30": 0.27922674894742661, "p50": 0.42057428109048356 }, "geometry": { "type": "LineString", "coordinates": [ [ 29.26995, 37.628289 ], [ 29.280081, 37.587327 ], [ 29.290211, 37.546365 ], [ 29.29201, 37.504648 ], [ 29.293809, 37.46293 ], [ 29.329487, 37.437833 ], [ 29.365164, 37.412735 ] ] } },
{ "type": "Feature", "properties": { "fault_id": "F0173", "label": "Muğla – Denizli", "catalog_name": "EMME", "slip_type": "Normal", "rake": -102.0, "dip": 50.0, "upper_km": 1.0, "lower_km": 15.0, "length_km": 40.025765082020982, "width_km": 18.275702050651901, "area_km2": 731.49895698840214, "mmax": 6.8514979854451372, "slip_rate": 7.4, "slip_rate_min": 5.2216, "slip_rate_max": 9.6177, "recurrence_years": 130.82185184913038, "p30": 0.20492552331298552, "p50": 0.31764084913556334 }, "geometry": { "type": "LineString", "coordinates": [ [ 28.834061, 37.364785 ], [ 28.865028, 37.385575 ], [ 28.895995, 37.406366 ], [ 28.926962, 37.427156 ], [ 28.960808, 37.44492 ], [ 28.994653, 37.462685 ], [ 29.028499, 37.480449 ], [ 29.044577, 37.510027 ], [ 29.060656, 37.539606 ], [ 29.076734, 37.569184 ], [ 29.110892, 37.591031 ], [ 29.145049, 37.612877 ] ] } },
{ "type": "Feature", "properties": { "fault_id": "F0174", "label": "Fethiye – Gölhisar", "catalog_name": "EMME", "slip_type": "Normal", "rake": -78.0, "dip": 50.0, "upper_km": 1.0, "lower_km": 13.0, "length_km": 24.925758773227514, "width_km": 15.664887471987344, "area_km2": 390.45920633651031, "mmax": 6.5734071805239118, "slip_rate": 7.4, "slip_rate_min": 5.2216, "slip_rate_max": 9.6177, "recurrence_years": 93.795527277017115, "p30": 0.27373816554438268, "p50": 0.41320189343337455 }, "geometry": { "type": "LineString", "coordinates": [ [ 29.277536, 36.96533 ], [ 29.30828, 36.998738 ], [ 29.339023, 37.032145 ], [ 29.377967, 37.059588 ], [ 29.416911, 37.08703 ], [ 29.427591, 37.114864 ], [ 29.43827, 37.142697 ] ] } },
{ "type": "Feature", "properties": { "fault_id": "F0175", "label": "Gölhisar – Korkuteli", "catalog_name": "EMME", "slip_type": "Normal", "rake": -82.0, "dip": 50.0, "upper_km": 1.0, "lower_km": 13.0, "length_km": 29.025972675641448, "width_km": 15.664887471987344, "area_km2": 454.68859572890267, "mmax": 6.6408683428172477, "slip_rate": 5.5, "slip_rate_min": 4.0, "slip_rate_max": 7.0, "recurrence_years": 136.80579948418116, "p30": 0.19691036740370238, "p50": 0.30613758113413092 }, "geometry": { "type": "LineString", "coordinates": [ [ 29.68784, 37.18343 ], [ 29.724082, 37.193312 ], [ 29.760323, 37.203195 ], [ 29.796565, 37.213077 ], [ 29.830349, 37.1987 ], [ 29.864134, 37.184323 ], [ 29.897918, 37.169946 ], [ 29.930889, 37.141468 ], [ 29.96386, 37.11299 ] ] } },
{ "type": "Feature", "properties": { "fault_id": "F0176", "label": "Çivril – Uşak", "catalog_name": "EMME", "slip_type": "Normal", "rake": -90.0, "dip": 50.0, "upper_km": 1.0, "lower_km": 14.0, "length_km": 42.38713146046603, "width_km": 16.970294761319622, "area_km2": 719.32211497091282, "mmax": 6.8440618807858762, "slip_rate": 3.9, "slip_rate_min": 2.6108, "slip_rate_max": 5.2216, "recurrence_years": 246.0274395701916, "p30": 0.11479641265163532, "p50": 0.18390896171376159 }, "geometry": { "type": "LineString", "coordinates": [ [ 29.756356, 38.371156 ], [ 29.743316, 38.401491 ], [ 29.730275, 38.431825 ], [ 29.717235, 38.46216 ], [ 29.723278, 38.493818 ], [ 29.72932, 38.525475 ], [ 29.735363, 38.557133 ], [ 29.743861, 38.588447 ], [ 29.752359, 38.61976 ], [ 29.760857, 38.651074 ], [ 29.790427, 38.671894 ], [ 29.819998, 38.692714 ], [ 29.849568, 38.713534 ] ] } },
{ "type": "Feature", "properties": { "fault_id": "F0177", "label": "Denizli – Çivril", "catalog_name": "EMME", "slip_type": "Normal", "rake": -90.0, "dip": 50.0, "upper_km": 1.0, "lower_km": 8.0, "length_km": 67.652153670491245, "width_km": 9.1378510253259506, "area_km2": 618.19530178340722, "mmax": 6.7769482141523127, "slip_rate": 1.3, "slip_rate_min": 0.0001, "slip_rate_max": 2.6108, "recurrence_years": 681.13314470158866, "p30": 0.043088388898046559, "p50": 0.070777521355155359 }, "geometry": { "type": "LineString", "coordinates": [ [ 29.259613, 37.950041 ], [ 29.305537, 37.974502 ], [ 29.351461, 37.998963 ], [ 29.393015, 38.0279 ], [ 29.434568, 38.056837 ], [ 29.476406, 38.085551 ], [ 29.518243, 38.114264 ], [ 29.555068, 38.146976 ], [ 29.591893, 38.179687 ], [ 29.622977, 38.215915 ], [ 29.654062, 38.252142 ], [ 29.688547, 38.286437 ], [ 29.723032, 38.320731 ], [ 29.775744, 38.325865 ], [ 29.828455, 38.330998 ] ] } },
{ "type": "Feature", "properties": { "fault_id": "F0178", "label": "Yalvaç – Bolvadin", "catalog_name": "EMME", "slip_type": "Normal", "rake": -90.0, "dip": 50.0, "upper_km": 1.0, "lower_km": 15.0, "length_km": 30.695303950789459, "width_km": 18.275702050651901, "area_km2": 560.9782293588263, "mmax": 6.7339249274762105, "slip_rate": 1.3, "slip_rate_min": 0.0001, "slip_rate_max": 2.6108, "recurrence_years": 646.95902687538114, "p30": 0.045312090442294561, "p50": 0.07437366063439721 }, "geometry": { "type": "LineString", "coordinates": [ [ 30.767179, 38.375373 ], [ 30.802649, 38.388368 ], [ 30.838118, 38.401364 ], [ 30.873588, 38.414359 ], [ 30.907133, 38.431584 ], [ 30.918149, 38.450578 ], [ 30.917789, 38.468888 ], [ 30.92753, 38.496153 ], [ 30.941691, 38.537235 ], [ 30.955852, 38.578316 ] ] } },
{ "type": "Feature", "properties": { "fault_id": "F0179", "label": "Antalya", "catalog_name": "EMME", "slip_type": "Normal", "rake": -90.0, "dip": 50.0, "upper_km": 1.0, "lower_km": 15.0, "length_km": 29.50258682858928, "width_km": 18.275702050651901, "area_km2": 539.18048660278487, "mmax": 6.7163688496541063, "slip_rate": 1.5, "slip_rate_min": 1.0, "slip_rate_max": 2.0, "recurrence_years": 549.04329769962385, "p30": 0.053174528935437615, "p50": 0.087043914862842242 }, "geometry": { "type": "LineString", "coordinates": [ [ 30.485436, 36.542719 ], [ 30.495216, 36.586993 ], [ 30.504995, 36.631267 ], [ 30.507075, 36.6762 ], [ 30.509155, 36.721133 ], [ 30.518558, 36.763427 ], [ 30.527961, 36.805721 ] ] } },
{ "type": "Feature", "properties": { "fault_id": "F0180", "label": "Antalya açıkları", "catalog_name": "EMME", "slip_type": "Normal", "rake": -90.0, "dip": 50.0, "upper_km": 1.0, "lower_km": 15.0, "length_km": 23.527660684785346, "width_km": 18.275702050651901, "area_km2": 429.98451662397366, "mmax": 6.6161218736326814, "slip_rate": 1.5, "slip_rate_min": 1.0, "slip_rate_max": 2.0, "recurrence_years": 486.98712491983144, "p30": 0.059744160763749887, "p50": 0.097577187650567554 }, "geometry": { "type": "LineString", "coordinates": [ [ 30.612542, 36.589873 ], [ 30.593264, 36.558152 ], [ 30.573987, 36.52643 ], [ 30.554709, 36.494709 ], [ 30.535436, 36.462995 ], [ 30.516163, 36.431281 ], [ 30.49689, 36.399567 ] ] } },
{ "type": "Feature", "properties": { "fault_id": "F0181", "label": "Antalya – Elmalı", "catalog_name": "EMME", "slip_type": "Normal", "rake": -90.0, "dip": 50.0, "upper_km": 1.0, "lower_km": 15.0, "length_km": 18.839722342359597, "width_km": 18.275702050651901, "area_km2": 344.30915224597373, "mmax": 6.5176875383880359, "slip_rate": 1.5, "slip_rate_min": 1.0, "slip_rate_max": 2.0, "recurrence_years": 432.88269703068403, "p30": 0.066955925151841567, "p50": 0.10908364377850954 }, "geometry": { "type": "LineString", "coordinates": [ [ 30.549397, 36.332374 ], [ 30.517106, 36.298945 ], [ 30.484816, 36.265515 ], [ 30.452535, 36.232095 ], [ 30.420254, 36.198675 ] ] } },
{ "type": "Feature", "properties": { "fault_id": "F0182", "label": "Elmalı – Fethiye", "catalog_name": "EMME", "slip_type": "Dextral-Normal", "rake": -122.0, "dip": 50.0, "upper_km": 1.0, "lower_km": 8.0, "length_km": 44.205956299382777, "width_km": 9.1378510253259506, "area_km2": 403.9474430958291, "mmax": 6.5884513607508364, "slip_rate": 0.7, "slip_rate_min": 0.0001, "slip_rate_max": 1.3394, "recurrence_years": 1009.5617386795168, "p30": 0.029278689409915404, "p50": 0.048320005673873956 }, "geometry": { "type": "LineString", "coordinates": [ [ 29.879157, 36.475161 ], [ 29.841092, 36.462083 ], [ 29.803028, 36.449004 ], [ 29.764963, 36.435926 ], [ 29.736678, 36.411635 ], [ 29.708392, 36.387344 ], [ 29.680107, 36.363053 ], [ 29.648539, 36.341568 ], [ 29.61697, 36.320084 ], [ 29.585402, 36.298599 ], [ 29.546894, 36.289258 ], [ 29.508385, 36.279918 ], [ 29.469877, 36.270577 ] ] } },
{ "type": "Feature", "properties": { "fault_id": "F0183", "label": "Fethiye", "catalog_name": "EMME", "slip_type": "Sinistral-Normal", "rake": -54.0, "dip": 60.0, "upper_km": 0.0, "lower_km": 14.0, "length_km": 54.108205923895355, "width_km": 16.165807537309522, "area_km2": 874.7028431548033, "mmax": 6.9306977489320953, "slip_rate": 1.3, "slip_rate_min": 0.0001, "slip_rate_max": 2.5166, "recurrence_years": 818.6937561332893, "p30": 0.035980482886623477, "p50": 0.059245341556198539 }, "geometry": { "type": "LineString", "coordinates": [ [ 29.250021, 36.396482 ], [ 29.260573, 36.437785 ], [ 29.271125, 36.479088 ], [ 29.304559, 36.511583 ], [ 29.337993, 36.544078 ], [ 29.348181, 36.585444 ], [ 29.358369, 36.62681 ], [ 29.352126, 36.668679 ], [ 29.345883, 36.710548 ], [ 29.316849, 36.745716 ], [ 29.287815, 36.780883 ], [ 29.25673, 36.801784 ], [ 29.225645, 36.822685 ] ] } },
{ "type": "Feature", "properties": { "fault_id": "F0184", "label": "Senirkent – Yalvaç", "catalog_name": "EMME", "slip_type": "Sinistral-Normal", "rake": -62.0, "dip": 50.0, "upper_km": 1.0, "lower_km": 14.0, "length_km": 55.654762438258587, "width_km": 16.970294761319622, "area_km2": 944.47772344846771, "mmax": 6.9646955534443027, "slip_rate": 2.0, "slip_rate_min": 0.0001, "slip_rate_max": 3.9277, "recurrence_years": 554.24318373092513, "p30": 0.052689028773280633, "p50": 0.086263559707340565 }, "geometry": { "type": "LineString", "coordinates": [ [ 30.580522, 38.082992 ], [ 30.633302, 38.088122 ], [ 30.686082, 38.093252 ], [ 30.737871, 38.102798 ], [ 30.789661, 38.112343 ], [ 30.824525, 38.143969 ], [ 30.859389, 38.175594 ], [ 30.890144, 38.209769 ], [ 30.920898, 38.243944 ], [ 30.954442, 38.27648 ], [ 30.987986, 38.309016 ], [ 31.026658, 38.336258 ], [ 31.065329, 38.3635 ] ] } },
{ "type": "Feature", "properties": { "fault_id": "F0185", "label": "Dinar – Senirkent", "catalog_name": "EMME", "slip_type": "Sinistral-Normal", "rake": -60.0, "dip": 50.0, "upper_km": 1.0, "lower_km": 8.0, "length_km": 54.687519588545285, "width_km": 9.1378510253259506, "area_km2": 499.72640694472153, "mmax": 6.6827069453750205, "slip_rate": 0.7, "slip_rate_min": 0.0001, "slip_rate_max": 1.3206, "recurrence_years": 1130.0790503210492, "p30": 0.02619754623791859, "p50": 0.043280173267452371 }, "geometry": { "type": "LineString", "coordinates": [ [ 30.395801, 38.034708 ], [ 30.414713, 38.06392 ], [ 30.433624, 38.093131 ], [ 30.452536, 38.122343 ], [ 30.493781, 38.127057 ], [ 30.535027, 38.131771 ], [ 30.576272, 38.136485 ], [ 30.611294, 38.154279 ], [ 30.646317, 38.172073 ], [ 30.681339, 38.189867 ], [ 30.71433, 38.209943 ], [ 30.747321, 38.23002 ], [ 30.780312, 38.250096 ], [ 30.826611, 38.282913 ], [ 30.87291, 38.31573 ] ] } },
{ "type": "Feature", "properties": { "fault_id": "F0186", "label": "Korkuteli – Bucak", "catalog_name": "EMME", "slip_type": "Normal", "rake": -90.0, "dip": 50.0, "upper_km": 1.0, "lower_km": 14.0, "length_km": 28.034849045322947, "width_km": 16.970294761319622, "area_km2": 475.75965188823039, "mmax": 6.6609353598738856, "slip_rate": 1.5, "slip_rate_min": 1.0, "slip_rate_max": 2.0, "recurrence_years": 513.81043285775729, "p30": 0.056715450287742719, "p50": 0.092727246947315045 }, "geometry": { "type": "LineString", "coordinates": [ [ 30.176511, 37.081985 ], [ 30.16987, 37.12486 ], [ 30.163229, 37.167734 ], [ 30.196044, 37.20213 ], [ 30.228858, 37.236525 ], [ 30.243695, 37.274506 ], [ 30.258532, 37.312487 ] ] } },
{ "type": "Feature", "properties": { "fault_id": "F0187", "label": "Isparta – Senirkent", "catalog_name": "EMME", "slip_type": "Sinistral-Normal", "rake": -62.0, "dip": 50.0, "upper_km": 1.0, "lower_km": 14.0, "length_km": 31.267414369293014, "width_km": 16.970294761319622, "area_km2": 530.61723827122307, "mmax": 6.7092769819873368, "slip_rate": 2.0, "slip_rate_min": 0.0001, "slip_rate_max": 3.9277, "recurrence_years": 408.3032790383466, "p30": 0.070840435662206103, "p50": 0.11525693024786532 }, "geometry": { "type": "LineString", "coordinates": [ [ 30.867744, 37.838024 ], [ 30.840789, 37.860852 ], [ 30.813834, 37.88368 ], [ 30.786879, 37.906508 ], [ 30.771551, 37.936918 ], [ 30.772381, 37.955485 ], [ 30.775599, 37.982603 ], [ 30.79638, 37.999824 ], [ 30.824337, 38.036416 ], [ 30.852293, 38.073008 ] ] } },
{ "type": "Feature", "properties": { "fault_id": "F0188", "label": "Başmakçı – Çivril", "catalog_name": "EMME", "slip_type": "Normal", "rake": -90.0, "dip": 50.0, "upper_km": 1.0, "lower_km": 14.0, "length_km": 39.294044180957229, "width_km": 16.970294761319622, "area_km2": 666.83151211516019, "mmax": 6.8104964371702152, "slip_rate": 3.9, "slip_rate_min": 2.6108, "slip_rate_max": 5.2216, "recurrence_years": 236.34296475116298, "p30": 0.11920835400419905, "p50": 0.19067682225303062 }, "geometry": { "type": "LineString", "coordinates": [ [ 29.591296, 37.909564 ], [ 29.599695, 37.940606 ], [ 29.608094, 37.971649 ], [ 29.616493, 38.002691 ], [ 29.639793, 38.028589 ], [ 29.663093, 38.054486 ], [ 29.686393, 38.080384 ], [ 29.71043, 38.105875 ], [ 29.734468, 38.131365 ], [ 29.758505, 38.156856 ], [ 29.792911, 38.177167 ], [ 29.827317, 38.197477 ] ] } },
{ "type": "Feature", "properties": { "fault_id": "F0189", "label": "Serinhisar – Burdur", "catalog_name": "EMME", "slip_type": "Normal", "rake": -80.0, "dip": 55.0, "upper_km": 1.0, "lower_km": 14.0, "length_km": 58.97210068858913, "width_km": 15.870069653898929, "area_km2": 935.89134556465046, "mmax": 6.9606499398837895, "slip_rate": 3.7, "slip_rate_min": 0.1155, "slip_rate_max": 7.1971, "recurrence_years": 298.14429243044987, "p30": 0.095725594988445795, "p50": 0.15439593072075231 }, "geometry": { "type": "LineString", "coordinates": [ [ 29.644904, 37.680716 ], [ 29.684194, 37.709063 ], [ 29.723484, 37.73741 ], [ 29.774451, 37.749483 ], [ 29.825417, 37.761555 ], [ 29.869692, 37.784909 ], [ 29.913967, 37.808262 ], [ 29.964438, 37.82169 ], [ 30.014909, 37.835117 ], [ 30.052895, 37.864621 ], [ 30.09088, 37.894124 ], [ 30.096775, 37.935935 ], [ 30.10267, 37.977746 ], [ 30.11246, 38.001467 ] ] } },
{ "type": "Feature", "properties": { "fault_id": "F0190", "label": "Burdur – Isparta", "catalog_name": "EMME", "slip_type": "Normal", "rake": -88.0, "dip": 50.0, "upper_km": 1.0, "lower_km": 14.0, "length_km": 60.629210635633157, "width_km": 16.970294761319622, "area_km2": 1028.8955756328291, "mmax": 7.0026187257054104, "slip_rate": 4.3, "slip_rate_min": 1.3054, "slip_rate_max": 7.1971, "recurrence_years": 269.75349395543759, "p30": 0.10525153654591357, "p50": 0.16919021649716914 }, "geometry": { "type": "LineString", "coordinates": [ [ 29.90348, 37.562217 ], [ 29.961901, 37.55177 ], [ 30.020321, 37.541323 ], [ 30.066725, 37.571349 ], [ 30.113129, 37.601375 ], [ 30.148351, 37.639801 ], [ 30.183572, 37.678226 ], [ 30.23434, 37.703543 ], [ 30.285108, 37.72886 ], [ 30.331637, 37.75888 ], [ 30.378165, 37.788899 ], [ 30.40497, 37.816681 ], [ 30.431774, 37.844462 ] ] } },
{ "type": "Feature", "properties": { "fault_id": "F0191", "label": "Afyonkarahisar – Kütahya", "catalog_name": "EMME", "slip_type": "Dextral-Normal", "rake": -130.0, "dip": 64.0, "upper_km": 1.0, "lower_km": 15.0, "length_km": 85.214615239041947, "width_km": 15.576427166652644, "area_km2": 1327.3392478052654, "mmax": 7.11544157486545, "slip_rate": 1.3, "slip_rate_min": 0.0001, "slip_rate_max": 2.6836, "recurrence_years": 1021.2117876283456, "p30": 0.028949558642935802, "p50": 0.047782153799500016 }, "geometry": { "type": "LineString", "coordinates": [ [ 30.47808, 38.95573 ], [ 30.429464, 38.975141 ], [ 30.380848, 38.994551 ], [ 30.332211, 39.01397 ], [ 30.283574, 39.033389 ], [ 30.234916, 39.052817 ], [ 30.186258, 39.072244 ], [ 30.137579, 39.09168 ], [ 30.088899, 39.111116 ], [ 30.040198, 39.13056 ], [ 29.991497, 39.150004 ], [ 29.942776, 39.169457 ], [ 29.894054, 39.18891 ], [ 29.845311, 39.208372 ], [ 29.796568, 39.227833 ], [ 29.747804, 39.247303 ], [ 29.699039, 39.266772 ], [ 29.650239, 39.286256 ], [ 29.60144, 39.30574 ] ] } },
{ "type": "Feature", "properties": { "fault_id": "F0192", "label": "Akşehir – Ilgın", "catalog_name": "EMME", "slip_type": "Normal", "rake": -90.0, "dip": 50.0, "upper_km": 0.0, "lower_km": 15.0, "length_km": 31.570423385953525, "width_km": 19.581109339984181, "area_km2": 618.18391222994956, "mmax": 6.7769400526617849, "slip_rate": 0.7, "slip_rate_min": 0.0001, "slip_rate_max": 1.3054, "recurrence_years": 1264.9492024802055, "p30": 0.023437344492434953, "p50": 0.038756268098903202 }, "geometry": { "type": "LineString", "coordinates": [ [ 31.84465, 38.446525 ], [ 31.847881, 38.414566 ], [ 31.851111, 38.382607 ], [ 31.854342, 38.350648 ], [ 31.867469, 38.320289 ], [ 31.880597, 38.289929 ], [ 31.893724, 38.25957 ], [ 31.922256, 38.238694 ], [ 31.950789, 38.217819 ], [ 31.979321, 38.196943 ] ] } },
{ "type": "Feature", "properties": { "fault_id": "F0193", "label": "Akşehir – Konya", "catalog_name": "EMME", "slip_type": "Normal", "rake": -74.0, "dip": 55.0, "upper_km": 0.0, "lower_km": 15.0, "length_km": 70.746039463100175, "width_km": 18.311618831421839, "area_km2": 1295.4745084810177, "mmax": 7.1046774490695546, "slip_rate": 0.7, "slip_rate_min": 0.0001, "slip_rate_max": 1.3054, "recurrence_years": 1872.2679682889495, "p30": 0.015895656447696305, "p50": 0.026352138223256327 }, "geometry": { "type": "LineString", "coordinates": [ [ 31.735953, 38.155291 ], [ 31.793432, 38.150823 ], [ 31.850911, 38.146354 ], [ 31.908383, 38.141886 ], [ 31.965855, 38.137418 ], [ 32.023581, 38.136167 ], [ 32.081306, 38.134915 ], [ 32.138694, 38.139998 ], [ 32.196081, 38.145081 ], [ 32.253477, 38.150165 ], [ 32.310872, 38.155248 ], [ 32.368276, 38.160332 ], [ 32.425679, 38.165417 ], [ 32.48249, 38.170449 ], [ 32.5393, 38.17548 ] ] } },
{ "type": "Feature", "properties": { "fault_id": "F0194", "label": "Soma – Aliağa", "catalog_name": "EMME", "slip_type": "Sinistral-Normal", "rake": -32.0, "dip": 75.0, "upper_km": 1.0, "lower_km": 13.0, "length_km": 44.681460498804078, "width_km": 12.423314164920995, "area_km2": 555.09182112415067, "mmax": 6.7792521249317241, "slip_rate": 1.0, "slip_rate_min": 0.0001, "slip_rate_max": 2.0659, "recurrence_years": 994.01309165636656, "p30": 0.029729799461996498, "p50": 0.049056993555732564 }, "geometry": { "type": "LineString", "coordinates": [ [ 27.24377, 39.093757 ], [ 27.221727, 39.065066 ], [ 27.199684, 39.036375 ], [ 27.177641, 39.007684 ], [ 27.155605, 38.979002 ], [ 27.133569, 38.95032 ], [ 27.111533, 38.921638 ], [ 27.089504, 38.892965 ], [ 27.067475, 38.864292 ], [ 27.045446, 38.835619 ], [ 27.023423, 38.806954 ], [ 27.001399, 38.778288 ], [ 26.979376, 38.749623 ] ] } },
{ "type": "Feature", "properties": { "fault_id": "F0195", "label": "Salihli – Alaşehir", "catalog_name": "EMME", "slip_type": "Normal", "rake": -70.0, "dip": 50.0, "upper_km": 1.0, "lower_km": 10.0, "length_km": 80.819728253269133, "width_km": 11.748665603990508, "area_km2": 949.52396145304294, "mmax": 6.9670560473059364, "slip_rate": 2.3, "slip_rate_min": 2.1987, "slip_rate_max": 2.4023, "recurrence_years": 483.31363954296432, "p30": 0.060184307422085359, "p50": 0.098281138616996722 }, "geometry": { "type": "LineString", "coordinates": [ [ 27.947205, 38.711021 ], [ 27.99628, 38.68604 ], [ 28.045354, 38.661059 ], [ 28.097513, 38.64028 ], [ 28.149671, 38.6195 ], [ 28.204424, 38.603359 ], [ 28.259176, 38.587218 ], [ 28.310573, 38.565392 ], [ 28.36197, 38.543566 ], [ 28.406096, 38.513576 ], [ 28.450222, 38.483586 ], [ 28.495372, 38.454582 ], [ 28.540522, 38.425577 ], [ 28.595087, 38.40935 ], [ 28.649651, 38.393122 ], [ 28.699961, 38.378159 ], [ 28.750271, 38.363197 ] ] } },
{ "type": "Feature", "properties": { "fault_id": "F0196", "label": "Ödemiş – Turgutlu", "catalog_name": "EMME", "slip_type": "Normal", "rake": -90.0, "dip": 50.0, "upper_km": 1.0, "lower_km": 10.0, "length_km": 28.586670114226873, "width_km": 11.748665603990508, "area_km2": 335.8552279036407, "mmax": 6.5066751551486917, "slip_rate": 1.3, "slip_rate_min": 0.0001, "slip_rate_max": 2.6108, "recurrence_years": 492.94221566080137, "p30": 0.059044151481985274, "p50": 0.096457171390374685 }, "geometry": { "type": "LineString", "coordinates": [ [ 27.80078, 38.20894 ], [ 27.746779, 38.204693 ], [ 27.692778, 38.200446 ], [ 27.638783, 38.1962 ], [ 27.584788, 38.191953 ], [ 27.530794, 38.187707 ], [ 27.4768, 38.18346 ] ] } },
{ "type": "Feature", "properties": { "fault_id": "F0197", "label": "Kuşadası – Ödemiş", "catalog_name": "EMME", "slip_type": "Normal", "rake": -90.0, "dip": 50.0, "upper_km": 1.0, "lower_km": 12.0, "length_km": 63.44327825920071, "width_km": 14.359480182655066, "area_km2": 911.01249688566361, "mmax": 6.948714821172266, "slip_rate": 1.3, "slip_rate_min": 0.0001, "slip_rate_max": 2.6108, "recurrence_years": 836.53340899262651, "p30": 0.03522685247848889, "p50": 0.058019283993258952 }, "geometry": { "type": "LineString", "coordinates": [ [ 27.54596, 38.02329 ], [ 27.604282, 38.035441 ], [ 27.662604, 38.047592 ], [ 27.720944, 38.059747 ], [ 27.779284, 38.071901 ], [ 27.837643, 38.084059 ], [ 27.896001, 38.096218 ], [ 27.955844, 38.102555 ], [ 28.015687, 38.108891 ], [ 28.074728, 38.098937 ], [ 28.133769, 38.088982 ], [ 28.19115, 38.077976 ], [ 28.24853, 38.06697 ] ] } },
{ "type": "Feature", "properties": { "fault_id": "F0198", "label": "Sarayköy – Denizli", "catalog_name": "EMME", "slip_type": "Sinistral-Normal", "rake": -66.0, "dip": 50.0, "upper_km": 0.0, "lower_km": 13.0, "length_km": 40.271674543915367, "width_km": 16.970294761319622, "area_km2": 683.42218754217572, "mmax": 6.8213828556993352, "slip_rate": null, "slip_rate_min": null, "slip_rate_max": null, "recurrence_years": null, "p30": null, "p50": null }, "geometry": { "type": "LineString", "coordinates": [ [ 28.825182, 38.067747 ], [ 28.862712, 38.060937 ], [ 28.900242, 38.054127 ], [ 28.937772, 38.047317 ], [ 28.967742, 38.028287 ], [ 28.997713, 38.009258 ], [ 29.027683, 37.990228 ], [ 29.054158, 37.968232 ], [ 29.080632, 37.946237 ], [ 29.107107, 37.924241 ], [ 29.145744, 37.892141 ], [ 29.18438, 37.86004 ] ] } },
{ "type": "Feature", "properties": { "fault_id": "F0199", "label": "Söke", "catalog_name": "EMME", "slip_type": "Sinistral-Normal", "rake": -28.0, "dip": 70.0, "upper_km": 1.0, "lower_km": 13.0, "length_km": 23.608346790663177, "width_km": 12.770133269710946, "area_km2": 301.48173479432148, "mmax": 6.5088462257486706, "slip_rate": null, "slip_rate_min": null, "slip_rate_max": null, "recurrence_years": null, "p30": null, "p50": null }, "geometry": { "type": "LineString", "coordinates": [ [ 27.234838, 37.834221 ], [ 27.279347, 37.831843 ], [ 27.323855, 37.829465 ], [ 27.368364, 37.827087 ], [ 27.412054, 37.833999 ], [ 27.455745, 37.84091 ], [ 27.499435, 37.847822 ] ] } },
{ "type": "Feature", "properties": { "fault_id": "F0200", "label": "Sarayköy – Denizli", "catalog_name": "EMME", "slip_type": "Sinistral-Normal", "rake": -60.0, "dip": 50.0, "upper_km": 0.0, "lower_km": 13.0, "length_km": 54.338599045946125, "width_km": 16.970294761319622, "area_km2": 922.14204272686686, "mmax": 6.954093779489396, "slip_rate": null, "slip_rate_min": null, "slip_rate_max": null, "recurrence_years": null, "p30": null, "p50": null }, "geometry": { "type": "LineString", "coordinates": [ [ 28.745316, 37.850238 ], [ 28.795525, 37.835763 ], [ 28.845733, 37.821288 ], [ 28.895378, 37.80569 ], [ 28.945022, 37.790092 ], [ 28.990353, 37.76778 ], [ 29.035683, 37.745468 ], [ 29.088661, 37.740294 ], [ 29.141638, 37.73512 ], [ 29.193941, 37.743559 ], [ 29.246244, 37.751998 ], [ 29.287069, 37.747932 ], [ 29.327893, 37.743866 ] ] } },
{ "type": "Feature", "properties": { "fault_id": "F0201", "label": "Söke", "catalog_name": "EMME", "slip_type": "Sinistral-Normal", "rake": -45.0, "dip": 60.0, "upper_km": 1.0, "lower_km": 12.0, "length_km": 56.509399562730259, "width_km": 12.701705922171767, "area_km2": 717.76577508430159, "mmax": 6.8931024011388491, "slip_rate": 1.6, "slip_rate_min": 0.8455, "slip_rate_max": 2.2655, "recurrence_years": 711.91741711969644, "p30": 0.041264182518631176, "p50": 0.06782327690224077 }, "geometry": { "type": "LineString", "coordinates": [ [ 27.149675, 37.432326 ], [ 27.198128, 37.449966 ], [ 27.246581, 37.467605 ], [ 27.295053, 37.485251 ], [ 27.343525, 37.502897 ], [ 27.391707, 37.521075 ], [ 27.439889, 37.539253 ], [ 27.459466, 37.578624 ], [ 27.479044, 37.617994 ], [ 27.507948, 37.653591 ], [ 27.536851, 37.689188 ], [ 27.566367, 37.723796 ], [ 27.595882, 37.758404 ] ] } },
{ "type": "Feature", "properties": { "fault_id": "F0202", "label": "Adana – Kozan", "catalog_name": "EMME", "slip_type": "Sinistral-Normal", "rake": -33.0, "dip": 70.0, "upper_km": 0.0, "lower_km": 25.0, "length_km": 102.66678473185141, "width_km": 26.604444311897804, "area_km2": 2731.3927570801407, "mmax": 7.4851118365108213, "slip_rate": 1.0, "slip_rate_min": 1.0, "slip_rate_max": 1.0, "recurrence_years": 2312.9292405654655, "p30": 0.012886810133820981, "p50": 0.021385623171273793 }, "geometry": { "type": "LineString", "coordinates": [ [ 34.97162, 37.00786 ], [ 35.017804, 37.03557 ], [ 35.063987, 37.06328 ], [ 35.110192, 37.091003 ], [ 35.156397, 37.118726 ], [ 35.202624, 37.146462 ], [ 35.248851, 37.174198 ], [ 35.2951, 37.201948 ], [ 35.341348, 37.229697 ], [ 35.387562, 37.257518 ], [ 35.433776, 37.285338 ], [ 35.479909, 37.313278 ], [ 35.526042, 37.341218 ], [ 35.572197, 37.369172 ], [ 35.618351, 37.397125 ], [ 35.666619, 37.422768 ], [ 35.714886, 37.44841 ], [ 35.764114, 37.472916 ], [ 35.813342, 37.497422 ], [ 35.91177, 37.54642 ] ] } },
{ "type": "Feature", "properties": { "fault_id": "F0203", "label": "Kozan – Osmaniye", "catalog_name": "EMME", "slip_type": "Sinistral", "rake": 4.0, "dip": 80.0, "upper_km": 2.0, "lower_km": 25.0, "length_km": 22.27300920232403, "width_km": 23.354812073372134, "area_km2": 520.18194422876593, "mmax": 6.75047837901724, "slip_rate": 0.6, "slip_rate_min": 0.25, "slip_rate_max": 1.0, "recurrence_years": 1600.625715236667, "p30": 0.018568118643980891, "p50": 0.030754925081717954 }, "geometry": { "type": "LineString", "coordinates": [ [ 36.302862, 37.69169 ], [ 36.286239, 37.659515 ], [ 36.269617, 37.627341 ], [ 36.252994, 37.595166 ], [ 36.245608, 37.563643 ], [ 36.238222, 37.532119 ], [ 36.230836, 37.500596 ] ] } },
{ "type": "Feature", "properties": { "fault_id": "F0204", "label": "Osmaniye", "catalog_name": "EMME", "slip_type": "Sinistral", "rake": 4.0, "dip": 85.0, "upper_km": 2.0, "lower_km": 25.0, "length_km": 35.403298816748311, "width_km": 23.087856263496988, "area_km2": 817.386274334718, "mmax": 6.9506758875168373, "slip_rate": 0.6, "slip_rate_min": 0.25, "slip_rate_max": 1.0, "recurrence_years": 2033.8268921552192, "p30": 0.014642261952171443, "p50": 0.02428446639046633 }, "geometry": { "type": "LineString", "coordinates": [ [ 36.232906, 37.464014 ], [ 36.245011, 37.327201 ], [ 36.240177, 37.289196 ], [ 36.219872, 37.254585 ], [ 36.199566, 37.219974 ], [ 36.18789, 37.187807 ], [ 36.176213, 37.155639 ] ] } },
{ "type": "Feature", "properties": { "fault_id": "F0205", "label": "Osmaniye", "catalog_name": "EMME", "slip_type": "Sinistral", "rake": 0.0, "dip": 80.0, "upper_km": 0.0, "lower_km": 24.0, "length_km": 41.834603616114904, "width_km": 24.370238685257881, "area_km2": 1019.5192754278727, "mmax": 7.0485633499547777, "slip_rate": 2.5, "slip_rate_min": 2.0, "slip_rate_max": 3.0, "recurrence_years": 548.76742095155566, "p30": 0.053200536842573753, "p50": 0.087085710421442419 }, "geometry": { "type": "LineString", "coordinates": [ [ 36.153974, 37.09328 ], [ 36.192272, 37.106058 ], [ 36.230569, 37.118835 ], [ 36.268867, 37.131613 ], [ 36.307181, 37.144396 ], [ 36.345496, 37.157179 ], [ 36.38381, 37.169962 ], [ 36.414908, 37.191926 ], [ 36.446007, 37.213891 ], [ 36.477105, 37.235855 ], [ 36.5225, 37.249833 ], [ 36.567895, 37.26381 ] ] } },
{ "type": "Feature", "properties": { "fault_id": "F0206", "label": "Antakya – İskenderun", "catalog_name": "EMME", "slip_type": "Sinistral", "rake": -9.0, "dip": 80.0, "upper_km": 0.0, "lower_km": 20.0, "length_km": 60.704052995833486, "width_km": 20.3085322377149, "area_km2": 1232.8102172258382, "mmax": 7.1327141495514219, "slip_rate": 2.0, "slip_rate_min": 1.0, "slip_rate_max": 3.0427, "recurrence_years": 758.61905810357916, "p30": 0.038773820857348484, "p50": 0.063784161742505563 }, "geometry": { "type": "LineString", "coordinates": [ [ 35.711891, 36.347753 ], [ 35.75588, 36.376254 ], [ 35.799869, 36.404755 ], [ 35.843878, 36.433269 ], [ 35.887886, 36.461782 ], [ 35.931915, 36.490308 ], [ 35.975943, 36.518834 ], [ 36.022179, 36.545042 ], [ 36.068415, 36.571251 ], [ 36.115387, 36.59664 ], [ 36.162359, 36.622029 ], [ 36.209205, 36.64735 ], [ 36.25605, 36.67267 ] ] } },
{ "type": "Feature", "properties": { "fault_id": "F0207", "label": "Ceyhan – Osmaniye", "catalog_name": "EMME", "slip_type": "Sinistral", "rake": 0.0, "dip": 80.0, "upper_km": 0.0, "lower_km": 25.0, "length_km": 70.632929206699558, "width_km": 25.385665297143625, "area_km2": 1793.0638997981152, "mmax": 7.2986676822200884, "slip_rate": 2.0, "slip_rate_min": 2.0, "slip_rate_max": 2.0, "recurrence_years": 925.24022610221596, "p30": 0.031903989080931616, "p50": 0.052605808641299157 }, "geometry": { "type": "LineString", "coordinates": [ [ 35.79746, 37.08322 ], [ 35.826819, 37.122571 ], [ 35.856177, 37.161922 ], [ 35.885544, 37.201284 ], [ 35.91491, 37.240645 ], [ 35.943825, 37.280233 ], [ 35.97274, 37.31982 ], [ 35.989148, 37.36371 ], [ 36.005555, 37.4076 ], [ 36.032699, 37.448001 ], [ 36.059842, 37.488401 ], [ 36.076572, 37.532224 ], [ 36.093302, 37.576047 ], [ 36.109052, 37.617301 ], [ 36.124801, 37.658554 ] ] } },
{ "type": "Feature", "properties": { "fault_id": "F0208", "label": "Adana – Ceyhan", "catalog_name": "EMME", "slip_type": "Sinistral", "rake": 0.0, "dip": 80.0, "upper_km": 3.0, "lower_km": 30.0, "length_km": 36.429928657734344, "width_km": 27.416518520915115, "area_km2": 998.78181376038992, "mmax": 7.039460038453293, "slip_rate": 2.0, "slip_rate_min": 2.0, "slip_rate_max": 2.0, "recurrence_years": 678.52863664575852, "p30": 0.043250152898210104, "p50": 0.071039311948191908 }, "geometry": { "type": "LineString", "coordinates": [ [ 35.565631, 36.789933 ], [ 35.596704, 36.823022 ], [ 35.627776, 36.856111 ], [ 35.653031, 36.892244 ], [ 35.678285, 36.928377 ], [ 35.709085, 36.96166 ], [ 35.739885, 36.994944 ], [ 35.76614, 37.028639 ], [ 35.792395, 37.062334 ] ] } },
{ "type": "Feature", "properties": { "fault_id": "F0209", "label": "İzmir – Söke", "catalog_name": "EMME", "slip_type": "Normal", "rake": -90.0, "dip": 50.0, "upper_km": 1.0, "lower_km": 13.0, "length_km": 22.594602278567294, "width_km": 15.664887471987344, "area_km2": 353.9419021680655, "mmax": 6.529910620172247, "slip_rate": 0.7, "slip_rate_min": 0.0001, "slip_rate_max": 1.3054, "recurrence_years": 941.2709489026571, "p30": 0.031369248005175265, "p50": 0.051733471160689937 }, "geometry": { "type": "LineString", "coordinates": [ [ 26.92431, 38.08435 ], [ 26.966454, 38.078136 ], [ 27.008597, 38.071921 ], [ 27.050741, 38.065707 ], [ 27.079597, 38.040828 ], [ 27.108454, 38.015949 ], [ 27.13731, 37.99107 ] ] } },
{ "type": "Feature", "properties": { "fault_id": "F0210", "label": "Kuşadası – İzmir", "catalog_name": "EMME", "slip_type": "Dextral", "rake": 180.0, "dip": 80.0, "upper_km": 1.0, "lower_km": 13.0, "length_km": 49.044192058100826, "width_km": 12.185119342628941, "area_km2": 597.60933329077307, "mmax": 6.8119457189776131, "slip_rate": 1.0, "slip_rate_min": 0.0001, "slip_rate_max": 2.0, "recurrence_years": 1033.665335432687, "p30": 0.028605812983472867, "p50": 0.04722028910949394 }, "geometry": { "type": "LineString", "coordinates": [ [ 26.874916, 38.007871 ], [ 26.884677, 38.037184 ], [ 26.894437, 38.066498 ], [ 26.904198, 38.095811 ], [ 26.9228, 38.12235 ], [ 26.941401, 38.148889 ], [ 26.960003, 38.175428 ], [ 26.985856, 38.197916 ], [ 27.011709, 38.220405 ], [ 27.037562, 38.242893 ], [ 27.056079, 38.269484 ], [ 27.074595, 38.296075 ], [ 27.093112, 38.322666 ], [ 27.102911, 38.360123 ], [ 27.11271, 38.39758 ] ] } },
{ "type": "Feature", "properties": { "fault_id": "F0211", "label": "İzmir", "catalog_name": "EMME", "slip_type": "Dextral", "rake": 180.0, "dip": 80.0, "upper_km": 1.0, "lower_km": 13.0, "length_km": 33.35892891053998, "width_km": 12.185119342628941, "area_km2": 406.48252991720449, "mmax": 6.641222722625935, "slip_rate": 1.0, "slip_rate_min": 0.0001, "slip_rate_max": 2.0, "recurrence_years": 842.6960229321802, "p30": 0.034973797934775175, "p50": 0.057607454294338778 }, "geometry": { "type": "LineString", "coordinates": [ [ 26.77897, 38.10614 ], [ 26.79299, 38.138384 ], [ 26.807009, 38.170629 ], [ 26.821029, 38.202873 ], [ 26.835051, 38.235122 ], [ 26.849072, 38.26737 ], [ 26.863094, 38.299619 ], [ 26.887992, 38.324494 ], [ 26.91289, 38.349369 ], [ 26.937788, 38.374244 ] ] } },
{ "type": "Feature", "properties": { "fault_id": "F0212", "label": "Aliağa – Menemen", "catalog_name": "EMME", "slip_type": "Sinistral", "rake": 0.0, "dip": 80.0, "upper_km": 1.0, "lower_km": 13.0, "length_km": 29.355962176398506, "width_km": 12.185119342628941, "area_km2": 357.70590253711703, "mmax": 6.5845966286710222, "slip_rate": 1.0, "slip_rate_min": 0.0001, "slip_rate_max": 2.0, "recurrence_years": 787.49459513051113, "p30": 0.037378993378343162, "p50": 0.061518841424265225 }, "geometry": { "type": "LineString", "coordinates": [ [ 26.82455, 38.894953 ], [ 26.862457, 38.861588 ], [ 26.900365, 38.828223 ], [ 26.909101, 38.784198 ], [ 26.917836, 38.740173 ], [ 26.914623, 38.697612 ], [ 26.91141, 38.65505 ] ] } },
{ "type": "Feature", "properties": { "fault_id": "F0213", "label": "İzmir", "catalog_name": "EMME", "slip_type": "Dextral-Normal", "rake": -123.0, "dip": 67.5, "upper_km": 1.0, "lower_km": 13.0, "length_km": 26.168758080324938, "width_km": 12.988706403508727, "area_km2": 339.89831564978726, "mmax": 6.5119759927116387, "slip_rate": 0.8, "slip_rate_min": 0.0001, "slip_rate_max": 1.5792, "recurrence_years": 806.12749645800579, "p30": 0.036530991179433481, "p50": 0.060140542403035346 }, "geometry": { "type": "LineString", "coordinates": [ [ 27.236155, 38.511385 ], [ 27.278557, 38.490653 ], [ 27.32096, 38.469922 ], [ 27.363346, 38.4492 ], [ 27.405731, 38.428477 ], [ 27.454298, 38.420307 ], [ 27.502865, 38.412137 ] ] } },
{ "type": "Feature", "properties": { "fault_id": "F0214", "label": "Göksun – Elbistan", "catalog_name": "EMME", "slip_type": "Sinistral", "rake": 19.0, "dip": 77.5, "upper_km": 0.0, "lower_km": 20.0, "length_km": 92.915767214705284, "width_km": 20.485590286290186, "area_km2": 1903.4343382967668, "mmax": 7.3251286577923675, "slip_rate": 1.1, "slip_rate_min": 0.0001, "slip_rate_max": 2.2655, "recurrence_years": 1736.3654951918018, "p30": 0.017129068842954953, "p50": 0.028385133276754626 }, "geometry": { "type": "LineString", "coordinates": [ [ 36.442298, 37.876545 ], [ 36.46619, 37.919028 ], [ 36.490082, 37.961512 ], [ 36.535446, 37.991208 ], [ 36.58081, 38.020903 ], [ 36.635039, 38.03923 ], [ 36.689268, 38.057557 ], [ 36.748062, 38.061703 ], [ 36.806856, 38.065849 ], [ 36.865835, 38.067831 ], [ 36.924814, 38.069813 ], [ 36.982587, 38.060281 ], [ 37.04036, 38.050748 ], [ 37.098119, 38.041218 ], [ 37.155877, 38.031688 ], [ 37.213621, 38.02216 ], [ 37.271365, 38.012632 ], [ 37.327105, 38.003435 ], [ 37.382844, 37.994238 ] ] } },
{ "type": "Feature", "properties": { "fault_id": "F0215", "label": "Çankırı – Kastamonu", "catalog_name": "EMME", "slip_type": "Dextral", "rake": -178.0, "dip": 85.0, "upper_km": 0.0, "lower_km": 18.0, "length_km": 53.830424686440914, "width_km": 18.068757075780251, "area_km2": 972.64886694538518, "mmax": 7.0277152069154027, "slip_rate": 2.0, "slip_rate_min": 1.0013, "slip_rate_max": 3.0004, "recurrence_years": 669.06062944424446, "p30": 0.043848576514086468, "p50": 0.072007513658140399 }, "geometry": { "type": "LineString", "coordinates": [ [ 33.857017, 40.932832 ], [ 33.896849, 40.937546 ], [ 33.936682, 40.94226 ], [ 33.976514, 40.946974 ], [ 34.014469, 40.957275 ], [ 34.052423, 40.967575 ], [ 34.090378, 40.977876 ], [ 34.126332, 40.991706 ], [ 34.162286, 41.005537 ], [ 34.19824, 41.019367 ], [ 34.235298, 41.03146 ], [ 34.272355, 41.043552 ], [ 34.309413, 41.055645 ], [ 34.395121, 41.067555 ], [ 34.464022, 41.065151 ] ] } },
{ "type": "Feature", "properties": { "fault_id": "F0216", "label": "Çerkeş – Çubuk", "catalog_name": "EMME", "slip_type": "Sinistral-Normal", "rake": -60.0, "dip": 39.0, "upper_km": 1.0, "lower_km": 18.0, "length_km": 26.682328040267297, "width_km": 27.013267394117744, "area_km2": 720.77686204930615, "mmax": 6.8449568534659049, "slip_rate": 3.5, "slip_rate_min": 1.8775, "slip_rate_max": 5.1696, "recurrence_years": 274.43856790748919, "p30": 0.10355118477970404, "p50": 0.16655714210910144 }, "geometry": { "type": "LineString", "coordinates": [ [ 33.008551, 40.733589 ], [ 33.003745, 40.699198 ], [ 32.998938, 40.664807 ], [ 32.994131, 40.630416 ], [ 32.989325, 40.596025 ], [ 32.962472, 40.542649 ], [ 32.921108, 40.510762 ] ] } },
{ "type": "Feature", "properties": { "fault_id": "F0217", "label": "Seydişehir – Beyşehir", "catalog_name": "EMME", "slip_type": "Normal", "rake": -90.0, "dip": 50.0, "upper_km": 1.0, "lower_km": 15.0, "length_km": 33.604255443599698, "width_km": 18.275702050651901, "area_km2": 614.14136012122526, "mmax": 6.7740337134039104, "slip_rate": 1.3, "slip_rate_min": 0.0001, "slip_rate_max": 2.6108, "recurrence_years": 678.76214994757436, "p30": 0.043235600023651122, "p50": 0.071015761527377097 }, "geometry": { "type": "LineString", "coordinates": [ [ 31.3128, 37.378665 ], [ 31.323967, 37.411526 ], [ 31.335134, 37.444387 ], [ 31.346301, 37.477248 ], [ 31.347546, 37.51127 ], [ 31.348792, 37.545291 ], [ 31.350037, 37.579313 ], [ 31.339329, 37.611046 ], [ 31.32862, 37.642779 ], [ 31.317912, 37.674512 ] ] } },
{ "type": "Feature", "properties": { "fault_id": "F0218", "label": "Manavgat – Serik", "catalog_name": "EMME", "slip_type": "Normal", "rake": -90.0, "dip": 50.0, "upper_km": 1.0, "lower_km": 15.0, "length_km": 32.850252600435368, "width_km": 18.275702050651901, "area_km2": 600.3614288142096, "mmax": 6.7639810381702592, "slip_rate": 1.3, "slip_rate_min": 0.0001, "slip_rate_max": 2.6108, "recurrence_years": 670.64728028726688, "p30": 0.04374714037963745, "p50": 0.071843426504480279 }, "geometry": { "type": "LineString", "coordinates": [ [ 31.465126, 36.99411 ], [ 31.460014, 37.027201 ], [ 31.454903, 37.060291 ], [ 31.449791, 37.093382 ], [ 31.435861, 37.124819 ], [ 31.421931, 37.156255 ], [ 31.408001, 37.187692 ], [ 31.408043, 37.219675 ], [ 31.408086, 37.251659 ], [ 31.408128, 37.283642 ] ] } },
{ "type": "Feature", "properties": { "fault_id": "F0219", "label": "Manavgat – Alanya", "catalog_name": "EMME", "slip_type": "Sinistral-Normal", "rake": -51.0, "dip": 65.0, "upper_km": 1.0, "lower_km": 15.0, "length_km": 27.03974332896038, "width_km": 15.447290865474885, "area_km2": 417.69078013023517, "mmax": 6.603271986780455, "slip_rate": 1.0, "slip_rate_min": 0.0001, "slip_rate_max": 1.9337, "recurrence_years": 719.33606764050239, "p30": 0.040847430185427469, "p50": 0.067147833426086767 }, "geometry": { "type": "LineString", "coordinates": [ [ 31.490904, 36.92459 ], [ 31.531302, 36.900155 ], [ 31.5717, 36.87572 ], [ 31.612082, 36.851295 ], [ 31.652463, 36.826869 ], [ 31.69283, 36.802452 ], [ 31.733197, 36.778035 ] ] } },
{ "type": "Feature", "properties": { "fault_id": "F0220", "label": "Urla – Aliağa", "catalog_name": "EMME", "slip_type": "Sinistral-Normal", "rake": -58.0, "dip": 50.0, "upper_km": 1.0, "lower_km": 8.0, "length_km": 38.849363618946825, "width_km": 9.1378510253259506, "area_km2": 354.99969717865395, "mmax": 6.5312325422458599, "slip_rate": 0.7, "slip_rate_min": 0.0001, "slip_rate_max": 1.3394, "recurrence_years": 942.76084293921542, "p30": 0.031320458137988672, "p50": 0.051653862953087382 }, "geometry": { "type": "LineString", "coordinates": [ [ 26.76828, 38.53366 ], [ 26.74771, 38.575383 ], [ 26.727139, 38.617105 ], [ 26.703542, 38.657845 ], [ 26.679945, 38.698585 ], [ 26.659598, 38.740388 ], [ 26.639251, 38.78219 ], [ 26.621201, 38.81981 ], [ 26.60315, 38.85743 ] ] } },
{ "type": "Feature", "properties": { "fault_id": "F0221", "label": "Urla – Aliağa", "catalog_name": "EMME", "slip_type": "Dextral-Normal", "rake": -126.0, "dip": 60.0, "upper_km": 1.0, "lower_km": 13.0, "length_km": 52.990999202938355, "width_km": 13.856406460551019, "area_km2": 734.26482370664894, "mmax": 6.8531697774989979, "slip_rate": 1.3, "slip_rate_min": 0.0001, "slip_rate_max": 2.5166, "recurrence_years": 746.16923041060829, "p30": 0.039407845052236601, "p50": 0.064813147752425193 }, "geometry": { "type": "LineString", "coordinates": [ [ 26.656686, 38.35285 ], [ 26.651806, 38.384751 ], [ 26.646927, 38.416653 ], [ 26.642047, 38.448554 ], [ 26.637168, 38.480456 ], [ 26.632288, 38.512358 ], [ 26.627409, 38.54426 ], [ 26.610574, 38.573572 ], [ 26.59374, 38.602883 ], [ 26.576905, 38.632195 ], [ 26.551093, 38.657219 ], [ 26.525282, 38.682242 ], [ 26.49947, 38.707266 ], [ 26.46672, 38.744198 ], [ 26.43397, 38.78113 ] ] } },
{ "type": "Feature", "properties": { "fault_id": "F0222", "label": "Alanya – Manavgat", "catalog_name": "EMME", "slip_type": "Reverse", "rake": 100.0, "dip": 40.0, "upper_km": 1.0, "lower_km": 17.5, "length_km": 261.07751335447824, "width_km": 25.669443143196805, "area_km2": 6701.7143850199836, "mmax": 7.7735673235415028, "slip_rate": 2.3, "slip_rate_min": 1.5557, "slip_rate_max": 3.0, "recurrence_years": 1109.9821109550146, "p30": 0.026665489147371768, "p50": 0.044046274139884378 }, "geometry": { "type": "LineString", "coordinates": [ [ 32.392343, 35.776265 ], [ 32.317264, 35.842468 ], [ 32.242156, 35.908696 ], [ 32.167019, 35.97495 ], [ 32.091853, 36.041229 ], [ 32.016658, 36.107533 ], [ 31.941435, 36.173863 ], [ 31.866182, 36.240218 ], [ 31.790901, 36.306599 ], [ 31.715647, 36.373048 ], [ 31.640493, 36.439619 ], [ 31.565533, 36.50638 ], [ 31.490544, 36.573167 ], [ 31.415525, 36.63998 ], [ 31.340484, 36.706824 ], [ 31.267998, 36.775499 ], [ 31.198958, 36.846458 ], [ 31.129895, 36.917442 ], [ 31.060808, 36.988451 ], [ 31.006425, 37.067225 ], [ 30.95914, 37.148884 ], [ 30.911846, 37.230559 ], [ 30.887788, 37.318443 ], [ 30.863028, 37.406209 ], [ 30.838266, 37.493979 ], [ 30.813503, 37.581754 ], [ 30.787668, 37.621988 ], [ 30.756284, 37.671859 ] ] } },
{ "type": "Feature", "properties": { "fault_id": "F0223", "label": "Muğla", "catalog_name": "EMME", "slip_type": "Sinistral-Normal", "rake": -56.0, "dip": 65.0, "upper_km": 1.0, "lower_km": 13.0, "length_km": 50.785225523050343, "width_km": 13.240535027549901, "area_km2": 672.42355741996937, "mmax": 6.814195778333116, "slip_rate": 9.0, "slip_rate_min": 4.9282, "slip_rate_max": 13.0128, "recurrence_years": 102.86958396105426, "p30": 0.25295614868549032, "p50": 0.38495037327332782 }, "geometry": { "type": "LineString", "coordinates": [ [ 27.927657, 37.038303 ], [ 27.965671, 37.043812 ], [ 28.003684, 37.049322 ], [ 28.041698, 37.054831 ], [ 28.079474, 37.048364 ], [ 28.117251, 37.041896 ], [ 28.155027, 37.035429 ], [ 28.193113, 37.040601 ], [ 28.2312, 37.045774 ], [ 28.269286, 37.050946 ], [ 28.307436, 37.055849 ], [ 28.345586, 37.060752 ], [ 28.383736, 37.065655 ], [ 28.432923, 37.081822 ], [ 28.48211, 37.097988 ] ] } },
{ "type": "Feature", "properties": { "fault_id": "F0224", "label": "Urla açıkları", "catalog_name": "EMME", "slip_type": "Dextral-Normal", "rake": -146.0, "dip": 80.0, "upper_km": 1.0, "lower_km": 13.0, "length_km": 63.521980901493187, "width_km": 12.185119342628941, "area_km2": 774.02291816489083, "mmax": 6.9265288963654088, "slip_rate": 1.1, "slip_rate_min": 0.0001, "slip_rate_max": 2.1226, "recurrence_years": 1077.7687442137726, "p30": 0.027451452913509478, "p50": 0.045332475899693581 }, "geometry": { "type": "LineString", "coordinates": [ [ 26.33009, 37.91892 ], [ 26.282748, 37.889805 ], [ 26.235407, 37.860689 ], [ 26.188089, 37.831588 ], [ 26.14077, 37.802487 ], [ 26.093475, 37.773401 ], [ 26.04618, 37.744314 ], [ 25.998909, 37.715242 ], [ 25.951637, 37.686169 ], [ 25.904389, 37.657111 ], [ 25.85714, 37.628053 ], [ 25.80991, 37.599007 ], [ 25.76268, 37.56996 ] ] } },
{ "type": "Feature", "properties": { "fault_id": "F0225", "label": "Rize – Trabzon", "catalog_name": "EMME", "slip_type": "Reverse", "rake": 90.0, "dip": 30.0, "upper_km": 1.5, "lower_km": 16.0, "length_km": 92.109938422239964, "width_km": 29.000000000000004, "area_km2": 2671.1882142449595, "mmax": 7.4140340408797991, "slip_rate": 1.0, "slip_rate_min": 0.0001, "slip_rate_max": 2.0, "recurrence_years": 1850.2282887128144, "p30": 0.016083472587335113, "p50": 0.026661819390626951 }, "geometry": { "type": "LineString", "coordinates": [ [ 40.45565, 41.35986 ], [ 40.395135, 41.35457 ], [ 40.33462, 41.349279 ], [ 40.274114, 41.34399 ], [ 40.213609, 41.3387 ], [ 40.153114, 41.333412 ], [ 40.092618, 41.328123 ], [ 40.032133, 41.322835 ], [ 39.971647, 41.317547 ], [ 39.911171, 41.31226 ], [ 39.850695, 41.306973 ], [ 39.790229, 41.301687 ], [ 39.729762, 41.2964 ], [ 39.669305, 41.291115 ], [ 39.608848, 41.28583 ], [ 39.548401, 41.280546 ], [ 39.487954, 41.275261 ], [ 39.427497, 41.269976 ], [ 39.36704, 41.26469 ] ] } },
{ "type": "Feature", "properties": { "fault_id": "F0226", "label": "Akçaabat – Vakfıkebir", "catalog_name": "EMME", "slip_type": "Reverse", "rake": 90.0, "dip": 30.0, "upper_km": 2.0, "lower_km": 16.0, "length_km": 79.586241066529368, "width_km": 28.000000000000004, "area_km2": 2228.4147498628226, "mmax": 7.343196421950358, "slip_rate": 1.0, "slip_rate_min": 0.0001, "slip_rate_max": 2.0, "recurrence_years": 1736.5102607037857, "p30": 0.01712765316435183, "p50": 0.028382800832425614 }, "geometry": { "type": "LineString", "coordinates": [ [ 39.27186, 41.40745 ], [ 39.213443, 41.399637 ], [ 39.155026, 41.391823 ], [ 39.096622, 41.384011 ], [ 39.038219, 41.376199 ], [ 38.979829, 41.368389 ], [ 38.921439, 41.360579 ], [ 38.863063, 41.352771 ], [ 38.804686, 41.344962 ], [ 38.746323, 41.337156 ], [ 38.68796, 41.329349 ], [ 38.629611, 41.321545 ], [ 38.571261, 41.31374 ], [ 38.512925, 41.305937 ], [ 38.454589, 41.298134 ], [ 38.39626, 41.290332 ], [ 38.33793, 41.28253 ] ] } },
{ "type": "Feature", "properties": { "fault_id": "F0227", "label": "Ordu – Fatsa", "catalog_name": "EMME", "slip_type": "Reverse", "rake": 90.0, "dip": 30.0, "upper_km": 1.0, "lower_km": 16.0, "length_km": 97.756015196682043, "width_km": 30.000000000000004, "area_km2": 2932.6804559004618, "mmax": 7.4505382704501582, "slip_rate": 1.0, "slip_rate_min": 0.0001, "slip_rate_max": 2.0, "recurrence_years": 1911.7073328697484, "p30": 0.01557028856328424, "p50": 0.025815561218186622 }, "geometry": { "type": "LineString", "coordinates": [ [ 38.213, 41.35986 ], [ 38.096393, 41.357481 ], [ 37.97979, 41.355102 ], [ 37.863191, 41.352722 ], [ 37.746596, 41.350343 ], [ 37.630006, 41.347964 ], [ 37.51342, 41.345586 ], [ 37.396838, 41.343207 ], [ 37.28026, 41.340828 ], [ 37.163687, 41.338449 ], [ 37.105379, 41.33726 ], [ 37.04707, 41.33607 ] ] } },
{ "type": "Feature", "properties": { "fault_id": "F0228", "label": "Muğla – Milas", "catalog_name": "EMME", "slip_type": "Dextral-Normal", "rake": -148.0, "dip": 80.0, "upper_km": 1.0, "lower_km": 13.0, "length_km": 32.684371613760568, "width_km": 12.185119342628941, "area_km2": 398.2629687525062, "mmax": 6.6321733252957555, "slip_rate": 1.0, "slip_rate_min": 0.0001, "slip_rate_max": 2.0634, "recurrence_years": 833.62130697509235, "p30": 0.035347710017604173, "p50": 0.058215946316820921 }, "geometry": { "type": "LineString", "coordinates": [ [ 28.366093, 37.191956 ], [ 28.349127, 37.198915 ], [ 28.329613, 37.206918 ], [ 28.293132, 37.221881 ], [ 28.256652, 37.236843 ], [ 28.220908, 37.252924 ], [ 28.185165, 37.269005 ], [ 28.149421, 37.285086 ], [ 28.131651, 37.31423 ], [ 28.113882, 37.343373 ], [ 28.096112, 37.372517 ] ] } },
{ "type": "Feature", "properties": { "fault_id": "F0229", "label": "Milas – Söke", "catalog_name": "EMME", "slip_type": "Dextral-Normal", "rake": -148.0, "dip": 80.0, "upper_km": 1.0, "lower_km": 13.0, "length_km": 39.180238423376451, "width_km": 12.185119342628941, "area_km2": 477.415881061498, "mmax": 6.7124747987863405, "slip_rate": 1.0, "slip_rate_min": 0.0001, "slip_rate_max": 2.0634, "recurrence_years": 917.68594853321088, "p30": 0.032162349558091052, "p50": 0.053027163957442336 }, "geometry": { "type": "LineString", "coordinates": [ [ 27.922619, 37.302276 ], [ 27.86919, 37.313618 ], [ 27.815761, 37.324959 ], [ 27.762317, 37.336304 ], [ 27.708873, 37.347648 ], [ 27.660177, 37.368539 ], [ 27.611481, 37.38943 ], [ 27.565447, 37.413068 ], [ 27.519413, 37.436707 ] ] } },
{ "type": "Feature", "properties": { "fault_id": "F0230", "label": "Soma – Manisa", "catalog_name": "EMME", "slip_type": "Dextral-Normal", "rake": -148.0, "dip": 85.0, "upper_km": 1.0, "lower_km": 13.0, "length_km": 40.542262782922592, "width_km": 12.045838050520169, "area_km2": 488.3655316847167, "mmax": 6.7225199044022057, "slip_rate": 1.0, "slip_rate_min": 0.0001, "slip_rate_max": 2.062, "recurrence_years": 928.78158827374898, "p30": 0.031784296075580754, "p50": 0.052410578123483376 }, "geometry": { "type": "LineString", "coordinates": [ [ 27.667392, 39.171129 ], [ 27.660571, 39.141234 ], [ 27.65375, 39.111338 ], [ 27.646929, 39.081443 ], [ 27.640108, 39.051549 ], [ 27.633288, 39.021654 ], [ 27.626467, 38.99176 ], [ 27.619646, 38.961867 ], [ 27.612826, 38.931974 ], [ 27.606005, 38.902081 ], [ 27.599185, 38.872188 ], [ 27.592364, 38.842296 ], [ 27.585544, 38.812403 ] ] } },
{ "type": "Feature", "properties": { "fault_id": "F0231", "label": "Çan – Edremit", "catalog_name": "EMME", "slip_type": "Dextral", "rake": 180.0, "dip": 85.0, "upper_km": 1.0, "lower_km": 18.0, "length_km": 28.355273365111586, "width_km": 17.064937238236904, "area_km2": 483.88096034867976, "mmax": 6.7184333045905831, "slip_rate": 3.0, "slip_rate_min": 3.0, "slip_rate_max": 3.0, "recurrence_years": 308.08383629609449, "p30": 0.092785254282145013, "p50": 0.14980835205187182 }, "geometry": { "type": "LineString", "coordinates": [ [ 27.10363, 39.93501 ], [ 27.062686, 39.906604 ], [ 27.021741, 39.878198 ], [ 26.980815, 39.849805 ], [ 26.939888, 39.821412 ], [ 26.898979, 39.793031 ], [ 26.85807, 39.76465 ] ] } },
{ "type": "Feature", "properties": { "fault_id": "F0232", "label": "Kırklareli – Istanbul", "catalog_name": "EMME", "slip_type": "Dextral", "rake": 180.0, "dip": 85.0, "upper_km": 0.0, "lower_km": 16.0, "length_km": 211.67302917358876, "width_km": 16.061117400693558, "area_km2": 3399.7053721174416, "mmax": 7.582070107140721, "slip_rate": 0.5, "slip_rate_min": 0.0001, "slip_rate_max": 1.0, "recurrence_years": 5194.8453136406997, "p30": 0.0057583123987396956, "p50": 0.00957875432150046 }, "geometry": { "type": "LineString", "coordinates": [ [ 27.99441, 42.92793 ], [ 28.026165, 42.840377 ], [ 28.057917, 42.752832 ], [ 28.089667, 42.665295 ], [ 28.121413, 42.577765 ], [ 28.153157, 42.490244 ], [ 28.184898, 42.40273 ], [ 28.216636, 42.315224 ], [ 28.248371, 42.227727 ], [ 28.280102, 42.140238 ], [ 28.311831, 42.052758 ], [ 28.343557, 41.965286 ], [ 28.375279, 41.877822 ], [ 28.406999, 41.790367 ], [ 28.438716, 41.70292 ], [ 28.470429, 41.615481 ], [ 28.50214, 41.528051 ], [ 28.533848, 41.440629 ], [ 28.565552, 41.353215 ], [ 28.597254, 41.265809 ], [ 28.628953, 41.178412 ], [ 28.66066, 41.09099 ] ] } },
{ "type": "Feature", "properties": { "fault_id": "F0233", "label": "Elmalı – Korkuteli", "catalog_name": "EMME", "slip_type": "Normal", "rake": -102.0, "dip": 60.0, "upper_km": 1.0, "lower_km": 14.0, "length_km": 33.998828143790348, "width_km": 15.01110699893027, "area_km2": 510.36004710467876, "mmax": 6.6920342022226231, "slip_rate": 1.5, "slip_rate_min": 1.0, "slip_rate_max": 2.0, "recurrence_years": 533.28837989629619, "p30": 0.054701701568407257, "p50": 0.089496834024814342 }, "geometry": { "type": "LineString", "coordinates": [ [ 30.126269, 36.475201 ], [ 30.082749, 36.496955 ], [ 30.039228, 36.518709 ], [ 30.006568, 36.55047 ], [ 29.973907, 36.582231 ], [ 29.949144, 36.618317 ], [ 29.92438, 36.654402 ], [ 29.920541, 36.683517 ], [ 29.916702, 36.712633 ] ] } },
{ "type": "Feature", "properties": { "fault_id": "F0234", "label": "Isparta", "catalog_name": "EMME", "slip_type": "Normal", "rake": -90.0, "dip": 50.0, "upper_km": 1.0, "lower_km": 14.0, "length_km": 32.569395450995806, "width_km": 16.970294761319622, "area_km2": 552.71224100138124, "mmax": 6.7273490647351668, "slip_rate": 0.7, "slip_rate_min": 0.0001, "slip_rate_max": 1.3054, "recurrence_years": 1192.0794993045254, "p30": 0.024852080131036014, "p50": 0.041076052630809268 }, "geometry": { "type": "LineString", "coordinates": [ [ 30.93032, 37.54795 ], [ 30.908875, 37.576236 ], [ 30.887431, 37.604521 ], [ 30.865986, 37.632807 ], [ 30.866186, 37.665803 ], [ 30.866387, 37.698799 ], [ 30.866587, 37.731795 ], [ 30.869103, 37.763513 ], [ 30.87162, 37.79523 ], [ 30.874136, 37.826948 ] ] } },
{ "type": "Feature", "properties": { "fault_id": "F0235", "label": "Dinar", "catalog_name": "EMME", "slip_type": "Normal", "rake": -90.0, "dip": 50.0, "upper_km": 1.0, "lower_km": 14.0, "length_km": 27.810727437916867, "width_km": 16.970294761319622, "area_km2": 471.95624214816849, "mmax": 6.6573797691829757, "slip_rate": 2.6, "slip_rate_min": 1.3054, "slip_rate_max": 3.9162, "recurrence_years": 295.17074850446392, "p30": 0.096641764718326417, "p50": 0.1558233277992167 }, "geometry": { "type": "LineString", "coordinates": [ [ 29.990528, 38.239375 ], [ 30.028246, 38.209975 ], [ 30.065964, 38.180574 ], [ 30.10024, 38.148697 ], [ 30.134515, 38.116819 ], [ 30.16545, 38.083198 ], [ 30.196385, 38.049576 ] ] } },
{ "type": "Feature", "properties": { "fault_id": "F0236", "label": "Patnos – Ağrı", "catalog_name": "EMME", "slip_type": "Sinistral", "rake": 0.0, "dip": 85.0, "upper_km": 2.0, "lower_km": 20.0, "length_km": 21.99732026030814, "width_km": 18.068757075780251, "area_km2": 397.46423610164697, "mmax": 6.6312840179976886, "slip_rate": 0.8, "slip_rate_min": 0.5, "slip_rate_max": 1.0, "recurrence_years": 1040.918502890137, "p30": 0.028409345042440748, "p50": 0.046899095629257093 }, "geometry": { "type": "LineString", "coordinates": [ [ 42.680333, 39.136228 ], [ 42.687738, 39.168469 ], [ 42.695143, 39.20071 ], [ 42.702548, 39.232951 ], [ 42.709953, 39.265194 ], [ 42.717359, 39.297438 ], [ 42.724764, 39.329681 ] ] } },
{ "type": "Feature", "properties": { "fault_id": "F0237", "label": "Amasya – Tokat", "catalog_name": "EMME", "slip_type": "Dextral", "rake": -166.0, "dip": 70.0, "upper_km": 0.0, "lower_km": 12.0, "length_km": 81.059699639583229, "width_km": 12.770133269710946, "area_km2": 1035.1431672002182, "mmax": 7.0553004281642746, "slip_rate": 3.1, "slip_rate_min": 1.0, "slip_rate_max": 5.112, "recurrence_years": 446.13600492492185, "p30": 0.065033022342763425, "p50": 0.10602140515172065 }, "geometry": { "type": "LineString", "coordinates": [ [ 35.784182, 40.844251 ], [ 35.925053, 40.785085 ], [ 36.070415, 40.757078 ], [ 36.125904, 40.741899 ], [ 36.181371, 40.726726 ], [ 36.236838, 40.711553 ], [ 36.292283, 40.696386 ], [ 36.347727, 40.681219 ], [ 36.403149, 40.666058 ], [ 36.458571, 40.650897 ], [ 36.513971, 40.635742 ], [ 36.569371, 40.620587 ], [ 36.624748, 40.605439 ], [ 36.680126, 40.59029 ] ] } },
{ "type": "Feature", "properties": { "fault_id": "F0238", "label": "Hakkâri", "catalog_name": "EMME", "slip_type": "Sinistral", "rake": 0.0, "dip": 80.0, "upper_km": 0.0, "lower_km": 20.0, "length_km": 19.683432507654334, "width_km": 20.3085322377149, "area_km2": 399.74162363058349, "mmax": 6.633814959549909, "slip_rate": 2.0, "slip_rate_min": 1.0, "slip_rate_max": 3.0, "recurrence_years": 417.63012370742723, "p30": 0.069314528959049548, "p50": 0.1128339982296338 }, "geometry": { "type": "LineString", "coordinates": [ [ 43.542628, 37.650948 ], [ 43.571421, 37.683733 ], [ 43.600213, 37.716518 ], [ 43.626098, 37.750799 ], [ 43.665193, 37.796911 ] ] } },
{ "type": "Feature", "properties": { "fault_id": "F0239", "label": "Iğdır – Ağrı", "catalog_name": "EMME", "slip_type": "Dextral", "rake": 180.0, "dip": 85.0, "upper_km": 2.0, "lower_km": 20.0, "length_km": 77.586624871808255, "width_km": 18.068757075780251, "area_km2": 1401.8938771383935, "mmax": 7.1896494417178376, "slip_rate": 0.8, "slip_rate_min": 0.7, "slip_rate_max": 1.0, "recurrence_years": 2030.2418787442432, "p30": 0.014667926791366415, "p50": 0.024326822183172836 }, "geometry": { "type": "LineString", "coordinates": [ [ 44.236864, 39.974967 ], [ 44.078473, 40.052208 ], [ 43.722118, 40.144716 ], [ 43.554792, 40.165149 ], [ 43.498583, 40.163662 ], [ 43.442901, 40.162189 ], [ 43.387218, 40.160715 ] ] } },
{ "type": "Feature", "properties": { "fault_id": "F0240", "label": "Iğdır açıkları", "catalog_name": "EMME", "slip_type": "Dextral", "rake": 180.0, "dip": 85.0, "upper_km": 1.0, "lower_km": 20.0, "length_km": 185.58224787746647, "width_km": 19.072576913323601, "area_km2": 3539.5316963904647, "mmax": 7.5999247218906536, "slip_rate": 0.8, "slip_rate_min": 0.5, "slip_rate_max": 1.0, "recurrence_years": 3316.8821056473207, "p30": 0.0090038589173982997, "p50": 0.014961347737838859 }, "geometry": { "type": "LineString", "coordinates": [ [ 45.778261, 38.483527 ], [ 45.6279, 38.685087 ], [ 45.62575, 38.730844 ], [ 45.611557, 38.787614 ], [ 45.609868, 38.865551 ], [ 45.586079, 38.967196 ], [ 45.525524, 39.088304 ], [ 45.462807, 39.155347 ], [ 45.393602, 39.200763 ], [ 45.222752, 39.321871 ], [ 45.105969, 39.419191 ], [ 45.0173, 39.531649 ], [ 44.856624, 39.655798 ], [ 44.77752, 39.704948 ], [ 44.694096, 39.838956 ] ] } },
{ "type": "Feature", "properties": { "fault_id": "F0241", "label": "Mersin – Mut", "catalog_name": "EMME", "slip_type": "Sinistral", "rake": 0.0, "dip": 80.0, "upper_km": 0.0, "lower_km": 18.0, "length_km": 108.22370931811336, "width_km": 18.277679013943409, "area_km2": 1978.0782206147924, "mmax": 7.3421683304542578, "slip_rate": 0.3, "slip_rate_min": 0.2, "slip_rate_max": 0.4, "recurrence_years": 6497.8027713514684, "p30": 0.0046063035970248523, "p50": 0.0076653788232793341 }, "geometry": { "type": "LineString", "coordinates": [ [ 34.483002, 37.153233 ], [ 34.393268, 37.101258 ], [ 34.303575, 37.049306 ], [ 34.213922, 36.997378 ], [ 34.12431, 36.945473 ], [ 34.034738, 36.893591 ], [ 33.945206, 36.841733 ], [ 33.855714, 36.789898 ], [ 33.766262, 36.738086 ], [ 33.67685, 36.686297 ], [ 33.587478, 36.634531 ], [ 33.498131, 36.58278 ] ] } },
{ "type": "Feature", "properties": { "fault_id": "F0242", "label": "Karşıyaka – Manisa", "catalog_name": "EMME", "slip_type": "Normal", "rake": -75.0, "dip": 65.0, "upper_km": 1.0, "lower_km": 18.0, "length_km": 35.073580520476249, "width_km": 18.757424622362361, "area_km2": 657.89004284919008, "mmax": 6.8045163796780344, "slip_rate": 0.8, "slip_rate_min": 0.7, "slip_rate_max": 1.0, "recurrence_years": 1143.9578277564915, "p30": 0.025883860747145548, "p50": 0.042766480183497935 }, "geometry": { "type": "LineString", "coordinates": [ [ 27.276825, 38.636435 ], [ 27.304328, 38.624629 ], [ 27.340856, 38.614171 ], [ 27.379103, 38.607762 ], [ 27.415631, 38.607762 ], [ 27.435828, 38.609786 ], [ 27.447861, 38.613497 ], [ 27.459464, 38.614171 ], [ 27.478802, 38.610123 ], [ 27.505876, 38.598991 ], [ 27.541114, 38.577065 ], [ 27.567758, 38.555139 ], [ 27.582799, 38.531188 ], [ 27.593542, 38.51837 ], [ 27.610302, 38.505888 ] ] } },
{ "type": "Feature", "properties": { "fault_id": "F0243", "label": "Milas", "catalog_name": "EMME", "slip_type": "Normal", "rake": -85.0, "dip": 62.5, "upper_km": 0.0, "lower_km": 14.5, "length_km": 36.133267918136873, "width_km": 16.347038229561964, "area_km2": 590.67191201678827, "mmax": 6.7567732459088132, "slip_rate": 1.8, "slip_rate_min": 0.5, "slip_rate_max": 3.0, "recurrence_years": 480.19738369744897, "p30": 0.06056280294351446, "p50": 0.09888631176255791 }, "geometry": { "type": "LineString", "coordinates": [ [ 27.791652, 36.974908 ], [ 27.747401, 36.970806 ], [ 27.696986, 36.965998 ], [ 27.644344, 36.961688 ], [ 27.585225, 36.955672 ], [ 27.533287, 36.941167 ], [ 27.465911, 36.935386 ], [ 27.391798, 36.936121 ] ] } },
{ "type": "Feature", "properties": { "fault_id": "F0244", "label": "Ezine – Keşan", "catalog_name": "EMME", "slip_type": "Dextral-Normal", "rake": 22.0, "dip": 72.5, "upper_km": 0.0, "lower_km": 19.0, "length_km": 276.78775648268788, "width_km": 19.922053377675404, "area_km2": 5514.1804589351295, "mmax": 7.7963105943678723, "slip_rate": 21.9, "slip_rate_min": 15.0, "slip_rate_max": 28.8881, "recurrence_years": 153.25672725924048, "p30": 0.17778221317650544, "p50": 0.27837520708695707 }, "geometry": { "type": "LineString", "coordinates": [ [ 25.005397, 39.984839 ], [ 25.081501, 40.006679 ], [ 25.251618, 40.053514 ], [ 25.389534, 40.092251 ], [ 25.524078, 40.123521 ], [ 25.628512, 40.161581 ], [ 25.773818, 40.212031 ], [ 25.926659, 40.247307 ], [ 26.085589, 40.272354 ], [ 26.200499, 40.315794 ], [ 26.321028, 40.371284 ], [ 26.488272, 40.451043 ], [ 26.585053, 40.491599 ], [ 26.681833, 40.532155 ], [ 26.84888, 40.595414 ], [ 26.900067, 40.616927 ], [ 26.987711, 40.655205 ], [ 27.067007, 40.682895 ], [ 27.136914, 40.699998 ], [ 27.20682, 40.715472 ], [ 27.336198, 40.75212 ], [ 27.424327, 40.777384 ], [ 27.501385, 40.79608 ], [ 27.575641, 40.803779 ], [ 27.710143, 40.808178 ], [ 27.881072, 40.811477 ], [ 28.026022, 40.80224 ] ] } },
{ "type": "Feature", "properties": { "fault_id": "F0245", "label": "Silifke – Samandağ", "catalog_name": "EMME", "slip_type": "Reverse", "rake": 70.0, "dip": 60.0, "upper_km": 2.0, "lower_km": 17.5, "length_km": 153.53106771741955, "width_km": 17.897858344878401, "area_km2": 2747.8773015443085, "mmax": 7.4250976029990063, "slip_rate": 1.7, "slip_rate_min": 0.36, "slip_rate_max": 3.0, "recurrence_years": 1099.2054973985221, "p30": 0.026923366544085559, "p50": 0.044468357681446302 }, "geometry": { "type": "LineString", "coordinates": [ [ 33.471576, 35.238561 ], [ 33.549401, 35.226213 ], [ 33.627225, 35.213865 ], [ 33.734436, 35.212875 ], [ 33.83421, 35.22008 ], [ 33.933984, 35.227286 ], [ 34.058892, 35.256816 ], [ 34.183799, 35.286346 ], [ 34.291321, 35.32273 ], [ 34.398843, 35.359114 ], [ 34.501446, 35.415278 ], [ 34.604049, 35.471441 ], [ 34.686301, 35.520571 ], [ 34.768552, 35.569701 ], [ 34.858932, 35.657337 ], [ 34.949311, 35.744973 ] ] } },
{ "type": "Feature", "properties": { "fault_id": "F0246", "label": "Osmaniye – Adana", "catalog_name": "EMME", "slip_type": "Sinistral-Reverse", "rake": 35.0, "dip": 70.0, "upper_km": 2.0, "lower_km": 17.5, "length_km": 169.82004435903116, "width_km": 16.494755473376639, "area_km2": 2801.140106180193, "mmax": 7.4962815283494075, "slip_rate": 1.7, "slip_rate_min": 0.4, "slip_rate_max": 3.0, "recurrence_years": 1378.8508294752892, "p30": 0.021522266738737139, "p50": 0.035612486958195966 }, "geometry": { "type": "LineString", "coordinates": [ [ 36.055508, 37.058181 ], [ 35.947108, 36.962289 ], [ 35.827068, 36.882498 ], [ 35.75784, 36.824414 ], [ 35.688612, 36.766329 ], [ 35.588548, 36.662093 ], [ 35.519748, 36.597469 ], [ 35.450948, 36.532845 ], [ 35.37382, 36.451543 ], [ 35.296692, 36.370241 ], [ 35.225812, 36.2806 ], [ 35.154932, 36.190959 ], [ 35.079884, 36.107572 ], [ 35.004836, 36.024185 ], [ 34.942292, 35.944967 ], [ 34.879748, 35.865749 ] ] } },
{ "type": "Feature", "properties": { "fault_id": "F0247", "label": "Arpaçay açıkları", "catalog_name": "EMME", "slip_type": "Reverse", "rake": 95.0, "dip": 40.0, "upper_km": 3.0, "lower_km": 15.0, "length_km": 68.615623776790102, "width_km": 18.668685922324951, "area_km2": 1280.9635296533065, "mmax": 7.1267830885998702, "slip_rate": 1.0, "slip_rate_min": 1.0, "slip_rate_max": 1.0, "recurrence_years": 1430.5947043203864, "p30": 0.020751952107785576, "p50": 0.034346784947310582 }, "geometry": { "type": "LineString", "coordinates": [ [ 43.896118, 41.993592 ], [ 43.975649, 41.980335 ], [ 44.066506, 41.982686 ], [ 44.188602, 41.972635 ], [ 44.272279, 41.952717 ], [ 44.341707, 41.95306 ], [ 44.374492, 41.953223 ], [ 44.514415, 41.880654 ], [ 44.667876, 41.839096 ] ] } },
{ "type": "Feature", "properties": { "fault_id": "F0248", "label": "İsimsiz fay", "catalog_name": "EMME", "slip_type": "Dextral", "rake": 0.0, "dip": 77.5, "upper_km": 3.0, "lower_km": 15.0, "length_km": 58.810084230759038, "width_km": 12.291354171774111, "area_km2": 722.85557415212702, "mmax": 6.8962325650292478, "slip_rate": 0.1, "slip_rate_min": 0.09, "slip_rate_max": 0.1, "recurrence_years": 11433.417397450146, "p30": 0.0026204480295487498, "p50": 0.0043635974109410558 }, "geometry": { "type": "LineString", "coordinates": [ [ 45.209302, 41.425062 ], [ 44.720537, 41.798275 ] ] } },
{ "type": "Feature", "properties": { "fault_id": "F0249", "label": "İsimsiz fay", "catalog_name": "EMME", "slip_type": "Reverse", "rake": 95.0, "dip": 40.0, "upper_km": 3.0, "lower_km": 15.0, "length_km": 40.151641446113373, "width_km": 18.668685922324951, "area_km2": 749.5783834232958, "mmax": 6.9173353483657483, "slip_rate": 1.0, "slip_rate_min": 1.0, "slip_rate_max": 1.0, "recurrence_years": 1185.9454523742602, "p30": 0.024979003224771423, "p50": 0.041284062634586061 }, "geometry": { "type": "LineString", "coordinates": [ [ 44.667876, 41.839096 ], [ 44.758842, 41.831134 ], [ 44.878925, 41.837283 ], [ 45.006478, 41.820604 ], [ 45.135676, 41.788145 ] ] } },
{ "type": "Feature", "properties": { "fault_id": "F0250", "label": "İsimsiz fay", "catalog_name": "EMME", "slip_type": "Reverse", "rake": 90.0, "dip": 65.0, "upper_km": 1.0, "lower_km": 17.0, "length_km": 31.663928960278941, "width_km": 17.654046703399867, "area_km2": 558.99648067790008, "mmax": 6.8026681663030022, "slip_rate": null, "slip_rate_min": null, "slip_rate_max": null, "recurrence_years": null, "p30": null, "p50": null }, "geometry": { "type": "LineString", "coordinates": [ [ 41.784793, 42.953214 ], [ 41.849164, 42.937339 ], [ 41.912558, 42.94033 ], [ 41.992012, 42.931091 ], [ 42.079842, 42.925796 ], [ 42.12999, 42.918232 ], [ 42.164288, 42.919088 ] ] } },
{ "type": "Feature", "properties": { "fault_id": "F0251", "label": "Arpaçay açıkları", "catalog_name": "EMME", "slip_type": "Reverse", "rake": 90.0, "dip": 65.0, "upper_km": 3.0, "lower_km": 15.0, "length_km": 77.666562198102113, "width_km": 13.240535027549901, "area_km2": 1028.3468372533541, "mmax": 7.0409256550322867, "slip_rate": null, "slip_rate_min": null, "slip_rate_max": null, "recurrence_years": null, "p30": null, "p50": null }, "geometry": { "type": "LineString", "coordinates": [ [ 44.159901, 41.385025 ], [ 44.201339, 41.380982 ], [ 44.28547, 41.391178 ], [ 44.393954, 41.395877 ], [ 44.491849, 41.387885 ], [ 44.572674, 41.38675 ], [ 44.857979, 41.38934 ], [ 44.918007, 41.383554 ], [ 45.05392, 41.323793 ] ] } },
{ "type": "Feature", "properties": { "fault_id": "F0252", "label": "Arpaçay – Ardahan", "catalog_name": "EMME", "slip_type": "Sinistral", "rake": 0.0, "dip": 85.0, "upper_km": 1.0, "lower_km": 15.0, "length_km": 56.041032698811556, "width_km": 14.053477725606863, "area_km2": 787.57140475275401, "mmax": 6.934215738117171, "slip_rate": 0.8, "slip_rate_min": 0.1, "slip_rate_max": 1.5, "recurrence_years": 1495.6240019036077, "p30": 0.019858683649603082, "p50": 0.032878226465999139 }, "geometry": { "type": "LineString", "coordinates": [ [ 43.578557, 41.629057 ], [ 43.46177, 41.571136 ], [ 43.279215, 41.473848 ], [ 43.169122, 41.387522 ], [ 43.080626, 41.303467 ] ] } },
{ "type": "Feature", "properties": { "fault_id": "F0253", "label": "Arpaçay açıkları", "catalog_name": "EMME", "slip_type": "Dextral", "rake": 180.0, "dip": 85.0, "upper_km": 12.0, "lower_km": 31.5, "length_km": 20.640605634666187, "width_km": 19.574486832095275, "area_km2": 404.02926320224481, "mmax": 6.6385410779443657, "slip_rate": 0.1, "slip_rate_min": 0.1, "slip_rate_max": 0.11, "recurrence_years": 8399.9662414434788, "p30": 0.0035650729079721444, "p50": 0.0059347244102836427 }, "geometry": { "type": "LineString", "coordinates": [ [ 44.003473, 41.451359 ], [ 44.010667, 41.383179 ], [ 43.999477, 41.322616 ], [ 44.006157, 41.268393 ] ] } },
{ "type": "Feature", "properties": { "fault_id": "F0254", "label": "Hanak açıkları", "catalog_name": "EMME", "slip_type": "Reverse", "rake": 90.0, "dip": 65.0, "upper_km": 0.0, "lower_km": 17.0, "length_km": 35.456904182286493, "width_km": 18.757424622362361, "area_km2": 665.0802075415636, "mmax": 6.8705866212734907, "slip_rate": 0.2, "slip_rate_min": 0.1, "slip_rate_max": 0.32, "recurrence_years": 5686.6258890784202, "p30": 0.0052616448691423789, "p50": 0.0087540186038285173 }, "geometry": { "type": "LineString", "coordinates": [ [ 43.459434, 42.497897 ], [ 43.521397, 42.469094 ], [ 43.55325, 42.452397 ], [ 43.577181, 42.440948 ], [ 43.602237, 42.433149 ], [ 43.629965, 42.424448 ], [ 43.657846, 42.41901 ], [ 43.690041, 42.410607 ], [ 43.714487, 42.397492 ], [ 43.73631, 42.388869 ], [ 43.754087, 42.389795 ], [ 43.772197, 42.388383 ], [ 43.79148, 42.384807 ], [ 43.815552, 42.386256 ], [ 43.844318, 42.394967 ] ] } },
{ "type": "Feature", "properties": { "fault_id": "F0255", "label": "Ardahan – Hanak", "catalog_name": "EMME", "slip_type": "Sinistral", "rake": 15.0, "dip": 70.0, "upper_km": 3.0, "lower_km": 15.0, "length_km": 45.136873828439292, "width_km": 12.770133269710946, "area_km2": 576.40389416729795, "mmax": 6.7959414443569095, "slip_rate": 0.2, "slip_rate_min": 0.1, "slip_rate_max": 0.32, "recurrence_years": 5070.3041264359608, "p30": 0.0058993350232606767, "p50": 0.0098128778105048831 }, "geometry": { "type": "LineString", "coordinates": [ [ 43.338756, 41.69093 ], [ 43.217261, 41.676236 ], [ 43.11568, 41.658114 ], [ 42.993039, 41.623408 ], [ 42.88433, 41.595873 ], [ 42.857193, 41.581162 ], [ 42.832424, 41.567734 ] ] } },
{ "type": "Feature", "properties": { "fault_id": "F0256", "label": "Kars – Arpaçay", "catalog_name": "EMME", "slip_type": "Dextral", "rake": 165.0, "dip": 85.0, "upper_km": 3.0, "lower_km": 12.0, "length_km": 53.319739178397533, "width_km": 9.0343785378901256, "area_km2": 481.71070727921398, "mmax": 6.7164420257464528, "slip_rate": 0.1, "slip_rate_min": 0.1, "slip_rate_max": 0.11, "recurrence_years": 9220.5214851894088, "p30": 0.0032483248104768769, "p50": 0.0054080105582695603 }, "geometry": { "type": "LineString", "coordinates": [ [ 44.345406, 41.241725 ], [ 44.322198, 41.255518 ], [ 44.298869, 41.279752 ], [ 44.285969, 41.285432 ], [ 44.214385, 41.316065 ], [ 44.123447, 41.386089 ], [ 44.024723, 41.44694 ], [ 43.949762, 41.509009 ], [ 43.88692, 41.563053 ] ] } },
{ "type": "Feature", "properties": { "fault_id": "F0257", "label": "Arpaçay açıkları", "catalog_name": "EMME", "slip_type": "Reverse", "rake": 90.0, "dip": 65.0, "upper_km": 3.0, "lower_km": 15.0, "length_km": 77.205342555763679, "width_km": 13.240535027549901, "area_km2": 1022.240042423578, "mmax": 7.0385975999303927, "slip_rate": 0.1, "slip_rate_min": 0.07, "slip_rate_max": 0.1, "recurrence_years": 13219.719990333573, "p30": 0.0022667640238541731, "p50": 0.0037750847540657384 }, "geometry": { "type": "LineString", "coordinates": [ [ 43.889713, 41.650619 ], [ 44.01068, 41.645679 ], [ 44.11009, 41.644476 ], [ 44.803255, 41.596167 ] ] } },
{ "type": "Feature", "properties": { "fault_id": "F0258", "label": "Arpaçay – Kars", "catalog_name": "EMME", "slip_type": "Dextral", "rake": 180.0, "dip": 85.0, "upper_km": 0.0, "lower_km": 30.0, "length_km": 50.319584664393133, "width_km": 30.114595126300422, "area_km2": 1515.353919091795, "mmax": 7.2241243580370291, "slip_rate": 0.1, "slip_rate_min": 0.1, "slip_rate_max": 0.11, "recurrence_years": 16925.87798553973, "p30": 0.0017708640708444801, "p50": 0.0029496975753174892 }, "geometry": { "type": "LineString", "coordinates": [ [ 43.788333, 41.602583 ], [ 43.862981, 41.508701 ], [ 43.92545, 41.337442 ], [ 43.923357, 41.247009 ], [ 43.957309, 41.180508 ] ] } },
{ "type": "Feature", "properties": { "fault_id": "F0259", "label": "Posof açıkları", "catalog_name": "EMME", "slip_type": "Reverse", "rake": 90.0, "dip": 65.0, "upper_km": 3.0, "lower_km": 17.0, "length_km": 120.7230976331834, "width_km": 15.447290865474885, "area_km2": 1864.8448033209067, "mmax": 7.2735784251954865, "slip_rate": null, "slip_rate_min": null, "slip_rate_max": null, "recurrence_years": null, "p30": null, "p50": null }, "geometry": { "type": "LineString", "coordinates": [ [ 43.49053, 42.628661 ], [ 43.437327, 42.640286 ], [ 43.339439, 42.65536 ], [ 43.271406, 42.697538 ], [ 43.217813, 42.719337 ], [ 43.121921, 42.754819 ], [ 43.034424, 42.786252 ], [ 42.933361, 42.802979 ], [ 42.857655, 42.811869 ], [ 42.75167, 42.807779 ], [ 42.641742, 42.834355 ], [ 42.579603, 42.851564 ], [ 42.530577, 42.889586 ], [ 42.419044, 42.948812 ], [ 42.378149, 42.989006 ], [ 42.275422, 43.031841 ], [ 42.187692, 43.050279 ] ] } },
{ "type": "Feature", "properties": { "fault_id": "F0260", "label": "Posof açıkları", "catalog_name": "EMME", "slip_type": "Reverse", "rake": 90.0, "dip": 65.0, "upper_km": 3.0, "lower_km": 17.0, "length_km": 58.012378571743504, "width_km": 15.447290865474885, "area_km2": 896.13408559576442, "mmax": 6.9871356969211273, "slip_rate": null, "slip_rate_min": null, "slip_rate_max": null, "recurrence_years": null, "p30": null, "p50": null }, "geometry": { "type": "LineString", "coordinates": [ [ 42.53004, 42.764684 ], [ 42.416947, 42.782012 ], [ 42.373553, 42.797351 ], [ 42.336468, 42.81282 ], [ 42.334284, 42.814136 ], [ 42.304264, 42.824893 ], [ 42.209952, 42.843623 ], [ 42.091398, 42.870989 ], [ 42.024166, 42.88442 ], [ 41.996281, 42.903515 ], [ 41.953165, 42.909371 ], [ 41.897719, 42.908766 ], [ 41.8642, 42.909745 ] ] } },
{ "type": "Feature", "properties": { "fault_id": "F0261", "label": "Posof – Kemalpaşa", "catalog_name": "EMME", "slip_type": "Reverse", "rake": 90.0, "dip": 65.0, "upper_km": 3.0, "lower_km": 17.0, "length_km": 82.501326824508169, "width_km": 15.447290865474885, "area_km2": 1274.4219922457833, "mmax": 7.124781931590447, "slip_rate": 0.4, "slip_rate_min": 0.35, "slip_rate_max": 0.4, "recurrence_years": 3570.0836656726378, "p30": 0.0083679565121926869, "p50": 0.013907656418259973 }, "geometry": { "type": "LineString", "coordinates": [ [ 42.62505, 42.636828 ], [ 42.558679, 42.633094 ], [ 42.4333, 42.639706 ], [ 42.356165, 42.628596 ], [ 42.314784, 42.63348 ], [ 42.028803, 42.752698 ], [ 41.820435, 42.793868 ], [ 41.751532, 42.805963 ], [ 41.691185, 42.835803 ] ] } },
{ "type": "Feature", "properties": { "fault_id": "F0262", "label": "Hanak – Posof", "catalog_name": "EMME", "slip_type": "Reverse", "rake": 90.0, "dip": 65.0, "upper_km": 3.0, "lower_km": 17.0, "length_km": 47.009971234179716, "width_km": 15.447290865474885, "area_km2": 726.17669923198139, "mmax": 6.9049380786683594, "slip_rate": 0.4, "slip_rate_min": 0.37, "slip_rate_max": 0.41, "recurrence_years": 2932.1323014902196, "p30": 0.010179298571876272, "p50": 0.016907866667292826 }, "geometry": { "type": "LineString", "coordinates": [ [ 43.229291, 42.533162 ], [ 43.206239, 42.536229 ], [ 43.178836, 42.546407 ], [ 43.107209, 42.561618 ], [ 43.032533, 42.572053 ], [ 43.00513, 42.58795 ], [ 42.981066, 42.598053 ], [ 42.944452, 42.604418 ], [ 42.685144, 42.639228 ] ] } },
{ "type": "Feature", "properties": { "fault_id": "F0263", "label": "Hanak açıkları", "catalog_name": "EMME", "slip_type": "Reverse", "rake": 90.0, "dip": 60.0, "upper_km": 3.0, "lower_km": 17.0, "length_km": 55.621099512434348, "width_km": 16.165807537309522, "area_km2": 899.15998973155422, "mmax": 6.9884532763174576, "slip_rate": 0.4, "slip_rate_min": 0.37, "slip_rate_max": 0.41, "recurrence_years": 3159.815278926294, "p30": 0.0094492980158701334, "p50": 0.015699172650721294 }, "geometry": { "type": "LineString", "coordinates": [ [ 43.88058, 42.435068 ], [ 43.813764, 42.423764 ], [ 43.742795, 42.420668 ], [ 43.638067, 42.446369 ], [ 43.569736, 42.465417 ], [ 43.519987, 42.498699 ], [ 43.472195, 42.514443 ], [ 43.273312, 42.521008 ], [ 43.244412, 42.522727 ] ] } },
{ "type": "Feature", "properties": { "fault_id": "F0264", "label": "Hopa açıkları", "catalog_name": "EMME", "slip_type": "Dextral", "rake": 0.0, "dip": 77.5, "upper_km": 3.0, "lower_km": 15.0, "length_km": 48.394374242345656, "width_km": 12.291354171774111, "area_km2": 594.83239373405286, "mmax": 6.8098825037907016, "slip_rate": 0.1, "slip_rate_min": 0.1, "slip_rate_max": 0.1, "recurrence_years": 10311.168629800397, "p30": 0.0029052381327274723, "p50": 0.0048373729235181573 }, "geometry": { "type": "LineString", "coordinates": [ [ 41.725427, 42.792943 ], [ 41.783731, 42.724418 ], [ 41.828567, 42.610345 ], [ 41.808077, 42.570904 ], [ 41.788684, 42.431686 ], [ 41.80226, 42.381494 ] ] } },
{ "type": "Feature", "properties": { "fault_id": "F0265", "label": "Hopa – Borçka", "catalog_name": "EMME", "slip_type": "Reverse", "rake": 95.0, "dip": 60.0, "upper_km": 3.0, "lower_km": 15.0, "length_km": 25.189580535158214, "width_km": 13.856406460551019, "area_km2": 349.0370664659365, "mmax": 6.6185843949112417, "slip_rate": 0.1, "slip_rate_min": 0.1, "slip_rate_max": 0.1, "recurrence_years": 9075.776402484802, "p30": 0.0033000451667734021, "p50": 0.0054940228914744926 }, "geometry": { "type": "LineString", "coordinates": [ [ 41.80226, 42.381494 ], [ 41.897568, 42.330198 ], [ 42.004257, 42.327822 ], [ 42.024338, 42.314113 ], [ 42.02976, 42.295919 ], [ 42.035174, 42.276395 ] ] } },
{ "type": "Feature", "properties": { "fault_id": "F0266", "label": "Borçka – Kemalpaşa", "catalog_name": "EMME", "slip_type": "Sinistral", "rake": 0.0, "dip": 85.0, "upper_km": 3.0, "lower_km": 15.0, "length_km": 63.123399020842861, "width_km": 12.045838050520169, "area_km2": 760.37424180343658, "mmax": 6.9186479443489244, "slip_rate": 0.1, "slip_rate_min": 0.1, "slip_rate_max": 0.1, "recurrence_years": 11744.195317702177, "p30": 0.0025511935891205928, "p50": 0.0042483724067213791 }, "geometry": { "type": "LineString", "coordinates": [ [ 42.055842, 42.274813 ], [ 42.143284, 42.299655 ], [ 42.193219, 42.350229 ], [ 42.263358, 42.417786 ], [ 42.389677, 42.467614 ], [ 42.472189, 42.542786 ], [ 42.601859, 42.583551 ], [ 42.634058, 42.615594 ] ] } },
{ "type": "Feature", "properties": { "fault_id": "F0267", "label": "Hanak – Posof", "catalog_name": "EMME", "slip_type": "Reverse", "rake": 95.0, "dip": 65.0, "upper_km": 3.0, "lower_km": 15.0, "length_km": 75.30824847418269, "width_km": 13.240535027549901, "area_km2": 997.12150178584727, "mmax": 7.0288732732789523, "slip_rate": null, "slip_rate_min": null, "slip_rate_max": null, "recurrence_years": null, "p30": null, "p50": null }, "geometry": { "type": "LineString", "coordinates": [ [ 43.571885, 42.356499 ], [ 43.558314, 42.345721 ], [ 43.534703, 42.340686 ], [ 43.497544, 42.343584 ], [ 43.477512, 42.347566 ], [ 43.423931, 42.350617 ], [ 43.370606, 42.352608 ], [ 43.308017, 42.349044 ], [ 43.247152, 42.348129 ], [ 43.211878, 42.328987 ], [ 43.179896, 42.320513 ], [ 43.160872, 42.297626 ], [ 43.107574, 42.284802 ], [ 43.068357, 42.280163 ], [ 43.018294, 42.279308 ], [ 43.003655, 42.289682 ], [ 42.969382, 42.298379 ], [ 42.893236, 42.274422 ], [ 42.861193, 42.269843 ], [ 42.828837, 42.274548 ], [ 42.792947, 42.277848 ], [ 42.762887, 42.267967 ], [ 42.746991, 42.262342 ], [ 42.725498, 42.263246 ] ] } },
{ "type": "Feature", "properties": { "fault_id": "F0268", "label": "Arpaçay açıkları", "catalog_name": "EMME", "slip_type": "Reverse", "rake": 95.0, "dip": 40.0, "upper_km": 3.0, "lower_km": 15.0, "length_km": 45.958230637525574, "width_km": 18.668685922324951, "area_km2": 857.97977331773689, "mmax": 6.9701293446162431, "slip_rate": 1.0, "slip_rate_min": 1.0, "slip_rate_max": 1.0, "recurrence_years": 1243.3566246386772, "p30": 0.023839475563165125, "p50": 0.039415882562206961 }, "geometry": { "type": "LineString", "coordinates": [ [ 44.680353, 41.870828 ], [ 44.624689, 41.874034 ], [ 44.492172, 41.948699 ], [ 44.415346, 41.983227 ], [ 44.285967, 42.005453 ], [ 44.18321, 42.018316 ] ] } },
{ "type": "Feature", "properties": { "fault_id": "F0269", "label": "Posof – Kemalpaşa", "catalog_name": "EMME", "slip_type": "Reverse", "rake": 95.0, "dip": 40.0, "upper_km": 3.0, "lower_km": 15.0, "length_km": 55.971372269041282, "width_km": 18.668685922324951, "area_km2": 1044.9119695322602, "mmax": 7.0471717336692716, "slip_rate": 0.4, "slip_rate_min": 0.38, "slip_rate_max": 0.43, "recurrence_years": 3330.4019363087818, "p30": 0.0089674719587387042, "p50": 0.01490106664303259 }, "geometry": { "type": "LineString", "coordinates": [ [ 42.447289, 42.069069 ], [ 42.413433, 42.083755 ], [ 42.362992, 42.105319 ], [ 42.338115, 42.107584 ], [ 42.250891, 42.087602 ], [ 42.138921, 42.085141 ], [ 41.983273, 42.061338 ], [ 41.915852, 42.069811 ], [ 41.863563, 42.061752 ], [ 41.806461, 42.037676 ] ] } },
{ "type": "Feature", "properties": { "fault_id": "F0270", "label": "İsimsiz fay", "catalog_name": "EMME", "slip_type": "Reverse", "rake": 95.0, "dip": 60.0, "upper_km": 3.0, "lower_km": 15.0, "length_km": 88.782748661068126, "width_km": 13.856406460551019, "area_km2": 1230.2098521327018, "mmax": 7.110981280673192, "slip_rate": 0.7, "slip_rate_min": 0.25, "slip_rate_max": 1.24, "recurrence_years": 2014.9924607225032, "p30": 0.014778109045592291, "p50": 0.024508652359941929 }, "geometry": { "type": "LineString", "coordinates": [ [ 45.088054, 41.844041 ], [ 45.026797, 41.844928 ], [ 44.951287, 41.861332 ], [ 44.862968, 41.894952 ], [ 44.781449, 41.921388 ], [ 44.722796, 41.955677 ], [ 44.647073, 41.977416 ], [ 44.54408, 42.023209 ], [ 44.421412, 42.082048 ], [ 44.282371, 42.122662 ], [ 44.153093, 42.194398 ] ] } },
{ "type": "Feature", "properties": { "fault_id": "F0271", "label": "İsimsiz fay", "catalog_name": "EMME", "slip_type": "Reverse", "rake": 95.0, "dip": 60.0, "upper_km": 3.0, "lower_km": 15.0, "length_km": 94.505859106073203, "width_km": 13.856406460551019, "area_km2": 1309.5115966773171, "mmax": 7.135398413894519, "slip_rate": 0.7, "slip_rate_min": 0.2, "slip_rate_max": 1.24, "recurrence_years": 2059.5340540404268, "p30": 0.014460824751459156, "p50": 0.023985011762929997 }, "geometry": { "type": "LineString", "coordinates": [ [ 44.741891, 41.981659 ], [ 44.778826, 41.978675 ], [ 44.840422, 41.955818 ], [ 44.875335, 41.92831 ], [ 44.930709, 41.897745 ], [ 45.149844, 41.865525 ], [ 45.227568, 41.840908 ], [ 45.294875, 41.788713 ], [ 45.337655, 41.756452 ], [ 45.384589, 41.742528 ], [ 45.468258, 41.725381 ], [ 45.53138, 41.699085 ], [ 45.573996, 41.668267 ], [ 45.590089, 41.642164 ], [ 45.618173, 41.591504 ], [ 45.650487, 41.560712 ] ] } },
{ "type": "Feature", "properties": { "fault_id": "F0272", "label": "İsimsiz fay", "catalog_name": "EMME", "slip_type": "Reverse", "rake": 95.0, "dip": 60.0, "upper_km": 3.0, "lower_km": 17.0, "length_km": 98.952350078302644, "width_km": 16.165807537309522, "area_km2": 1599.6446467303153, "mmax": 7.2136211652690605, "slip_rate": 0.4, "slip_rate_min": 0.1, "slip_rate_max": 0.76, "recurrence_years": 3865.6896531714788, "p30": 0.0077305460362695477, "p50": 0.01285101405669864 }, "geometry": { "type": "LineString", "coordinates": [ [ 44.656412, 42.674263 ], [ 44.688661, 42.666433 ], [ 44.72462, 42.626912 ], [ 44.767569, 42.617764 ], [ 44.805175, 42.598027 ], [ 44.851644, 42.598096 ], [ 44.919527, 42.624573 ], [ 44.985685, 42.62196 ], [ 45.075062, 42.60477 ], [ 45.125069, 42.583599 ], [ 45.18213, 42.542588 ], [ 45.219504, 42.50687 ], [ 45.285345, 42.46447 ], [ 45.363595, 42.425954 ], [ 45.413266, 42.390132 ], [ 45.480805, 42.370061 ], [ 45.528741, 42.352684 ], [ 45.582026, 42.33922 ], [ 45.65103, 42.299234 ] ] } },
{ "type": "Feature", "properties": { "fault_id": "F0273", "label": "Hanak – Kemalpaşa", "catalog_name": "EMME", "slip_type": "Reverse", "rake": 95.0, "dip": 50.0, "upper_km": 3.0, "lower_km": 15.0, "length_km": 98.741808900190307, "width_km": 15.664887471987344, "area_km2": 1546.7793252019596, "mmax": 7.200485522655935, "slip_rate": 0.4, "slip_rate_min": 0.4, "slip_rate_max": 0.45, "recurrence_years": 3820.4865881685751, "p30": 0.0078216533322696957, "p50": 0.013002071349155209 }, "geometry": { "type": "LineString", "coordinates": [ [ 43.27376, 41.949121 ], [ 43.129993, 42.001515 ], [ 43.101153, 42.01851 ], [ 43.095845, 42.021638 ], [ 43.06061, 42.042401 ], [ 43.028731, 42.054115 ], [ 42.987218, 42.066672 ], [ 42.974368, 42.082789 ], [ 42.959098, 42.088647 ], [ 42.937335, 42.08315 ], [ 42.926406, 42.081932 ], [ 42.909828, 42.085717 ], [ 42.892182, 42.080287 ], [ 42.863407, 42.079754 ], [ 42.844881, 42.060001 ], [ 42.821629, 42.058541 ], [ 42.791284, 42.064089 ], [ 42.766663, 42.062591 ], [ 42.727378, 42.049562 ], [ 42.684076, 42.034397 ], [ 42.628287, 42.024064 ], [ 42.570838, 42.021841 ], [ 42.547492, 42.023387 ], [ 42.515893, 42.025771 ], [ 42.48711, 42.026166 ], [ 42.467908, 42.026765 ], [ 42.436223, 42.031168 ], [ 42.40748, 42.030522 ], [ 42.375009, 42.020591 ], [ 42.34739, 42.013531 ], [ 42.287998, 42.01081 ], [ 42.296561, 41.991863 ], [ 42.219357, 41.974425 ] ] } },
{ "type": "Feature", "properties": { "fault_id": "F0274", "label": "Şavşat – Kemalpaşa", "catalog_name": "EMME", "slip_type": "Sinistral", "rake": 15.0, "dip": 75.0, "upper_km": 3.0, "lower_km": 15.0, "length_km": 53.730276498718318, "width_km": 12.423314164920995, "area_km2": 667.508105111649, "mmax": 6.8609456742891375, "slip_rate": null, "slip_rate_min": null, "slip_rate_max": null, "recurrence_years": null, "p30": null, "p50": null }, "geometry": { "type": "LineString", "coordinates": [ [ 42.320149, 41.957018 ], [ 42.292023, 41.959443 ], [ 42.234207, 41.955659 ], [ 42.187826, 41.947723 ], [ 42.173063, 41.941232 ], [ 42.096078, 41.913429 ], [ 41.973646, 41.861294 ], [ 41.845181, 41.835347 ], [ 41.719168, 41.804435 ] ] } },
{ "type": "Feature", "properties": { "fault_id": "F0275", "label": "Artvin – Şavşat", "catalog_name": "EMME", "slip_type": "Sinistral", "rake": 15.0, "dip": 70.0, "upper_km": 3.0, "lower_km": 15.0, "length_km": 81.147932658463887, "width_km": 12.770133269710946, "area_km2": 1036.2699146101131, "mmax": 7.055782347526355, "slip_rate": null, "slip_rate_min": null, "slip_rate_max": null, "recurrence_years": null, "p30": null, "p50": null }, "geometry": { "type": "LineString", "coordinates": [ [ 41.738152, 41.560758 ], [ 42.031019, 41.633202 ], [ 42.083607, 41.668239 ], [ 42.11992, 41.685845 ], [ 42.363867, 41.739921 ], [ 42.450599, 41.73817 ], [ 42.550759, 41.741278 ], [ 42.61124, 41.746261 ], [ 42.654375, 41.751786 ] ] } },
{ "type": "Feature", "properties": { "fault_id": "F0276", "label": "Hanak – Arpaçay", "catalog_name": "EMME", "slip_type": "Sinistral", "rake": 15.0, "dip": 70.0, "upper_km": 3.0, "lower_km": 15.0, "length_km": 108.59207694242484, "width_km": 12.770133269710946, "area_km2": 1386.7352945894704, "mmax": 7.1848334405529712, "slip_rate": null, "slip_rate_min": null, "slip_rate_max": null, "recurrence_years": null, "p30": null, "p50": null }, "geometry": { "type": "LineString", "coordinates": [ [ 42.654375, 41.751786 ], [ 42.779443, 41.787655 ], [ 42.886285, 41.816562 ], [ 42.967023, 41.850475 ], [ 43.030569, 41.869036 ], [ 43.030939, 41.869207 ], [ 43.073098, 41.869922 ], [ 43.125015, 41.876346 ], [ 43.202627, 41.896133 ], [ 43.258303, 41.902555 ], [ 43.314988, 41.918237 ], [ 43.36936, 41.928295 ], [ 43.418647, 41.943822 ], [ 43.47175, 41.956596 ], [ 43.501513, 41.958843 ], [ 43.527229, 41.93711 ], [ 43.571893, 41.924137 ], [ 43.629285, 41.923122 ], [ 43.701021, 41.93105 ], [ 43.774304, 41.963157 ], [ 43.80957, 41.973002 ], [ 43.846189, 42.008851 ] ] } },
{ "type": "Feature", "properties": { "fault_id": "F0277", "label": "Hanak – Arpaçay", "catalog_name": "EMME", "slip_type": "Reverse", "rake": 90.0, "dip": 65.0, "upper_km": 3.0, "lower_km": 15.0, "length_km": 91.143062589927112, "width_km": 13.240535027549901, "area_km2": 1206.782912740103, "mmax": 7.1034662369975852, "slip_rate": 0.3, "slip_rate_min": 0.28, "slip_rate_max": 0.32, "recurrence_years": 4670.11627733767, "p30": 0.0064032342830155908, "p50": 0.0106492623366784 }, "geometry": { "type": "LineString", "coordinates": [ [ 43.310926, 41.778595 ], [ 43.376218, 41.786612 ], [ 43.430836, 41.789899 ], [ 43.513126, 41.788518 ], [ 43.558176, 41.794974 ], [ 43.640321, 41.813623 ], [ 43.712567, 41.837986 ], [ 43.737663, 41.861794 ], [ 43.774921, 41.86808 ], [ 43.851586, 41.871814 ], [ 43.924399, 41.871048 ], [ 43.949709, 41.887459 ], [ 43.998858, 41.89084 ], [ 44.061896, 41.897183 ], [ 44.124572, 41.871535 ], [ 44.245513, 41.855241 ], [ 44.341127, 41.884998 ] ] } },
{ "type": "Feature", "properties": { "fault_id": "F0278", "label": "Şavşat – Hanak", "catalog_name": "EMME", "slip_type": "Sinistral", "rake": 15.0, "dip": 70.0, "upper_km": 3.0, "lower_km": 15.0, "length_km": 67.532102507351695, "width_km": 12.770133269710946, "area_km2": 862.39394900266188, "mmax": 6.9744198146334071, "slip_rate": 0.2, "slip_rate_min": 0.1, "slip_rate_max": 0.32, "recurrence_years": 6277.2983569191601, "p30": 0.0047677241819192862, "p50": 0.0079335718282880219 }, "geometry": { "type": "LineString", "coordinates": [ [ 42.617015, 41.596394 ], [ 42.632918, 41.603539 ], [ 42.707874, 41.637217 ], [ 42.81271, 41.666688 ], [ 42.950422, 41.680182 ], [ 43.007433, 41.680233 ], [ 43.046422, 41.683935 ], [ 43.081986, 41.689588 ], [ 43.118305, 41.692716 ], [ 43.219011, 41.717759 ], [ 43.34843, 41.734826 ], [ 43.388844, 41.729488 ] ] } },
{ "type": "Feature", "properties": { "fault_id": "F0279", "label": "Kars – Arpaçay", "catalog_name": "EMME", "slip_type": "Dextral", "rake": 165.0, "dip": 75.0, "upper_km": 3.0, "lower_km": 15.0, "length_km": 51.940503014538386, "width_km": 12.423314164920995, "area_km2": 645.27318683363637, "mmax": 6.8459384915393269, "slip_rate": 0.1, "slip_rate_min": 0.1, "slip_rate_max": 0.11, "recurrence_years": 10765.71462439515, "p30": 0.0027827450831464651, "p50": 0.0046336051015124502 }, "geometry": { "type": "LineString", "coordinates": [ [ 44.804273, 41.245013 ], [ 44.74051, 41.26562 ], [ 44.646681, 41.293643 ], [ 44.612876, 41.304844 ], [ 44.568242, 41.300031 ], [ 44.519498, 41.30078 ], [ 44.454539, 41.297663 ], [ 44.392007, 41.303004 ], [ 44.349386, 41.315965 ], [ 44.317952, 41.333689 ], [ 44.222427, 41.353576 ] ] } },
{ "type": "Feature", "properties": { "fault_id": "F0280", "label": "Kars açıkları", "catalog_name": "EMME", "slip_type": "Dextral", "rake": 165.0, "dip": 77.5, "upper_km": 3.0, "lower_km": 15.0, "length_km": 64.851729174539685, "width_km": 12.291354171774111, "area_km2": 797.11557193624321, "mmax": 6.9395517191761993, "slip_rate": 0.1, "slip_rate_min": 0.1, "slip_rate_max": 0.11, "recurrence_years": 12041.623126810968, "p30": 0.0024882576312296179, "p50": 0.0041436554191475183 }, "geometry": { "type": "LineString", "coordinates": [ [ 45.083524, 41.11121 ], [ 45.029235, 41.121991 ], [ 44.814732, 41.186672 ], [ 44.596951, 41.220247 ], [ 44.536928, 41.230468 ], [ 44.4815, 41.240677 ], [ 44.423809, 41.243885 ], [ 44.37539, 41.241891 ], [ 44.345406, 41.241725 ] ] } },
{ "type": "Feature", "properties": { "fault_id": "F0281", "label": "İsimsiz fay", "catalog_name": "EMME", "slip_type": "Reverse", "rake": 90.0, "dip": 40.0, "upper_km": 3.0, "lower_km": 17.0, "length_km": 123.02764957750048, "width_km": 21.780133576045774, "area_km2": 2679.5586413449118, "mmax": 7.4152569393004271, "slip_rate": 0.5, "slip_rate_min": 0.1, "slip_rate_max": 0.9, "recurrence_years": 3704.5109600092815, "p30": 0.00806553254749931, "p50": 0.013406381317497162 }, "geometry": { "type": "LineString", "coordinates": [ [ 45.604563, 42.21722 ], [ 45.575656, 42.226948 ], [ 45.541937, 42.240284 ], [ 45.492188, 42.266851 ], [ 45.406871, 42.286344 ], [ 45.348936, 42.308089 ], [ 45.281274, 42.32863 ], [ 45.224829, 42.338334 ], [ 45.165163, 42.357594 ], [ 45.126461, 42.380394 ], [ 45.099047, 42.406763 ], [ 45.084524, 42.419946 ], [ 45.055443, 42.429543 ], [ 45.021505, 42.441528 ], [ 44.972997, 42.464277 ], [ 44.935787, 42.478631 ], [ 44.87271, 42.474986 ], [ 44.811236, 42.478493 ], [ 44.741627, 42.491528 ], [ 44.68653, 42.509351 ], [ 44.615169, 42.534279 ], [ 44.520941, 42.577028 ], [ 44.472118, 42.603155 ], [ 44.368164, 42.638871 ], [ 44.324033, 42.642542 ], [ 44.287053, 42.661466 ] ] } },
{ "type": "Feature", "properties": { "fault_id": "F0282", "label": "Arpaçay – Ardahan", "catalog_name": "EMME", "slip_type": "Sinistral", "rake": 0.0, "dip": 85.0, "upper_km": 0.0, "lower_km": 12.0, "length_km": 60.42327339073546, "width_km": 12.045838050520169, "area_km2": 727.8489657471041, "mmax": 6.8992820946044411, "slip_rate": 0.1, "slip_rate_min": 0.1, "slip_rate_max": 0.11, "recurrence_years": 11475.209364733932, "p30": 0.0026109169975242486, "p50": 0.0043477400698276325 }, "geometry": { "type": "LineString", "coordinates": [ [ 43.714061, 41.666531 ], [ 43.695593, 41.594096 ], [ 43.680731, 41.509245 ], [ 43.666374, 41.448782 ], [ 43.608143, 41.391368 ], [ 43.580664, 41.306867 ], [ 43.561839, 41.280945 ], [ 43.522171, 41.239309 ], [ 43.456343, 41.178932 ] ] } },
{ "type": "Feature", "properties": { "fault_id": "F0283", "label": "Arpaçay – Kars", "catalog_name": "EMME", "slip_type": "Dextral", "rake": 180.0, "dip": 85.0, "upper_km": 0.0, "lower_km": 31.5, "length_km": 28.247963850078779, "width_km": 31.620324882615442, "area_km2": 893.20979421186757, "mmax": 6.9899725460763555, "slip_rate": 0.1, "slip_rate_min": 0.1, "slip_rate_max": 0.11, "recurrence_years": 12790.39885934624, "p30": 0.0023427607833306219, "p50": 0.0039015513289367698 }, "geometry": { "type": "LineString", "coordinates": [ [ 43.634482, 41.373476 ], [ 43.661774, 41.347126 ], [ 43.683672, 41.32946 ], [ 43.709564, 41.312926 ], [ 43.736035, 41.290046 ], [ 43.763399, 41.271051 ], [ 43.809664, 41.23242 ], [ 43.866095, 41.192686 ] ] } },
{ "type": "Feature", "properties": { "fault_id": "F0284", "label": "İsimsiz fay", "catalog_name": "EMME", "slip_type": "Reverse", "rake": 90.0, "dip": 60.0, "upper_km": 3.0, "lower_km": 17.0, "length_km": 122.33449561060671, "width_km": 16.165807537309522, "area_km2": 1977.6359112149046, "mmax": 7.2965317057169106, "slip_rate": 0.4, "slip_rate_min": 0.1, "slip_rate_max": 0.62, "recurrence_years": 4163.6093279937459, "p30": 0.0071793911134981903, "p50": 0.011936993593393397 }, "geometry": { "type": "LineString", "coordinates": [ [ 43.364456, 42.844889 ], [ 43.531901, 42.79053 ], [ 43.613125, 42.752931 ], [ 43.716778, 42.72325 ], [ 43.802667, 42.704874 ], [ 44.231922, 42.629335 ], [ 44.262841, 42.61996 ], [ 44.300166, 42.616602 ], [ 44.348994, 42.609992 ], [ 44.382429, 42.604285 ], [ 44.428736, 42.587499 ], [ 44.470148, 42.575958 ], [ 44.556692, 42.534464 ], [ 44.598716, 42.516966 ], [ 44.733315, 42.460634 ] ] } },
{ "type": "Feature", "properties": { "fault_id": "F0285", "label": "İsimsiz fay", "catalog_name": "EMME", "slip_type": "Reverse", "rake": 90.0, "dip": 60.0, "upper_km": 3.0, "lower_km": 17.0, "length_km": 152.40158200643259, "width_km": 16.165807537309522, "area_km2": 2463.6946430974831, "mmax": 7.3824281912875573, "slip_rate": 0.4, "slip_rate_min": 0.1, "slip_rate_max": 0.62, "recurrence_years": 4496.495485076186, "p30": 0.0066496551277414051, "p50": 0.011058174848241453 }, "geometry": { "type": "LineString", "coordinates": [ [ 44.759968, 42.451307 ], [ 44.8888, 42.436314 ], [ 44.96999, 42.425906 ], [ 45.065247, 42.394515 ], [ 45.170815, 42.300278 ], [ 45.269169, 42.237335 ], [ 45.381308, 42.16119 ], [ 45.563081, 42.05062 ], [ 45.664436, 42.013471 ], [ 45.755346, 41.99199 ], [ 45.835819, 41.980973 ], [ 45.950987, 41.948698 ], [ 46.29801, 41.788409 ] ] } },
{ "type": "Feature", "properties": { "fault_id": "F0286", "label": "İsimsiz fay", "catalog_name": "EMME", "slip_type": "Reverse", "rake": 90.0, "dip": 60.0, "upper_km": 3.0, "lower_km": 17.0, "length_km": 81.740004006386059, "width_km": 16.165807537309522, "area_km2": 1321.3931728661462, "mmax": 7.1389288527799373, "slip_rate": 0.5, "slip_rate_min": 0.1, "slip_rate_max": 0.83, "recurrence_years": 2892.4773143292605, "p30": 0.010318131223378657, "p50": 0.01713767075552286 }, "geometry": { "type": "LineString", "coordinates": [ [ 44.254163, 42.424583 ], [ 44.345951, 42.389021 ], [ 44.400832, 42.382548 ], [ 44.480174, 42.362616 ], [ 44.6051, 42.345053 ], [ 44.733048, 42.316072 ], [ 44.866983, 42.275666 ], [ 44.918689, 42.257653 ], [ 45.018967, 42.201236 ], [ 45.094847, 42.178621 ], [ 45.149416, 42.149212 ] ] } },
{ "type": "Feature", "properties": { "fault_id": "F0287", "label": "İsimsiz fay", "catalog_name": "EMME", "slip_type": "Reverse", "rake": 90.0, "dip": 55.0, "upper_km": 3.0, "lower_km": 17.0, "length_km": 155.35189435234787, "width_km": 17.090844242660385, "area_km2": 2655.0950291782087, "mmax": 7.4116720626754482, "slip_rate": 0.9, "slip_rate_min": 0.8, "slip_rate_max": 0.91, "recurrence_years": 2051.4657006975635, "p30": 0.014517283907053868, "p50": 0.024078199213318885 }, "geometry": { "type": "LineString", "coordinates": [ [ 43.969868, 42.424285 ], [ 43.938913, 42.436271 ], [ 43.898604, 42.441149 ], [ 43.74975, 42.489572 ], [ 43.68389, 42.524763 ], [ 43.632177, 42.560085 ], [ 43.575902, 42.584812 ], [ 43.541099, 42.631095 ], [ 43.438222, 42.665609 ], [ 43.326361, 42.728594 ], [ 43.181659, 42.85193 ], [ 43.067615, 42.913429 ], [ 43.028407, 42.918738 ], [ 42.999181, 42.917035 ], [ 42.964765, 42.924797 ], [ 42.907049, 42.947668 ], [ 42.83677, 43.002553 ], [ 42.816685, 43.017714 ], [ 42.708961, 43.022781 ], [ 42.492644, 43.052915 ], [ 42.403433, 43.080813 ], [ 42.392464, 43.084954 ] ] } },
{ "type": "Feature", "properties": { "fault_id": "F0288", "label": "İsimsiz fay", "catalog_name": "EMME", "slip_type": "Reverse", "rake": 90.0, "dip": 50.0, "upper_km": 3.0, "lower_km": 17.0, "length_km": 44.393011391198044, "width_km": 18.275702050651901, "area_km2": 811.31344931673129, "mmax": 6.9482698078871117, "slip_rate": 0.9, "slip_rate_min": 0.8, "slip_rate_max": 0.91, "recurrence_years": 1354.7285152940462, "p30": 0.021901265239692047, "p50": 0.036234974687267441 }, "geometry": { "type": "LineString", "coordinates": [ [ 44.337065, 42.159439 ], [ 44.321638, 42.160495 ], [ 44.283839, 42.169906 ], [ 44.202525, 42.204534 ], [ 44.131728, 42.266131 ], [ 44.111069, 42.308914 ], [ 44.044963, 42.342553 ], [ 43.969868, 42.424285 ] ] } },
{ "type": "Feature", "properties": { "fault_id": "F0289", "label": "İsimsiz fay", "catalog_name": "EMME", "slip_type": "Reverse", "rake": 90.0, "dip": 65.0, "upper_km": 3.0, "lower_km": 17.0, "length_km": 211.07209804868117, "width_km": 15.447290865474885, "area_km2": 3260.4920921440121, "mmax": 7.4919548361031945, "slip_rate": 0.4, "slip_rate_min": 0.1, "slip_rate_max": 0.76, "recurrence_years": 4959.8421712180652, "p30": 0.0060303237329593085, "p50": 0.010030323322061552 }, "geometry": { "type": "LineString", "coordinates": [ [ 43.374147, 42.862397 ], [ 43.428788, 42.859948 ], [ 43.477978, 42.851603 ], [ 43.543042, 42.837005 ], [ 43.610084, 42.810811 ], [ 43.656024, 42.788193 ], [ 43.702065, 42.759122 ], [ 43.739023, 42.745377 ], [ 43.779557, 42.72651 ], [ 43.80768, 42.71651 ], [ 43.886402, 42.705449 ], [ 43.997439, 42.702876 ], [ 44.162042, 42.706897 ], [ 44.310753, 42.715985 ], [ 44.425414, 42.717517 ], [ 44.521953, 42.706792 ], [ 44.656266, 42.700671 ], [ 44.743997, 42.69826 ], [ 44.876436, 42.714325 ], [ 44.957033, 42.686654 ], [ 45.028618, 42.669493 ], [ 45.076907, 42.650985 ], [ 45.132312, 42.628486 ], [ 45.177004, 42.624465 ], [ 45.202054, 42.629705 ], [ 45.282372, 42.596524 ], [ 45.658448, 42.498586 ], [ 45.702774, 42.473234 ], [ 45.732911, 42.4572 ], [ 45.780891, 42.443678 ] ] } },
{ "type": "Feature", "properties": { "fault_id": "F0290", "label": "İsimsiz fay", "catalog_name": "EMME", "slip_type": "Reverse", "rake": 90.0, "dip": 65.0, "upper_km": 3.0, "lower_km": 17.0, "length_km": 103.16282717604901, "width_km": 15.447290865474885, "area_km2": 1593.5861978931462, "mmax": 7.2121380036903346, "slip_rate": 0.4, "slip_rate_min": 0.35, "slip_rate_max": 0.4, "recurrence_years": 3860.5590513093307, "p30": 0.0077407799032352953, "p50": 0.012867982425902702 }, "geometry": { "type": "LineString", "coordinates": [ [ 41.691185, 42.835803 ], [ 41.624619, 42.89115 ], [ 41.562995, 42.912699 ], [ 41.245998, 43.076938 ], [ 41.203894, 43.087239 ], [ 41.124348, 43.10912 ], [ 41.014034, 43.11234 ], [ 40.967632, 43.114219 ], [ 40.928527, 43.10231 ], [ 40.895569, 43.094115 ], [ 40.841698, 43.08866 ], [ 40.806293, 43.093211 ], [ 40.762525, 43.103287 ], [ 40.560232, 43.088529 ] ] } },
{ "type": "Feature", "properties": { "fault_id": "F0291", "label": "İsimsiz fay", "catalog_name": "EMME", "slip_type": "Reverse", "rake": 90.0, "dip": 65.0, "upper_km": 3.0, "lower_km": 17.0, "length_km": 127.91900726830096, "width_km": 15.447290865474885, "area_km2": 1976.0021124962409, "mmax": 7.2962086640910604, "slip_rate": 0.7, "slip_rate_min": 0.68, "slip_rate_max": 0.76, "recurrence_years": 2378.5172029265118, "p30": 0.012533690900106365, "p50": 0.020802088666659224 }, "geometry": { "type": "LineString", "coordinates": [ [ 41.877343, 43.234041 ], [ 42.096758, 43.152607 ], [ 42.233487, 43.133045 ], [ 42.401047, 43.123205 ], [ 42.432928, 43.110154 ], [ 42.480606, 43.118865 ], [ 42.508172, 43.108758 ], [ 42.70468, 43.103689 ], [ 42.809569, 43.090444 ], [ 43.319326, 42.877274 ] ] } },
{ "type": "Feature", "properties": { "fault_id": "F0292", "label": "İsimsiz fay", "catalog_name": "EMME", "slip_type": "Reverse", "rake": 90.0, "dip": 65.0, "upper_km": 3.0, "lower_km": 17.0, "length_km": 57.06871205980638, "width_km": 15.447290865474885, "area_km2": 881.55699450586349, "mmax": 6.980725356031714, "slip_rate": 0.7, "slip_rate_min": 0.68, "slip_rate_max": 0.76, "recurrence_years": 1793.1571148203145, "p30": 0.016591094780246562, "p50": 0.027498616471617665 }, "geometry": { "type": "LineString", "coordinates": [ [ 42.980005, 42.992365 ], [ 42.939021, 43.005453 ], [ 42.909675, 43.016614 ], [ 42.86536, 43.041307 ], [ 42.811133, 43.058353 ], [ 42.757109, 43.068999 ], [ 42.69755, 43.072068 ], [ 42.646842, 43.071036 ], [ 42.598042, 43.058329 ], [ 42.573587, 43.053561 ], [ 42.539725, 43.066656 ], [ 42.327495, 43.112915 ] ] } },
{ "type": "Feature", "properties": { "fault_id": "F0293", "label": "İsimsiz fay", "catalog_name": "EMME", "slip_type": "Reverse", "rake": 90.0, "dip": 45.0, "upper_km": 3.0, "lower_km": 17.0, "length_km": 130.24614967394024, "width_km": 19.798989873223331, "area_km2": 2578.742198420673, "mmax": 7.4002671343841326, "slip_rate": 1.1, "slip_rate_min": 0.2, "slip_rate_max": 2.0, "recurrence_years": 1661.4177063966517, "p30": 0.017894819458746158, "p50": 0.029646440708930633 }, "geometry": { "type": "LineString", "coordinates": [ [ 45.67729, 41.705647 ], [ 45.641071, 41.70936 ], [ 45.613085, 41.718277 ], [ 45.597951, 41.726245 ], [ 45.558281, 41.738715 ], [ 45.476924, 41.813578 ], [ 45.334192, 41.850892 ], [ 45.267435, 41.86509 ], [ 45.23228, 41.870425 ], [ 45.190133, 41.892413 ], [ 45.173752, 41.907338 ], [ 45.14097, 41.938934 ], [ 45.108112, 41.944228 ], [ 45.081132, 41.960025 ], [ 45.050622, 41.984582 ], [ 45.034185, 41.999487 ], [ 45.010691, 42.027537 ], [ 44.983652, 42.038929 ], [ 44.935455, 42.03453 ], [ 44.897826, 42.040638 ], [ 44.860177, 42.052867 ], [ 44.818886, 42.100135 ], [ 44.764699, 42.114935 ], [ 44.686958, 42.126142 ], [ 44.648074, 42.132164 ], [ 44.570357, 42.133652 ], [ 44.517315, 42.141329 ], [ 44.404144, 42.154819 ], [ 44.337065, 42.159439 ] ] } },
{ "type": "Feature", "properties": { "fault_id": "F0294", "label": "Ardahan – Arpaçay", "catalog_name": "EMME", "slip_type": "Sinistral", "rake": 15.0, "dip": 77.5, "upper_km": 3.0, "lower_km": 15.0, "length_km": 147.62177474001336, "width_km": 12.291354171774111, "area_km2": 1814.4715167953614, "mmax": 7.3039251582261571, "slip_rate": 0.2, "slip_rate_min": 0.1, "slip_rate_max": 0.2, "recurrence_years": 9310.7857199007685, "p30": 0.0032168843450286477, "p50": 0.005355722770777338 }, "geometry": { "type": "LineString", "coordinates": [ [ 42.97999, 41.479473 ], [ 43.036693, 41.521392 ], [ 43.097745, 41.558081 ], [ 43.223211, 41.600102 ], [ 43.28135, 41.63701 ], [ 43.336168, 41.658889 ], [ 43.417018, 41.683626 ], [ 43.460626, 41.712858 ], [ 43.465247, 41.714863 ], [ 43.517464, 41.736149 ], [ 43.548416, 41.741757 ], [ 43.586745, 41.741622 ], [ 43.656648, 41.732356 ], [ 43.724083, 41.733124 ], [ 43.755684, 41.726734 ], [ 43.800607, 41.728896 ], [ 43.856684, 41.736205 ], [ 43.925928, 41.76382 ], [ 43.988745, 41.774495 ], [ 44.06083, 41.76837 ], [ 44.114955, 41.758695 ], [ 44.200254, 41.772794 ], [ 44.301251, 41.795347 ], [ 44.429179, 41.763762 ], [ 44.600115, 41.770774 ] ] } },
{ "type": "Feature", "properties": { "fault_id": "F0295", "label": "Hanak – Posof", "catalog_name": "EMME", "slip_type": "Reverse", "rake": 95.0, "dip": 40.0, "upper_km": 3.0, "lower_km": 15.0, "length_km": 136.75793351846355, "width_km": 18.668685922324951, "area_km2": 2553.0909082423918, "mmax": 7.3963596511540679, "slip_rate": 0.4, "slip_rate_min": 0.38, "slip_rate_max": 0.43, "recurrence_years": 4552.9402572616491, "p30": 0.0065674877789841934, "p50": 0.010921833276592796 }, "geometry": { "type": "LineString", "coordinates": [ [ 43.650058, 42.099229 ], [ 43.538446, 42.052055 ], [ 43.42092, 41.995223 ], [ 43.318907, 41.968482 ], [ 43.005365, 42.107274 ], [ 42.938459, 42.122786 ], [ 42.883515, 42.122869 ], [ 42.793955, 42.101643 ], [ 42.755856, 42.100904 ], [ 42.729238, 42.09896 ], [ 42.693767, 42.078378 ], [ 42.644522, 42.070279 ], [ 42.576093, 42.066014 ], [ 42.510601, 42.057732 ], [ 42.487804, 42.058649 ], [ 42.460776, 42.046746 ], [ 42.438958, 42.046967 ], [ 42.402729, 42.051807 ], [ 42.365466, 42.057467 ], [ 42.336471, 42.058478 ], [ 42.296892, 42.053123 ], [ 42.278875, 42.031319 ], [ 42.222988, 42.049092 ], [ 42.154691, 42.047066 ] ] } },
{ "type": "Feature", "properties": { "fault_id": "F0296", "label": "Iğdır açıkları", "catalog_name": "EMME", "slip_type": "Dextral-Normal", "rake": -135.0, "dip": 80.0, "upper_km": 1.0, "lower_km": 35.0, "length_km": 77.933714863217006, "width_km": 34.524504804115331, "area_km2": 2690.6229131976897, "mmax": 7.4784498930283601, "slip_rate": 1.8, "slip_rate_min": 0.5, "slip_rate_max": 3.0, "recurrence_years": 1274.7594595979144, "p30": 0.023259090173325836, "p50": 0.038463820107745628 }, "geometry": { "type": "LineString", "coordinates": [ [ 44.49925, 40.651001 ], [ 44.545036, 40.623965 ], [ 44.579167, 40.57463 ], [ 44.607155, 40.443109 ], [ 44.656245, 40.324217 ], [ 44.707406, 40.24675 ], [ 44.725391, 40.199267 ], [ 44.728815, 40.139049 ], [ 44.776426, 40.07117 ], [ 44.824008, 40.020788 ] ] } },
{ "type": "Feature", "properties": { "fault_id": "F0297", "label": "Iğdır açıkları", "catalog_name": "EMME", "slip_type": "Dextral-Normal", "rake": -115.0, "dip": 60.0, "upper_km": 1.0, "lower_km": 34.5, "length_km": 63.899349235595359, "width_km": 38.682468035704929, "area_km2": 2471.7845343082636, "mmax": 7.3908708227871349, "slip_rate": 1.8, "slip_rate_min": 0.5, "slip_rate_max": 3.0, "recurrence_years": 1025.4201889538631, "p30": 0.028832477031514148, "p50": 0.047590794566586658 }, "geometry": { "type": "LineString", "coordinates": [ [ 44.755825, 40.204583 ], [ 44.809353, 40.106207 ], [ 44.863065, 40.022486 ], [ 44.909427, 39.966068 ], [ 45.004935625051949, 39.866066442568005 ], [ 45.045265417441463, 39.806584659147816 ], [ 45.087524333379996, 39.737303922777606 ], [ 45.099406782008202, 39.704653622965871 ] ] } },
{ "type": "Feature", "properties": { "fault_id": "F0298", "label": "Ardahan – Kars", "catalog_name": "EMME", "slip_type": "Dextral", "rake": 0.0, "dip": 77.5, "upper_km": 1.0, "lower_km": 31.5, "length_km": 52.879451081974899, "width_km": 31.240525186592532, "area_km2": 1651.9818233796245, "mmax": 7.262365369794205, "slip_rate": 2.4, "slip_rate_min": 0.8, "slip_rate_max": 4.0, "recurrence_years": 738.26162409645758, "p30": 0.039821429490987215, "p50": 0.065484128347350401 }, "geometry": { "type": "LineString", "coordinates": [ [ 43.305519, 41.071198 ], [ 43.392127, 41.040376 ], [ 43.454427, 41.021313 ], [ 43.50671, 41.004378 ], [ 43.546367, 40.998468 ], [ 43.600419, 40.981297 ], [ 43.641655, 40.97606 ], [ 43.686289, 40.973278 ], [ 43.735181, 40.963802 ], [ 43.782957, 40.957804 ], [ 43.843638, 40.953285 ], [ 43.90089, 40.955833 ] ] } },
{ "type": "Feature", "properties": { "fault_id": "F0299", "label": "Kars – Iğdır", "catalog_name": "EMME", "slip_type": "Dextral", "rake": 0.0, "dip": 77.5, "upper_km": 1.0, "lower_km": 31.5, "length_km": 61.347352607396282, "width_km": 31.240525186592532, "area_km2": 1916.5235142621366, "mmax": 7.3281644351222761, "slip_rate": 1.4, "slip_rate_min": 0.25, "slip_rate_max": 2.5, "recurrence_years": 1369.2514521999015, "p30": 0.021671505503535027, "p50": 0.035857624002972655 }, "geometry": { "type": "LineString", "coordinates": [ [ 43.964641, 40.964421 ], [ 44.102396, 40.93322 ], [ 44.14508, 40.921977 ], [ 44.200361, 40.912295 ], [ 44.262792, 40.897175 ], [ 44.325568, 40.876136 ], [ 44.358917, 40.845634 ], [ 44.393786, 40.831501 ], [ 44.44336, 40.799732 ], [ 44.482726, 40.782195 ], [ 44.535078, 40.763598 ], [ 44.582672, 40.756066 ], [ 44.611297, 40.746196938787101 ] ] } },
{ "type": "Feature", "properties": { "fault_id": "F0300", "label": "Iğdır açıkları", "catalog_name": "EMME", "slip_type": "Dextral", "rake": 0.0, "dip": 77.5, "upper_km": 1.0, "lower_km": 35.0, "length_km": 61.509800370236114, "width_km": 34.825503486693314, "area_km2": 2142.1097672594674, "mmax": 7.3774585558703532, "slip_rate": 1.6, "slip_rate_min": 1.0, "slip_rate_max": 2.1, "recurrence_years": 1270.8809650477451, "p30": 0.023329238142798747, "p50": 0.038578910669275657 }, "geometry": { "type": "LineString", "coordinates": [ [ 44.387187, 40.887013 ], [ 44.45368, 40.861765 ], [ 44.541783, 40.822379 ], [ 44.627598, 40.78937 ], [ 44.684296, 40.758725 ], [ 44.828485, 40.699973 ], [ 44.990255549004885, 40.633422086704229 ], [ 45.018968608081472, 40.626242536547302 ] ] } },
{ "type": "Feature", "properties": { "fault_id": "F0301", "label": "Iğdır açıkları", "catalog_name": "EMME", "slip_type": "Dextral", "rake": 180.0, "dip": 85.0, "upper_km": 2.0, "lower_km": 20.0, "length_km": 21.128670004226294, "width_km": 18.068757075780251, "area_km2": 381.76880564068978, "mmax": 6.613436448056305, "slip_rate": 1.2, "slip_rate_min": 0.5, "slip_rate_max": 2.0, "recurrence_years": 679.2845424329804, "p30": 0.043203079224045871, "p50": 0.070963133362851205 }, "geometry": { "type": "LineString", "coordinates": [ [ 44.287221, 39.214409 ], [ 44.324643, 39.189461 ], [ 44.369192, 39.130656 ], [ 44.38523, 39.091453 ], [ 44.397704, 39.052249 ] ] } },
{ "type": "Feature", "properties": { "fault_id": "F0302", "label": "Van – Erciş", "catalog_name": "EMME", "slip_type": "Dextral", "rake": 180.0, "dip": 85.0, "upper_km": 0.0, "lower_km": 20.0, "length_km": 99.931271102891756, "width_km": 20.076396750866948, "area_km2": 2006.2598464801001, "mmax": 7.3484349248432208, "slip_rate": 4.5, "slip_rate_min": 3.5, "slip_rate_max": 5.5, "recurrence_years": 436.44692454403264, "p30": 0.066427710954155339, "p50": 0.10824287701725044 }, "geometry": { "type": "LineString", "coordinates": [ [ 44.454124, 38.825398 ], [ 44.279023, 38.936134 ], [ 44.187765, 38.999128 ], [ 44.103521, 39.047688 ], [ 44.032869, 39.070912 ], [ 43.910585, 39.140585 ], [ 43.758405, 39.184922 ], [ 43.472092, 39.254667 ] ] } },
{ "type": "Feature", "properties": { "fault_id": "F0303", "label": "Iğdır açıkları", "catalog_name": "EMME", "slip_type": "Dextral", "rake": 180.0, "dip": 85.0, "upper_km": 2.0, "lower_km": 20.0, "length_km": 20.636173321336262, "width_km": 18.068757075780251, "area_km2": 372.87000271692222, "mmax": 6.6029885948201539, "slip_rate": 1.2, "slip_rate_min": 0.5, "slip_rate_max": 2.0, "recurrence_years": 670.84617142087802, "p30": 0.043734458162305034, "p50": 0.071822910425665243 }, "geometry": { "type": "LineString", "coordinates": [ [ 44.100913, 39.364384 ], [ 44.141305, 39.316865 ], [ 44.186034, 39.246305 ], [ 44.240517, 39.223228 ] ] } },
{ "type": "Feature", "properties": { "fault_id": "F0304", "label": "Iğdır – Van", "catalog_name": "EMME", "slip_type": "Dextral", "rake": 180.0, "dip": 85.0, "upper_km": 2.0, "lower_km": 20.0, "length_km": 102.27712422261574, "width_km": 18.068757075780251, "area_km2": 1848.020511987844, "mmax": 7.3120409230819261, "slip_rate": 2.2, "slip_rate_min": 0.5, "slip_rate_max": 4.0, "recurrence_years": 854.69401288585698, "p30": 0.034491410740070561, "p50": 0.056822201282843432 }, "geometry": { "type": "LineString", "coordinates": [ [ 44.12476, 39.41696 ], [ 44.179412, 39.367065 ], [ 44.207923, 39.348057 ], [ 44.243563, 39.279154 ], [ 44.267322, 39.217379 ], [ 44.288706, 39.143724 ], [ 44.293458, 39.108084 ], [ 44.369489, 39.032054 ], [ 44.417008, 38.989286 ], [ 44.439745, 38.945418 ], [ 44.458291, 38.933926 ], [ 44.540261, 38.841264 ], [ 44.618668, 38.771767 ], [ 44.672127, 38.707616 ], [ 44.725587, 38.65772 ] ] } },
{ "type": "Feature", "properties": { "fault_id": "F0305", "label": "Van açıkları", "catalog_name": "EMME", "slip_type": "Dextral", "rake": 180.0, "dip": 85.0, "upper_km": 2.0, "lower_km": 20.0, "length_km": 33.634431282484847, "width_km": 18.068757075780251, "area_km2": 607.73236822524268, "mmax": 6.8193866151282343, "slip_rate": 2.2, "slip_rate_min": 0.5, "slip_rate_max": 4.0, "recurrence_years": 474.04941980890629, "p30": 0.061323656330345311, "p50": 0.10010234176615729 }, "geometry": { "type": "LineString", "coordinates": [ [ 44.752316, 38.663066 ], [ 44.811122, 38.607825 ], [ 44.939424, 38.54902 ], [ 45.068096, 38.504265 ] ] } },
{ "type": "Feature", "properties": { "fault_id": "F0306", "label": "Iğdır – Yüksekova", "catalog_name": "EMME", "slip_type": "Dextral", "rake": 180.0, "dip": 50.0, "upper_km": 1.0, "lower_km": 20.0, "length_km": 106.93103847386494, "width_km": 24.802738497313292, "area_km2": 2652.182584513419, "mmax": 7.4720754873262845, "slip_rate": 1.0, "slip_rate_min": 1.0, "slip_rate_max": 1.0, "recurrence_years": 2277.1338401088201, "p30": 0.013088052890434354, "p50": 0.021718117413494165 }, "geometry": { "type": "LineString", "coordinates": [ [ 44.58762, 39.417522 ], [ 44.62892, 39.337016 ], [ 44.634475, 39.285421 ], [ 44.672325, 39.204828 ], [ 44.697823, 39.169326 ], [ 44.776324, 39.049687 ], [ 44.870519, 38.964911 ], [ 44.964963, 38.847301 ], [ 45.032678, 38.743946 ], [ 45.114649, 38.660193 ], [ 45.194838, 38.61208 ] ] } },
{ "type": "Feature", "properties": { "fault_id": "F0307", "label": "Van – Hakkâri", "catalog_name": "EMME", "slip_type": "Dextral-Normal", "rake": -150.0, "dip": 85.0, "upper_km": 0.0, "lower_km": 20.0, "length_km": 62.631473918893185, "width_km": 20.076396750866948, "area_km2": 1257.4143194872752, "mmax": 7.1414679698423207, "slip_rate": 1.5, "slip_rate_min": 1.0, "slip_rate_max": 2.0, "recurrence_years": 1022.1415417338759, "p30": 0.028923610272234335, "p50": 0.047739744876998391 }, "geometry": { "type": "LineString", "coordinates": [ [ 44.440792, 38.307099 ], [ 44.482526, 38.277286 ], [ 44.529696, 38.243591 ], [ 44.57376, 38.212114 ], [ 44.609477, 38.186599 ], [ 44.632141, 38.17041 ], [ 44.676835, 38.1445 ], [ 44.67888, 38.143314 ], [ 44.720878, 38.131799 ], [ 44.762975, 38.120355 ], [ 44.809703, 38.108673 ], [ 44.812226, 38.108043 ], [ 44.869686, 38.062896 ], [ 44.927145, 38.042375 ], [ 44.974344, 38.034166 ], [ 45.029751, 38.025958 ] ] } },
{ "type": "Feature", "properties": { "fault_id": "F0308", "label": "Antakya açıkları", "catalog_name": "EMME", "slip_type": "Sinistral-Reverse", "rake": 25.0, "dip": 70.0, "upper_km": 0.0, "lower_km": 18.0, "length_km": 94.873837436772106, "width_km": 19.15519990456642, "area_km2": 1817.3273218147071, "mmax": 7.3046218189639767, "slip_rate": 2.6, "slip_rate_min": 2.35, "slip_rate_max": 2.85, "recurrence_years": 716.81150939990948, "p30": 0.040988302497491635, "p50": 0.067376171461023926 }, "geometry": { "type": "LineString", "coordinates": [ [ 36.372805, 36.232097 ], [ 36.312065, 35.973165 ], [ 36.267103, 35.662481 ], [ 36.248674, 35.384836 ] ] } },
{ "type": "Feature", "properties": { "fault_id": "F0309", "label": "Antakya açıkları", "catalog_name": "EMME", "slip_type": "Sinistral", "rake": 20.0, "dip": 85.0, "upper_km": 0.0, "lower_km": 18.0, "length_km": 68.993619515476453, "width_km": 18.068757075780251, "area_km2": 1246.6289508039556, "mmax": 7.1376519525804802, "slip_rate": 5.0, "slip_rate_min": 3.0, "slip_rate_max": 7.0, "recurrence_years": 305.24563439180241, "p30": 0.093606285507746856, "p50": 0.15109034050202441 }, "geometry": { "type": "LineString", "coordinates": [ [ 36.351751, 35.290998 ], [ 36.337546, 34.977786 ], [ 36.339569, 34.897447 ], [ 36.328736, 34.765419 ], [ 36.3281, 34.6701 ] ] } },
{ "type": "Feature", "properties": { "fault_id": "F0310", "label": "Antakya", "catalog_name": "EMME", "slip_type": "Sinistral", "rake": 20.0, "dip": 85.0, "upper_km": 0.0, "lower_km": 18.0, "length_km": 38.986295992104708, "width_km": 18.068757075780251, "area_km2": 704.43391156580515, "mmax": 6.8847970599033097, "slip_rate": 1.0, "slip_rate_min": 0.5, "slip_rate_max": 1.5, "recurrence_years": 1127.8051679510638, "p30": 0.026249666379525416, "p50": 0.04336551481188089 }, "geometry": { "type": "LineString", "coordinates": [ [ 36.445314, 36.126554 ], [ 36.411535, 36.009661 ], [ 36.371901, 35.780897 ] ] } },
{ "type": "Feature", "properties": { "fault_id": "F0311", "label": "Antakya açıkları", "catalog_name": "EMME", "slip_type": "Sinistral-Normal", "rake": -30.0, "dip": 77.5, "upper_km": 0.0, "lower_km": 18.0, "length_km": 109.77753637256446, "width_km": 18.437031257661165, "area_km2": 2023.9718694900064, "mmax": 7.3523285615374583, "slip_rate": null, "slip_rate_min": null, "slip_rate_max": null, "recurrence_years": null, "p30": null, "p50": null }, "geometry": { "type": "LineString", "coordinates": [ [ 36.815046, 36.222361 ], [ 36.586512, 36.037523 ], [ 36.570196, 36.009668 ], [ 36.502134, 35.880159 ], [ 36.468161, 35.752085 ], [ 36.385553, 35.619852 ], [ 36.381133, 35.521034 ], [ 36.361739, 35.345009 ] ] } },
{ "type": "Feature", "properties": { "fault_id": "F0312", "label": "İsimsiz fay", "catalog_name": "EMME", "slip_type": "Sinistral", "rake": 15.0, "dip": 85.0, "upper_km": 1.0, "lower_km": 18.0, "length_km": 92.906293769084471, "width_km": 17.064937238236904, "area_km2": 1585.4400722066268, "mmax": 7.2441528274632567, "slip_rate": 0.8, "slip_rate_min": 0.5, "slip_rate_max": 1.0, "recurrence_years": 2167.0461917451439, "p30": 0.01374834515149248, "p50": 0.022808737992817241 }, "geometry": { "type": "LineString", "coordinates": [ [ 39.736139, 35.440754 ], [ 39.182894, 35.266842 ], [ 38.855136, 35.044845 ] ] } },
{ "type": "Feature", "properties": { "fault_id": "F0313", "label": "İsimsiz fay", "catalog_name": "EMME", "slip_type": "Dextral", "rake": 165.0, "dip": 75.0, "upper_km": 3.0, "lower_km": 20.0, "length_km": 263.92851703778979, "width_km": 17.59969506697141, "area_km2": 4645.0614193430683, "mmax": 7.720331290044701, "slip_rate": 0.6, "slip_rate_min": 0.1, "slip_rate_max": 1.0, "recurrence_years": 5107.7892427936513, "p30": 0.0058561679174027326, "p50": 0.0097412148282177702 }, "geometry": { "type": "LineString", "coordinates": [ [ 44.804273, 41.245013 ], [ 44.872806, 41.241879 ], [ 45.386452, 41.078851 ], [ 45.528837, 41.050374 ], [ 45.625658, 40.993421 ], [ 45.701122, 40.937891 ], [ 45.768042, 40.900871 ], [ 45.95599, 40.846765 ], [ 46.180957, 40.748519 ], [ 46.336156, 40.670208 ], [ 46.442945, 40.637459 ], [ 46.539766, 40.623221 ], [ 46.694965, 40.56342 ], [ 46.796908, 40.492832 ], [ 46.878641, 40.403949 ], [ 46.915661, 40.321366 ], [ 46.952681, 40.116332 ], [ 47.018178, 40.018087 ], [ 47.106118, 39.922615 ] ] } },
{ "type": "Feature", "properties": { "fault_id": "F0314", "label": "Iğdır", "catalog_name": "EMME", "slip_type": "Dextral", "rake": 180.0, "dip": 85.0, "upper_km": 0.0, "lower_km": 20.0, "length_km": 63.556164818122546, "width_km": 20.076396750866948, "area_km2": 1275.9787808521198, "mmax": 7.1479603213021816, "slip_rate": 0.8, "slip_rate_min": 0.5, "slip_rate_max": 1.0, "recurrence_years": 1931.4603092186435, "p30": 0.015412285259631675, "p50": 0.025554949087741696 }, "geometry": { "type": "LineString", "coordinates": [ [ 44.657041, 39.822048 ], [ 44.602935, 39.885101 ], [ 44.519324, 39.956665 ], [ 44.44841, 40.02817 ], [ 44.397987, 40.053525 ], [ 44.289165, 40.137767 ], [ 44.246964, 40.146338 ], [ 44.12925, 40.201314 ] ] } },
{ "type": "Feature", "properties": { "fault_id": "F0315", "label": "Van açıkları", "catalog_name": "EMME", "slip_type": "Reverse", "rake": 90.0, "dip": 45.0, "upper_km": 0.0, "lower_km": 20.0, "length_km": 58.303872181779859, "width_km": 28.284271247461898, "area_km2": 1649.0825355668096, "mmax": 7.2255181531242068, "slip_rate": 1.4, "slip_rate_min": 1.0, "slip_rate_max": 1.73, "recurrence_years": 1116.3118808205063, "p30": 0.02651631174186575, "p50": 0.043802072411363913 }, "geometry": { "type": "LineString", "coordinates": [ [ 44.855787, 38.329966 ], [ 44.899231, 38.306519 ], [ 44.992172, 38.290954 ], [ 45.050048, 38.288206 ], [ 45.107602, 38.302989 ], [ 45.262259, 38.328163 ], [ 45.321456, 38.355786 ], [ 45.396481, 38.37417 ], [ 45.480015, 38.391317 ] ] } },
{ "type": "Feature", "properties": { "fault_id": "F0316", "label": "Adıyaman – Yeşilyurt", "catalog_name": "EMME", "slip_type": "Sinistral", "rake": 0.0, "dip": 85.0, "upper_km": 0.0, "lower_km": 20.0, "length_km": 26.45941351931225, "width_km": 20.076396750866948, "area_km2": 531.20968360896541, "mmax": 6.7597713030064348, "slip_rate": 5.5, "slip_rate_min": 1.0, "slip_rate_max": 9.9, "recurrence_years": 176.56597906978951, "p30": 0.15625769469481032, "p50": 0.24661602997244192 }, "geometry": { "type": "LineString", "coordinates": [ [ 38.215685, 38.020955 ], [ 38.283674, 38.036037 ], [ 38.343366, 38.042011 ], [ 38.403058, 38.047985 ], [ 38.447245, 38.057309 ], [ 38.507285, 38.074952 ] ] } },
{ "type": "Feature", "properties": { "fault_id": "F0317", "label": "Van", "catalog_name": "EMME", "slip_type": "Reverse", "rake": 90.0, "dip": 45.0, "upper_km": 0.0, "lower_km": 25.0, "length_km": 27.374123914349305, "width_km": 35.35533905932737, "area_km2": 967.82143244386145, "mmax": 7.0172157118128027, "slip_rate": 1.5, "slip_rate_min": 1.0, "slip_rate_max": 2.0, "recurrence_years": 864.60116940291687, "p30": 0.034103003532740539, "p50": 0.056189743287203608 }, "geometry": { "type": "LineString", "coordinates": [ [ 43.550203, 38.60732 ], [ 43.54872, 38.607412 ], [ 43.546993, 38.607413 ], [ 43.539767, 38.607164 ], [ 43.534629, 38.606807 ], [ 43.529011, 38.606273 ], [ 43.523182, 38.605559 ], [ 43.518357, 38.604835 ], [ 43.505539, 38.602559 ], [ 43.501906, 38.60195 ], [ 43.497898, 38.601397 ], [ 43.489847, 38.600546 ], [ 43.473764, 38.599068 ], [ 43.463032, 38.597789 ], [ 43.459654, 38.597473 ], [ 43.455414, 38.597282 ], [ 43.45115, 38.597283 ], [ 43.446869, 38.597425 ], [ 43.43827, 38.59799 ], [ 43.429643, 38.598771 ], [ 43.408038, 38.600964 ], [ 43.399403, 38.60172 ], [ 43.395093, 38.602014 ], [ 43.39079, 38.602219 ], [ 43.3868, 38.602298 ], [ 43.382823, 38.602236 ], [ 43.378863, 38.60199 ], [ 43.374614, 38.601478 ], [ 43.370384, 38.600757 ], [ 43.366169, 38.599883 ], [ 43.361963, 38.598898 ], [ 43.35357, 38.596721 ], [ 43.336805, 38.592077 ], [ 43.32841, 38.589829 ], [ 43.319984, 38.587797 ], [ 43.315752, 38.586923 ], [ 43.311501, 38.586188 ], [ 43.30742, 38.585646 ], [ 43.303324, 38.58522 ], [ 43.291003, 38.584203 ], [ 43.286904, 38.583813 ], [ 43.28282, 38.583326 ], [ 43.278663, 38.582692 ], [ 43.266253, 38.580438 ], [ 43.262114, 38.579761 ], [ 43.257963, 38.579233 ], [ 43.254152, 38.578935 ], [ 43.250328, 38.578798 ], [ 43.246442, 38.578801 ], [ 43.244269, 38.578887 ] ] } },
{ "type": "Feature", "properties": { "fault_id": "F0318", "label": "Edirne açıkları", "catalog_name": "SHARE", "slip_type": "Normal", "rake": -80.0, "dip": 50.0, "upper_km": 0.0, "lower_km": 15.0, "length_km": 92.493156863760461, "width_km": 19.581109339984181, "area_km2": 1811.118617749602, "mmax": 7.2531058329117508, "slip_rate": 0.2, "slip_rate_min": 0.1, "slip_rate_max": 0.4, "recurrence_years": 7826.3741121325411, "p30": 0.003825855380435117, "p50": 0.0063682904120977435 }, "geometry": { "type": "LineString", "coordinates": [ [ 25.057872, 42.229164 ], [ 25.112846, 42.230145 ], [ 25.151935, 42.229548 ], [ 25.191001, 42.227692 ], [ 25.261163, 42.22653 ], [ 25.308897, 42.226711 ], [ 25.364681, 42.22367 ], [ 25.476622, 42.217375 ], [ 25.604959, 42.211505 ], [ 25.762595, 42.203166 ], [ 25.893074, 42.18845 ], [ 25.949372, 42.184035 ], [ 26.068592, 42.177168 ], [ 26.169562, 42.171759 ] ] } },
{ "type": "Feature", "properties": { "fault_id": "F0319", "label": "Edirne açıkları", "catalog_name": "SHARE", "slip_type": "Normal", "rake": -80.0, "dip": 50.0, "upper_km": 1.0, "lower_km": 10.0, "length_km": 49.376831043611006, "width_km": 11.748665603990508, "area_km2": 580.1118765161234, "mmax": 6.7487819919196319, "slip_rate": 0.2, "slip_rate_min": 0.1, "slip_rate_max": 0.4, "recurrence_years": 4280.6525702846748, "p30": 0.006983776538870945, "p50": 0.011612510303740886 }, "geometry": { "type": "LineString", "coordinates": [ [ 24.700097, 42.326179 ], [ 24.751595, 42.320348 ], [ 24.840211, 42.305399 ], [ 24.907933, 42.291545 ], [ 24.984997, 42.279423 ], [ 25.055055, 42.282886 ], [ 25.13095, 42.288849 ], [ 25.202175, 42.288081 ], [ 25.288145, 42.290459 ] ] } },
{ "type": "Feature", "properties": { "fault_id": "F0320", "label": "Edirne açıkları", "catalog_name": "SHARE", "slip_type": "Normal", "rake": -102.0, "dip": 60.0, "upper_km": 1.0, "lower_km": 15.0, "length_km": 55.92351926943261, "width_km": 16.165807537309522, "area_km2": 904.04884931866798, "mmax": 6.9453157357051083, "slip_rate": 0.2, "slip_rate_min": 0.1, "slip_rate_max": 0.4, "recurrence_years": 5415.3989375962146, "p30": 0.0055244419120226151, "p50": 0.0091904375052099807 }, "geometry": { "type": "LineString", "coordinates": [ [ 25.506821, 42.367332 ], [ 25.621613, 42.431445 ], [ 25.706781, 42.464184 ], [ 25.790099, 42.48601 ], [ 25.884525, 42.512232 ], [ 25.930813, 42.531144 ], [ 25.978951, 42.547355 ], [ 26.028943, 42.562215 ], [ 26.067966, 42.566542 ], [ 26.114111, 42.579777 ] ] } },
{ "type": "Feature", "properties": { "fault_id": "F0321", "label": "Edirne açıkları", "catalog_name": "SHARE", "slip_type": "Normal", "rake": -75.0, "dip": 47.5, "upper_km": 1.0, "lower_km": 15.0, "length_km": 65.395205472746937, "width_km": 18.988783868729595, "area_km2": 1241.7754227731543, "mmax": 7.0859239212366729, "slip_rate": 0.2, "slip_rate_min": 0.1, "slip_rate_max": 0.4, "recurrence_years": 6407.5436209669997, "p30": 0.0046710380024200804, "p50": 0.0077729355942369738 }, "geometry": { "type": "LineString", "coordinates": [ [ 25.437081, 41.869472 ], [ 25.48883, 41.854696 ], [ 25.540579, 41.83992 ], [ 25.593322, 41.820711 ], [ 25.646065, 41.801502 ], [ 25.68577, 41.783446 ], [ 25.725474, 41.76539 ], [ 25.782929, 41.751539 ], [ 25.839195, 41.743472 ], [ 25.911091, 41.746929 ], [ 25.970481, 41.748081 ], [ 26.018933, 41.745777 ], [ 26.081451, 41.735404 ], [ 26.123651, 41.72388 ], [ 26.176791, 41.711203 ] ] } },
{ "type": "Feature", "properties": { "fault_id": "F0322", "label": "Edirne açıkları", "catalog_name": "SHARE", "slip_type": "Normal", "rake": -90.0, "dip": 45.0, "upper_km": 1.0, "lower_km": 15.0, "length_km": 64.52334154993784, "width_km": 19.798989873223331, "area_km2": 1277.4969859337496, "mmax": 7.0984870818370833, "slip_rate": 0.2, "slip_rate_min": 0.1, "slip_rate_max": 0.3, "recurrence_years": 6504.5834262339667, "p30": 0.0046015128546920137, "p50": 0.0076574187783877701 }, "geometry": { "type": "LineString", "coordinates": [ [ 26.165951, 42.651068 ], [ 26.330735, 42.668802 ], [ 26.430715, 42.670288 ], [ 26.535991, 42.667751 ], [ 26.628653, 42.664261 ], [ 26.710323, 42.657281 ], [ 26.823603, 42.650577 ], [ 26.882479, 42.650024 ], [ 26.947283, 42.644621 ] ] } },
{ "type": "Feature", "properties": { "fault_id": "F0323", "label": "Edirne – Kırklareli", "catalog_name": "SHARE", "slip_type": "Normal", "rake": -90.0, "dip": 50.0, "upper_km": 1.0, "lower_km": 15.0, "length_km": 42.50359742598868, "width_km": 18.275702050651901, "area_km2": 776.78308263822419, "mmax": 6.8781057537858228, "slip_rate": 0.2, "slip_rate_min": 0.1, "slip_rate_max": 0.4, "recurrence_years": 4996.980120390318, "p30": 0.0059856402939708619, "p50": 0.0099561495091181618 }, "geometry": { "type": "LineString", "coordinates": [ [ 26.849346, 42.733561 ], [ 26.899284, 42.73456 ], [ 26.949223, 42.735559 ], [ 26.999161, 42.736558 ], [ 27.045709, 42.737258 ], [ 27.092256, 42.737957 ], [ 27.140113, 42.739505 ], [ 27.187969, 42.741052 ], [ 27.229014, 42.74255 ], [ 27.27006, 42.744047 ], [ 27.31829, 42.741051 ], [ 27.36652, 42.738055 ] ] } },
{ "type": "Feature", "properties": { "fault_id": "F0324", "label": "Edirne – Kırklareli", "catalog_name": "SHARE", "slip_type": "Normal", "rake": -75.0, "dip": 50.0, "upper_km": 0.0, "lower_km": 10.0, "length_km": 69.482309290483784, "width_km": 13.054072893322786, "area_km2": 907.02713027437437, "mmax": 6.9467726830761389, "slip_rate": 0.2, "slip_rate_min": 0.1, "slip_rate_max": 0.3, "recurrence_years": 5424.8470332552006, "p30": 0.0055148469382260146, "p50": 0.0091745047818648784 }, "geometry": { "type": "LineString", "coordinates": [ [ 27.126404, 42.862928 ], [ 27.181815, 42.851943 ], [ 27.237225, 42.840958 ], [ 27.292636, 42.829973 ], [ 27.340864, 42.823232 ], [ 27.389092, 42.816491 ], [ 27.436294, 42.811998 ], [ 27.483496, 42.807504 ], [ 27.530698, 42.801512 ], [ 27.5779, 42.79552 ], [ 27.625102, 42.782788 ], [ 27.672304, 42.770055 ], [ 27.725664, 42.747586 ], [ 27.779024, 42.725117 ], [ 27.858036, 42.710887 ], [ 27.937048, 42.696656 ] ] } },
{ "type": "Feature", "properties": { "fault_id": "F0325", "label": "Edirne açıkları", "catalog_name": "SHARE", "slip_type": "Normal", "rake": -75.0, "dip": 50.0, "upper_km": 1.0, "lower_km": 15.0, "length_km": 53.492227233560214, "width_km": 18.275702050651901, "area_km2": 977.60800694631394, "mmax": 6.9799680449331341, "slip_rate": 0.2, "slip_rate_min": 0.1, "slip_rate_max": 0.3, "recurrence_years": 5644.6376354688682, "p30": 0.0053006802736216274, "p50": 0.0088188483510727167 }, "geometry": { "type": "LineString", "coordinates": [ [ 26.40949, 42.809348 ], [ 26.466952, 42.825077 ], [ 26.524414, 42.840806 ], [ 26.569565, 42.849794 ], [ 26.614716, 42.858781 ], [ 26.661918, 42.864773 ], [ 26.70912, 42.870764 ], [ 26.756321, 42.877255 ], [ 26.803523, 42.883747 ], [ 26.850724, 42.890238 ], [ 26.899466, 42.895106 ], [ 26.948208, 42.899975 ], [ 26.99695, 42.904843 ], [ 27.045692, 42.909711 ] ] } },
{ "type": "Feature", "properties": { "fault_id": "F0326", "label": "Edirne açıkları", "catalog_name": "SHARE", "slip_type": "Normal", "rake": -90.0, "dip": 45.0, "upper_km": 1.0, "lower_km": 15.0, "length_km": 40.056562793371526, "width_km": 19.798989873223331, "area_km2": 793.07948110209725, "mmax": 6.8873030480422743, "slip_rate": 0.2, "slip_rate_min": 0.1, "slip_rate_max": 0.3, "recurrence_years": 5052.2706530582764, "p30": 0.0059203295359359087, "p50": 0.0098477306687630994 }, "geometry": { "type": "LineString", "coordinates": [ [ 25.298918, 42.589954 ], [ 25.355014, 42.597443 ], [ 25.393881, 42.602742 ], [ 25.459337, 42.604933 ], [ 25.507565, 42.604933 ], [ 25.554113, 42.605633 ], [ 25.591988, 42.612199 ], [ 25.64198, 42.614901 ], [ 25.686417, 42.621655 ], [ 25.734555, 42.625708 ], [ 25.780843, 42.62841 ] ] } },
{ "type": "Feature", "properties": { "fault_id": "F0327", "label": "Kırklareli açıkları", "catalog_name": "SHARE", "slip_type": "Normal", "rake": -75.0, "dip": 60.0, "upper_km": 1.0, "lower_km": 15.0, "length_km": 96.498315275546659, "width_km": 16.165807537309522, "area_km2": 1559.9731924191028, "mmax": 7.1869794779278457, "slip_rate": 0.2, "slip_rate_min": 0.1, "slip_rate_max": 0.2, "recurrence_years": 7231.0411214511905, "p30": 0.0041401858691358928, "p50": 0.0068907825401085532 }, "geometry": { "type": "LineString", "coordinates": [ [ 26.880115, 43.099916 ], [ 27.005149, 43.090696 ], [ 27.100489, 43.079172 ], [ 27.202081, 43.068799 ], [ 27.281824, 43.060798 ], [ 27.37812, 43.046735 ], [ 27.474408, 43.03736 ], [ 27.577128, 43.032672 ], [ 27.658461, 43.025006 ], [ 27.738169, 43.019244 ], [ 27.849137, 43.015786 ], [ 27.953857, 43.003109 ], [ 28.052321, 42.996195 ] ] } },
{ "type": "Feature", "properties": { "fault_id": "F0328", "label": "Edirne açıkları", "catalog_name": "SHARE", "slip_type": "Normal", "rake": -90.0, "dip": 45.0, "upper_km": 1.0, "lower_km": 12.0, "length_km": 27.132417384960426, "width_km": 15.556349186104045, "area_km2": 422.08135910356435, "mmax": 6.607904095744356, "slip_rate": 0.2, "slip_rate_min": 0.1, "slip_rate_max": 0.3, "recurrence_years": 3616.6686442388532, "p30": 0.0082606183647109255, "p50": 0.013729752485221569 }, "geometry": { "type": "LineString", "coordinates": [ [ 25.810466, 42.681079 ], [ 25.851198, 42.691992 ], [ 25.886378, 42.69472 ], [ 25.928958, 42.694046 ], [ 25.97895, 42.696748 ], [ 26.02709, 42.69472 ], [ 26.06597, 42.690627 ], [ 26.13633, 42.683807 ] ] } },
{ "type": "Feature", "properties": { "fault_id": "F0329", "label": "Edirne açıkları", "catalog_name": "SHARE", "slip_type": "Normal", "rake": -105.0, "dip": 45.0, "upper_km": 1.0, "lower_km": 12.0, "length_km": 36.934376958707638, "width_km": 15.556349186104045, "area_km2": 574.56406494085161, "mmax": 6.7445252295578255, "slip_rate": 0.2, "slip_rate_min": 0.1, "slip_rate_max": 0.3, "recurrence_years": 4258.9067738124222, "p30": 0.0070193099608064635, "p50": 0.011671455918060292 }, "geometry": { "type": "LineString", "coordinates": [ [ 24.97428, 42.652604 ], [ 25.050135, 42.654818 ], [ 25.091021, 42.658168 ], [ 25.152949, 42.664271 ], [ 25.216941, 42.673426 ], [ 25.274741, 42.68258 ], [ 25.326349, 42.696312 ], [ 25.375889, 42.705466 ], [ 25.413336, 42.712798 ] ] } },
{ "type": "Feature", "properties": { "fault_id": "F0330", "label": "Edirne açıkları", "catalog_name": "SHARE", "slip_type": "Normal", "rake": -75.0, "dip": 50.0, "upper_km": 1.0, "lower_km": 15.0, "length_km": 58.335075943588102, "width_km": 18.275702050651901, "area_km2": 1066.1144670471674, "mmax": 7.0183599134493164, "slip_rate": 0.2, "slip_rate_min": 0.1, "slip_rate_max": 0.4, "recurrence_years": 5909.963287621079, "p30": 0.0050633116676153112, "p50": 0.0084246019056705146 }, "geometry": { "type": "LineString", "coordinates": [ [ 24.499457, 42.143457 ], [ 24.605985, 42.103962 ], [ 24.727825, 42.060055 ], [ 24.819049, 42.028924 ], [ 24.917585, 41.975607 ], [ 25.013465, 41.92229 ], [ 25.106681, 41.886745 ] ] } },
{ "type": "Feature", "properties": { "fault_id": "F0331", "label": "Edirne açıkları", "catalog_name": "SHARE", "slip_type": "Normal", "rake": -80.0, "dip": 50.0, "upper_km": 1.0, "lower_km": 10.0, "length_km": 47.843467765460318, "width_km": 11.748665603990508, "area_km2": 562.0969041116922, "mmax": 6.7348074171810968, "slip_rate": 0.2, "slip_rate_min": 0.1, "slip_rate_max": 0.4, "recurrence_years": 4209.6761033481489, "p30": 0.0071011061563587274, "p50": 0.011807140488591217 }, "geometry": { "type": "LineString", "coordinates": [ [ 25.484741, 42.301828 ], [ 25.569977, 42.302694 ], [ 25.626642, 42.303631 ], [ 25.719304, 42.309448 ], [ 25.810396, 42.312938 ], [ 25.887354, 42.309448 ], [ 25.973734, 42.307121 ], [ 26.061684, 42.301305 ] ] } },
{ "type": "Feature", "properties": { "fault_id": "F0332", "label": "Keşan açıkları", "catalog_name": "SHARE", "slip_type": "Dextral-Normal", "rake": -115.0, "dip": 55.0, "upper_km": 0.0, "lower_km": 14.0, "length_km": 123.97367115129833, "width_km": 17.090844242660385, "area_km2": 2118.8147038376392, "mmax": 7.3226148376893168, "slip_rate": 0.3, "slip_rate_min": 0.2, "slip_rate_max": 0.5, "recurrence_years": 5670.0484376748482, "p30": 0.0052769876155136508, "p50": 0.0087794999400585549 }, "geometry": { "type": "LineString", "coordinates": [ [ 25.826633, 41.086023 ], [ 25.786962, 41.091728 ], [ 25.743292, 41.1 ], [ 25.689884, 41.112959 ], [ 25.644498, 41.125049 ], [ 25.603306, 41.134447 ], [ 25.566469, 41.142816 ], [ 25.512679, 41.155323 ], [ 25.479725, 41.163574 ], [ 25.454503, 41.171359 ], [ 25.435676, 41.175845 ], [ 25.42091, 41.177989 ], [ 25.407814, 41.177398 ], [ 25.391658, 41.174632 ], [ 25.376025, 41.170056 ], [ 25.349548, 41.161686 ], [ 25.305744, 41.150561 ], [ 25.28464, 41.142506 ], [ 25.251065, 41.134275 ], [ 25.234943, 41.131937 ], [ 25.224281, 41.13262 ], [ 25.216603, 41.133686 ], [ 25.207721, 41.134328 ], [ 25.197584, 41.133202 ], [ 25.185599, 41.130319 ], [ 25.168193, 41.125307 ], [ 25.158567, 41.121921 ], [ 25.144873, 41.120867 ], [ 25.13001, 41.120284 ], [ 25.112214, 41.120659 ], [ 25.091676, 41.123979 ], [ 25.074362, 41.127232 ], [ 25.055369, 41.131161 ], [ 25.039714, 41.13518 ], [ 25.033268, 41.137556 ], [ 25.017327, 41.140125 ], [ 25.000681, 41.139563 ], [ 24.9724, 41.14184 ], [ 24.956765, 41.144722 ], [ 24.945815, 41.147831 ], [ 24.930547, 41.149095 ], [ 24.916664, 41.148406 ], [ 24.895239, 41.147025 ], [ 24.872523, 41.142523 ], [ 24.848474, 41.133553 ], [ 24.815387, 41.120258 ], [ 24.787028, 41.10597 ], [ 24.762167, 41.089367 ], [ 24.732261, 41.064727 ], [ 24.697504, 41.039627 ], [ 24.669696, 41.018896 ], [ 24.642136, 41.005872 ], [ 24.600179, 40.988512 ], [ 24.563718, 40.977452 ], [ 24.536421, 40.966303 ], [ 24.479029, 40.94717 ] ] } },
{ "type": "Feature", "properties": { "fault_id": "F0333", "label": "Edirne", "catalog_name": "SHARE", "slip_type": "Normal", "rake": -105.0, "dip": 62.5, "upper_km": 0.0, "lower_km": 14.0, "length_km": 38.844453924948887, "width_km": 15.783347256128792, "area_km2": 613.09550527216334, "mmax": 6.7732786948824888, "slip_rate": 0.3, "slip_rate_min": 0.3, "slip_rate_max": 0.3, "recurrence_years": 2938.646866909824, "p30": 0.01015684749384993, "p50": 0.016870702284836003 }, "geometry": { "type": "LineString", "coordinates": [ [ 26.574329, 41.619393 ], [ 26.515996, 41.610655 ], [ 26.481553, 41.604809 ], [ 26.447109, 41.598963 ], [ 26.40708, 41.592752 ], [ 26.367051, 41.586541 ], [ 26.328418, 41.58033 ], [ 26.289786, 41.574118 ], [ 26.238586, 41.566811 ], [ 26.208797, 41.559869 ], [ 26.165257, 41.551238 ], [ 26.121717, 41.542607 ] ] } },
{ "type": "Feature", "properties": { "fault_id": "F0334", "label": "Keşan – Çanakkale", "catalog_name": "SHARE", "slip_type": "Sinistral", "rake": 22.0, "dip": 75.0, "upper_km": 0.0, "lower_km": 19.0, "length_km": 128.14093758234051, "width_km": 19.670247427791576, "area_km2": 2520.5639478738344, "mmax": 7.44952767456925, "slip_rate": 2.6, "slip_rate_min": 2.0, "slip_rate_max": 3.2, "recurrence_years": 852.50942484677955, "p30": 0.034578250290372758, "p50": 0.056963582176495109 }, "geometry": { "type": "LineString", "coordinates": [ [ 26.608157, 40.578963 ], [ 26.551118, 40.574022 ], [ 26.506012, 40.568668 ], [ 26.454762, 40.560078 ], [ 26.409486, 40.551278 ], [ 26.349197, 40.540655 ], [ 26.291971, 40.526886 ], [ 26.241925, 40.511777 ], [ 26.161391, 40.483999 ], [ 26.078779, 40.461778 ], [ 25.976645, 40.4491 ], [ 25.885064, 40.441799 ], [ 25.793483, 40.432251 ], [ 25.716211, 40.415403 ], [ 25.642517, 40.395184 ], [ 25.576486, 40.37452 ], [ 25.474729, 40.345167 ], [ 25.388685, 40.33019 ], [ 25.335652, 40.33266 ], [ 25.273129, 40.339636 ], [ 25.209357, 40.356467 ], [ 25.159836, 40.36741 ] ] } },
{ "type": "Feature", "properties": { "fault_id": "F0335", "label": "İsimsiz fay", "catalog_name": "SHARE", "slip_type": "Normal", "rake": -90.0, "dip": 52.5, "upper_km": 0.5, "lower_km": 11.0, "length_km": 93.065597661398428, "width_km": 13.234960347107776, "area_km2": 1231.7194947284945, "mmax": 7.082322051467699, "slip_rate": 0.6, "slip_rate_min": 0.1, "slip_rate_max": 1.0, "recurrence_years": 2126.6634001515654, "p30": 0.014007572805924129, "p50": 0.02323677750147557 }, "geometry": { "type": "LineString", "coordinates": [ [ 25.356338, 35.481539 ], [ 25.28429, 35.48544 ], [ 25.204786, 35.48739 ], [ 25.135222, 35.481539 ], [ 25.070626, 35.473739 ], [ 24.9787, 35.469838 ], [ 24.921558, 35.467888 ], [ 24.864416, 35.465938 ], [ 24.796094, 35.470814 ], [ 24.727772, 35.475689 ], [ 24.668145, 35.474714 ], [ 24.608518, 35.473739 ], [ 24.540195, 35.467888 ], [ 24.471872, 35.462037 ], [ 24.406034, 35.462037 ], [ 24.340196, 35.462037 ] ] } },
{ "type": "Feature", "properties": { "fault_id": "F0336", "label": "İsimsiz fay", "catalog_name": "SHARE", "slip_type": "Normal", "rake": -85.0, "dip": 75.0, "upper_km": 0.5, "lower_km": 11.0, "length_km": 36.578849578033811, "width_km": 10.870399894305871, "area_km2": 397.62672258688912, "mmax": 6.5814650748285288, "slip_rate": 0.6, "slip_rate_min": 0.1, "slip_rate_max": 1.0, "recurrence_years": 1168.0180214158654, "p30": 0.025357493492290994, "p50": 0.041904250469336324 }, "geometry": { "type": "LineString", "coordinates": [ [ 26.171238, 35.442535 ], [ 26.140597, 35.413932 ], [ 26.109955, 35.385329 ], [ 26.079314, 35.356726 ], [ 26.049967, 35.332148 ], [ 26.020619, 35.307569 ], [ 25.982786, 35.276615 ], [ 25.944953, 35.24566 ], [ 25.920177, 35.225235 ], [ 25.895401, 35.204809 ] ] } },
{ "type": "Feature", "properties": { "fault_id": "F0337", "label": "İsimsiz fay", "catalog_name": "SHARE", "slip_type": "Normal", "rake": -70.0, "dip": 60.0, "upper_km": 2.0, "lower_km": 11.5, "length_km": 40.374883183966837, "width_km": 10.96965511460289, "area_km2": 442.89854382049606, "mmax": 6.6292303374443078, "slip_rate": 0.6, "slip_rate_min": 0.1, "slip_rate_max": 1.0, "recurrence_years": 1236.7124950163795, "p30": 0.023966003953543868, "p50": 0.039623389264502928 }, "geometry": { "type": "LineString", "coordinates": [ [ 26.453373, 35.564118 ], [ 26.408302, 35.559153 ], [ 26.371351, 35.554143 ], [ 26.330621, 35.551428 ], [ 26.290018, 35.546638 ], [ 26.253217, 35.542626 ], [ 26.208238, 35.541823 ], [ 26.167348, 35.542626 ], [ 26.117258, 35.542626 ], [ 26.07228, 35.546638 ], [ 26.042217, 35.54793 ], [ 26.012154, 35.549222 ] ] } },
{ "type": "Feature", "properties": { "fault_id": "F0338", "label": "İsimsiz fay", "catalog_name": "SHARE", "slip_type": "Normal", "rake": -110.0, "dip": 80.0, "upper_km": 0.5, "lower_km": 11.0, "length_km": 80.411563063292746, "width_km": 10.661979424800323, "area_km2": 857.34643089686097, "mmax": 6.9218194711250849, "slip_rate": 1.2, "slip_rate_min": 0.5, "slip_rate_max": 2.0, "recurrence_years": 877.54695111754052, "p30": 0.033608459089132348, "p50": 0.055384212649189468 }, "geometry": { "type": "LineString", "coordinates": [ [ 26.245773, 34.978385 ], [ 26.260677, 35.031041 ], [ 26.280553, 35.081746 ], [ 26.301671, 35.130502 ], [ 26.322789, 35.179257 ], [ 26.342665, 35.222162 ], [ 26.362541, 35.265066 ], [ 26.407261, 35.319672 ], [ 26.438317, 35.352825 ], [ 26.469373, 35.385979 ], [ 26.501671, 35.421083 ], [ 26.533969, 35.456187 ], [ 26.568753, 35.520544 ], [ 26.583657, 35.581 ], [ 26.589488, 35.630723 ] ] } },
{ "type": "Feature", "properties": { "fault_id": "F0339", "label": "İsimsiz fay", "catalog_name": "SHARE", "slip_type": "Normal", "rake": -110.0, "dip": 80.0, "upper_km": 1.0, "lower_km": 11.0, "length_km": 46.149028034381374, "width_km": 10.15426611885745, "area_km2": 468.60951178772137, "mmax": 6.6542273216074852, "slip_rate": 1.2, "slip_rate_min": 0.5, "slip_rate_max": 2.0, "recurrence_years": 637.12901298582449, "p30": 0.045994864959827075, "p50": 0.075476714654493793 }, "geometry": { "type": "LineString", "coordinates": [ [ 26.607841, 35.281323 ], [ 26.616278, 35.325345 ], [ 26.624715, 35.369367 ], [ 26.631516, 35.402051 ], [ 26.638317, 35.434734 ], [ 26.644527, 35.473738 ], [ 26.650737, 35.512743 ], [ 26.655707, 35.547847 ], [ 26.660677, 35.58295 ], [ 26.665645, 35.616103 ], [ 26.670613, 35.649257 ], [ 26.672042, 35.672544 ], [ 26.673253, 35.692037 ] ] } },
{ "type": "Feature", "properties": { "fault_id": "F0340", "label": "Milas açıkları", "catalog_name": "SHARE", "slip_type": "Normal", "rake": -90.0, "dip": 60.0, "upper_km": 0.5, "lower_km": 12.0, "length_km": 31.292455803572253, "width_km": 13.279056191361393, "area_km2": 415.5342789813289, "mmax": 6.6009789933023582, "slip_rate": 0.6, "slip_rate_min": 0.1, "slip_rate_max": 1.0, "recurrence_years": 1195.6088709420949, "p30": 0.024779634712047804, "p50": 0.040957316170327829 }, "geometry": { "type": "LineString", "coordinates": [ [ 26.844641, 36.210946 ], [ 26.882307, 36.218138 ], [ 26.932189, 36.227727 ], [ 26.970873, 36.23412 ], [ 27.002431, 36.237316 ], [ 27.033988, 36.240512 ], [ 27.068091, 36.24251 ], [ 27.102194, 36.244508 ], [ 27.14495, 36.245707 ], [ 27.187706, 36.246905 ] ] } },
{ "type": "Feature", "properties": { "fault_id": "F0341", "label": "Ezine açıkları", "catalog_name": "SHARE", "slip_type": "Normal", "rake": -110.0, "dip": 62.5, "upper_km": 0.5, "lower_km": 14.0, "length_km": 36.966553201116668, "width_km": 15.219656282695622, "area_km2": 562.6182336769773, "mmax": 6.7352180789981295, "slip_rate": 0.6, "slip_rate_min": 0.1, "slip_rate_max": 1.0, "recurrence_years": 1403.914987760551, "p30": 0.021142119726859865, "p50": 0.03498795135937427 }, "geometry": { "type": "LineString", "coordinates": [ [ 24.724206, 39.298132 ], [ 24.76618, 39.294219 ], [ 24.808153, 39.290305 ], [ 24.853538, 39.289041 ], [ 24.898922, 39.287778 ], [ 24.943803, 39.288621 ], [ 24.988683, 39.289464 ], [ 25.027198, 39.293362 ], [ 25.065712, 39.29726 ], [ 25.106419, 39.304101 ], [ 25.147126, 39.310941 ] ] } },
{ "type": "Feature", "properties": { "fault_id": "F0342", "label": "Çeşme – Ezine", "catalog_name": "SHARE", "slip_type": "Sinistral", "rake": 20.0, "dip": 80.0, "upper_km": 0.5, "lower_km": 18.0, "length_km": 69.719485012812385, "width_km": 17.769965708000537, "area_km2": 1238.9128578571335, "mmax": 7.1349015754282119, "slip_rate": 0.8, "slip_rate_min": 0.7, "slip_rate_max": 0.9, "recurrence_years": 1901.5176512847818, "p30": 0.015653068778837653, "p50": 0.02595208855047082 }, "geometry": { "type": "LineString", "coordinates": [ [ 24.830992, 38.874642 ], [ 24.868155, 38.902841 ], [ 24.906556, 38.933957 ], [ 24.956107, 38.97577 ], [ 24.990792, 39.004941 ], [ 24.999464, 39.017582 ], [ 25.006896, 39.038003 ], [ 25.023, 39.05745 ], [ 25.046536, 39.080787 ], [ 25.088654, 39.1226 ], [ 25.129532, 39.162468 ], [ 25.165734, 39.197335 ], [ 25.211437, 39.239191 ], [ 25.25714, 39.281046 ], [ 25.296293, 39.318799 ], [ 25.335447, 39.356552 ] ] } },
{ "type": "Feature", "properties": { "fault_id": "F0343", "label": "Ezine – Çeşme", "catalog_name": "SHARE", "slip_type": "Sinistral", "rake": 15.0, "dip": 70.0, "upper_km": 0.0, "lower_km": 17.0, "length_km": 39.378055299549182, "width_km": 18.091022132090508, "area_km2": 712.38926994282815, "mmax": 6.8897717168558383, "slip_rate": 0.8, "slip_rate_min": 0.6, "slip_rate_max": 0.9, "recurrence_years": 1418.1721880054426, "p30": 0.020931813553805911, "p50": 0.034642374251939723 }, "geometry": { "type": "LineString", "coordinates": [ [ 25.4447, 39.326281 ], [ 25.425628, 39.30917 ], [ 25.406556, 39.292059 ], [ 25.383394, 39.267462 ], [ 25.360232, 39.242865 ], [ 25.32481, 39.212921 ], [ 25.289388, 39.182977 ], [ 25.253966, 39.153033 ], [ 25.223994, 39.123089 ], [ 25.194022, 39.093145 ], [ 25.174948, 39.073896 ], [ 25.155874, 39.054646 ] ] } },
{ "type": "Feature", "properties": { "fault_id": "F0344", "label": "Ayvalık açıkları", "catalog_name": "SHARE", "slip_type": "Sinistral", "rake": 15.0, "dip": 80.0, "upper_km": 0.0, "lower_km": 15.0, "length_km": 55.339489835521938, "width_km": 15.231399178286175, "area_km2": 842.89786000754498, "mmax": 6.9642904502535501, "slip_rate": 1.2, "slip_rate_min": 0.5, "slip_rate_max": 2.0, "recurrence_years": 1033.6136199194514, "p30": 0.028607223567959084, "p50": 0.047222595031652825 }, "geometry": { "type": "LineString", "coordinates": [ [ 26.001716, 38.97414 ], [ 26.020851, 38.989712 ], [ 26.058929, 39.019602 ], [ 26.09453, 39.05066 ], [ 26.134291, 39.086471 ], [ 26.162838, 39.111539 ], [ 26.191384, 39.136606 ], [ 26.215343, 39.160082 ], [ 26.239301, 39.183557 ], [ 26.265808, 39.22096 ], [ 26.277023, 39.254383 ], [ 26.291296, 39.288602 ], [ 26.311687, 39.325208 ], [ 26.333096, 39.35704 ], [ 26.354506, 39.379322 ] ] } },
{ "type": "Feature", "properties": { "fault_id": "F0345", "label": "Ayvalık – Foça", "catalog_name": "SHARE", "slip_type": "Normal", "rake": -95.0, "dip": 67.5, "upper_km": 0.0, "lower_km": 14.5, "length_km": 29.400564774623202, "width_km": 15.694686904239713, "area_km2": 461.43265894553019, "mmax": 6.6473904960413037, "slip_rate": 1.0, "slip_rate_min": 0.5, "slip_rate_max": 1.5, "recurrence_years": 758.32637263341974, "p30": 0.03878849202855561, "p50": 0.063807977353001921 }, "geometry": { "type": "LineString", "coordinates": [ [ 26.640303, 39.017339 ], [ 26.592081, 38.999927 ], [ 26.551575, 38.988571 ], [ 26.510104, 38.974944 ], [ 26.484065, 38.970402 ], [ 26.458989, 38.968131 ], [ 26.427163, 38.962832 ], [ 26.397265, 38.954504 ], [ 26.362546, 38.943905 ], [ 26.325897, 38.925736 ] ] } },
{ "type": "Feature", "properties": { "fault_id": "F0346", "label": "Urla açıkları", "catalog_name": "SHARE", "slip_type": "Normal", "rake": -90.0, "dip": 60.0, "upper_km": 0.5, "lower_km": 15.0, "length_km": 27.712046063238219, "width_km": 16.743157806499148, "area_km2": 463.98716037777098, "mmax": 6.649836082020891, "slip_rate": 0.8, "slip_rate_min": 0.5, "slip_rate_max": 1.0, "recurrence_years": 950.685606210282, "p30": 0.031063473698725974, "p50": 0.051234509010134599 }, "geometry": { "type": "LineString", "coordinates": [ [ 25.771674, 38.522069 ], [ 25.72944, 38.511375 ], [ 25.687206, 38.500681 ], [ 25.631348, 38.491056 ], [ 25.57549, 38.481431 ], [ 25.520994, 38.469667 ], [ 25.466498, 38.457903 ] ] } },
{ "type": "Feature", "properties": { "fault_id": "F0347", "label": "Urla – Çeşme", "catalog_name": "SHARE", "slip_type": "Normal", "rake": -105.0, "dip": 60.0, "upper_km": 0.0, "lower_km": 14.5, "length_km": 56.273075249333289, "width_km": 16.743157806499148, "area_km2": 942.18897915658863, "mmax": 6.9636207803614543, "slip_rate": 2.9, "slip_rate_min": 2.2, "slip_rate_max": 3.6, "recurrence_years": 381.74547507848359, "p30": 0.075577807293208066, "p50": 0.12276233181250307 }, "geometry": { "type": "LineString", "coordinates": [ [ 25.832965, 38.609079 ], [ 25.887298, 38.613328 ], [ 25.943594, 38.618852 ], [ 25.978779, 38.623271 ], [ 26.030852, 38.626585 ], [ 26.062519, 38.628518 ], [ 26.094185, 38.630451 ], [ 26.128666, 38.635147 ], [ 26.163147, 38.639842 ], [ 26.202554, 38.645918 ], [ 26.241961, 38.651994 ], [ 26.273628, 38.657518 ], [ 26.305294, 38.663042 ], [ 26.357367, 38.676299 ], [ 26.405219, 38.689556 ], [ 26.461514, 38.70668 ] ] } },
{ "type": "Feature", "properties": { "fault_id": "F0348", "label": "Çeşme – Kuşadası", "catalog_name": "SHARE", "slip_type": "Dextral-Normal", "rake": -135.0, "dip": 72.5, "upper_km": 0.5, "lower_km": 15.0, "length_km": 52.797140209659929, "width_km": 15.203672314541755, "area_km2": 802.71041889258595, "mmax": 6.9426500779995521, "slip_rate": 0.6, "slip_rate_min": 0.1, "slip_rate_max": 1.0, "recurrence_years": 2014.3907193436175, "p30": 0.014782490790407277, "p50": 0.02451588313008124 }, "geometry": { "type": "LineString", "coordinates": [ [ 26.237614, 37.435528 ], [ 26.274398, 37.46975 ], [ 26.311182, 37.503972 ], [ 26.335705, 37.528925 ], [ 26.360227, 37.553879 ], [ 26.38475, 37.578832 ], [ 26.422898, 37.610915 ], [ 26.461046, 37.642998 ], [ 26.495106, 37.675081 ], [ 26.529166, 37.707164 ], [ 26.562276, 37.736197 ], [ 26.595386, 37.76523 ], [ 26.619546, 37.798168 ] ] } },
{ "type": "Feature", "properties": { "fault_id": "F0349", "label": "Söke – Kuşadası", "catalog_name": "SHARE", "slip_type": "Normal", "rake": -90.0, "dip": 57.5, "upper_km": 0.5, "lower_km": 15.0, "length_km": 44.524105547618007, "width_km": 17.192491187795333, "area_km2": 765.48029227189193, "mmax": 6.8716126942986495, "slip_rate": 1.1, "slip_rate_min": 0.1, "slip_rate_max": 2.0, "recurrence_years": 901.51111897287649, "p30": 0.032729856204787078, "p50": 0.053952436791813274 }, "geometry": { "type": "LineString", "coordinates": [ [ 27.099063, 37.79139 ], [ 27.064582, 37.799123 ], [ 27.030101, 37.806856 ], [ 26.987879, 37.81238 ], [ 26.945657, 37.817904 ], [ 26.906954, 37.820666 ], [ 26.868251, 37.823428 ], [ 26.827437, 37.825085 ], [ 26.786622, 37.826742 ], [ 26.741586, 37.82619 ], [ 26.696549, 37.825637 ], [ 26.647994, 37.823428 ], [ 26.599439, 37.821218 ] ] } },
{ "type": "Feature", "properties": { "fault_id": "F0350", "label": "İsimsiz fay", "catalog_name": "SHARE", "slip_type": "Normal", "rake": -90.0, "dip": 60.0, "upper_km": 0.0, "lower_km": 13.0, "length_km": 41.944115285598798, "width_km": 15.01110699893027, "area_km2": 629.62760252759028, "mmax": 6.7850654341794243, "slip_rate": 0.3, "slip_rate_min": 0.05, "slip_rate_max": 0.5, "recurrence_years": 2980.3816638428525, "p30": 0.010015334049431557, "p50": 0.016636435130413241 }, "geometry": { "type": "LineString", "coordinates": [ [ 24.874105, 36.890958 ], [ 24.90563, 36.893496 ], [ 24.937154, 36.896034 ], [ 24.973528, 36.903014 ], [ 25.009902, 36.909993 ], [ 25.06325, 36.922683 ], [ 25.097604, 36.927759 ], [ 25.131957, 36.932835 ], [ 25.169544, 36.941084 ], [ 25.20713, 36.949332 ], [ 25.23825, 36.95536 ], [ 25.26937, 36.961387 ], [ 25.300491, 36.963608 ], [ 25.331611, 36.965829 ] ] } },
{ "type": "Feature", "properties": { "fault_id": "F0351", "label": "İsimsiz fay", "catalog_name": "SHARE", "slip_type": "Normal", "rake": -80.0, "dip": 62.5, "upper_km": 0.0, "lower_km": 13.0, "length_km": 47.522771574055817, "width_km": 14.65596530926245, "area_km2": 696.49209158936571, "mmax": 6.8297745133251171, "slip_rate": 0.3, "slip_rate_min": 0.05, "slip_rate_max": 0.5, "recurrence_years": 3144.1486533070033, "p30": 0.0094961575958678601, "p50": 0.015776777959806476 }, "geometry": { "type": "LineString", "coordinates": [ [ 25.214158, 36.782503 ], [ 25.183504, 36.765908 ], [ 25.15285, 36.749314 ], [ 25.12801, 36.733964 ], [ 25.103169, 36.718613 ], [ 25.082557, 36.701604 ], [ 25.061944, 36.684594 ], [ 25.039746, 36.671318 ], [ 25.005921, 36.655553 ], [ 24.972095, 36.653893 ], [ 24.93827, 36.658872 ], [ 24.893874, 36.672977 ], [ 24.851592, 36.687913 ], [ 24.814596, 36.69704 ], [ 24.782885, 36.703678 ], [ 24.751173, 36.710316 ] ] } },
{ "type": "Feature", "properties": { "fault_id": "F0352", "label": "İsimsiz fay", "catalog_name": "SHARE", "slip_type": "Normal", "rake": -90.0, "dip": 60.0, "upper_km": 0.5, "lower_km": 12.0, "length_km": 40.184429055846444, "width_km": 13.279056191361393, "area_km2": 533.61129145036034, "mmax": 6.7117695110859472, "slip_rate": 0.3, "slip_rate_min": 0.05, "slip_rate_max": 0.5, "recurrence_years": 2730.1514936599287, "p30": 0.010928249264174017, "p50": 0.018147319786558147 }, "geometry": { "type": "LineString", "coordinates": [ [ 25.169762, 36.593322 ], [ 25.128538, 36.580876 ], [ 25.087313, 36.56843 ], [ 25.040803, 36.557643 ], [ 24.994293, 36.546856 ], [ 24.961525, 36.546856 ], [ 24.928757, 36.546856 ], [ 24.883304, 36.551835 ], [ 24.837851, 36.556813 ], [ 24.786056, 36.560962 ], [ 24.734261, 36.565111 ] ] } },
{ "type": "Feature", "properties": { "fault_id": "F0353", "label": "İsimsiz fay", "catalog_name": "SHARE", "slip_type": "Normal", "rake": -90.0, "dip": 60.0, "upper_km": 0.0, "lower_km": 14.5, "length_km": 33.776017367018348, "width_km": 16.743157806499148, "area_km2": 565.51718885104401, "mmax": 6.7374947260053286, "slip_rate": 0.6, "slip_rate_min": 0.1, "slip_rate_max": 1.0, "recurrence_years": 1407.7442888191313, "p30": 0.021085220227453516, "p50": 0.034894458443620269 }, "geometry": { "type": "LineString", "coordinates": [ [ 25.372186, 36.560479 ], [ 25.401279, 36.5825 ], [ 25.430371, 36.604521 ], [ 25.459464, 36.626542 ], [ 25.4844, 36.651825 ], [ 25.509336, 36.677109 ], [ 25.534272, 36.702392 ], [ 25.569598, 36.725229 ], [ 25.604924, 36.748065 ], [ 25.64025, 36.770902 ] ] } },
{ "type": "Feature", "properties": { "fault_id": "F0354", "label": "Kuşadası açıkları", "catalog_name": "SHARE", "slip_type": "Normal", "rake": -105.0, "dip": 62.5, "upper_km": 0.0, "lower_km": 16.0, "length_km": 45.655254890827422, "width_km": 18.038111149861479, "area_km2": 823.53456229600192, "mmax": 6.9039954670724821, "slip_rate": 0.6, "slip_rate_min": 0.1, "slip_rate_max": 1.0, "recurrence_years": 1718.0621297730415, "p30": 0.017309964739366523, "p50": 0.028683155383276371 }, "geometry": { "type": "LineString", "coordinates": [ [ 25.672717, 36.698815 ], [ 25.719161, 36.720058 ], [ 25.764253, 36.737756 ], [ 25.794941, 36.750538 ], [ 25.825629, 36.76332 ], [ 25.852098, 36.776281 ], [ 25.878566, 36.789243 ], [ 25.905218, 36.807422 ], [ 25.938024, 36.828696 ], [ 25.967978, 36.84885 ], [ 25.999358, 36.867884 ], [ 26.036444, 36.88132 ], [ 26.076143, 36.887206 ], [ 26.113721, 36.892122 ] ] } },
{ "type": "Feature", "properties": { "fault_id": "F0355", "label": "Milas açıkları", "catalog_name": "SHARE", "slip_type": "Normal", "rake": -90.0, "dip": 60.0, "upper_km": 0.5, "lower_km": 13.0, "length_km": 81.73291668149075, "width_km": 14.433756729740645, "area_km2": 1179.7130361927987, "mmax": 7.063211906101829, "slip_rate": 0.6, "slip_rate_min": 0.1, "slip_rate_max": 1.0, "recurrence_years": 2078.5906793126251, "p30": 0.01432920162951079, "p50": 0.023767750217108419 }, "geometry": { "type": "LineString", "coordinates": [ [ 26.41951, 36.709732 ], [ 26.341586, 36.682818 ], [ 26.297948, 36.668138 ], [ 26.25431, 36.653457 ], [ 26.201187, 36.633556 ], [ 26.148063, 36.613655 ], [ 26.076309, 36.580083 ], [ 26.014123, 36.555837 ], [ 25.951936, 36.531591 ], [ 25.909865, 36.509334 ], [ 25.867794, 36.487076 ], [ 25.825714, 36.465056 ], [ 25.783634, 36.443035 ], [ 25.72441, 36.396546 ], [ 25.677924, 36.374544 ], [ 25.631437, 36.352541 ] ] } },
{ "type": "Feature", "properties": { "fault_id": "F0356", "label": "İsimsiz fay", "catalog_name": "SHARE", "slip_type": "Normal", "rake": -90.0, "dip": 52.5, "upper_km": 1.0, "lower_km": 11.5, "length_km": 111.57480433734162, "width_km": 13.234960347107776, "area_km2": 1476.688111141025, "mmax": 7.162674553944024, "slip_rate": 0.6, "slip_rate_min": 0.1, "slip_rate_max": 1.0, "recurrence_years": 2341.2648631192978, "p30": 0.012731842085867973, "p50": 0.021129553422966296 }, "geometry": { "type": "LineString", "coordinates": [ [ 24.431762, 36.309172 ], [ 24.49167, 36.309172 ], [ 24.582959, 36.302454 ], [ 24.674247, 36.271104 ], [ 24.776947, 36.233035 ], [ 24.893911, 36.208403 ], [ 24.999463, 36.188249 ], [ 25.083619, 36.181531 ], [ 25.167776, 36.174813 ], [ 25.227684, 36.174813 ], [ 25.338942, 36.197206 ], [ 25.455906, 36.224078 ], [ 25.558606, 36.255428 ], [ 25.62233, 36.268596 ] ] } },
{ "type": "Feature", "properties": { "fault_id": "F0357", "label": "İsimsiz fay", "catalog_name": "SHARE", "slip_type": "Normal", "rake": -90.0, "dip": 62.5, "upper_km": 0.5, "lower_km": 12.5, "length_km": 48.549809890282937, "width_km": 13.528583362396109, "area_km2": 656.81015032917583, "mmax": 6.8037886528551308, "slip_rate": 0.6, "slip_rate_min": 0.1, "slip_rate_max": 1.0, "recurrence_years": 1523.9496497146404, "p30": 0.019493191781449482, "p50": 0.032277090227370797 }, "geometry": { "type": "LineString", "coordinates": [ [ 26.513277, 36.381358 ], [ 26.485796, 36.375699 ], [ 26.458314, 36.370041 ], [ 26.410559, 36.358017 ], [ 26.384762, 36.347588 ], [ 26.358965, 36.337158 ], [ 26.307777, 36.321435 ], [ 26.259927, 36.310953 ], [ 26.212076, 36.30047 ], [ 26.169982, 36.294362 ], [ 26.124029, 36.290118 ], [ 26.085285, 36.286582 ], [ 26.038431, 36.283045 ], [ 25.993379, 36.282338 ] ] } },
{ "type": "Feature", "properties": { "fault_id": "F0358", "label": "İsimsiz fay", "catalog_name": "SHARE", "slip_type": "Normal", "rake": -90.0, "dip": 57.5, "upper_km": 1.0, "lower_km": 12.0, "length_km": 61.938126895057891, "width_km": 13.042579521775769, "area_km2": 807.83294545863112, "mmax": 6.8954679920323709, "slip_rate": 0.6, "slip_rate_min": 0.1, "slip_rate_max": 1.0, "recurrence_years": 1700.6225056367332, "p30": 0.017485914733808117, "p50": 0.028972994137176911 }, "geometry": { "type": "LineString", "coordinates": [ [ 25.854514, 36.044651 ], [ 25.896501, 36.048085 ], [ 25.938487, 36.051518 ], [ 25.99272, 36.055637 ], [ 26.038881, 36.063434 ], [ 26.074472, 36.071568 ], [ 26.111415, 36.080762 ], [ 26.144753, 36.092079 ], [ 26.189264, 36.104095 ], [ 26.218475, 36.113267 ], [ 26.247686, 36.122439 ], [ 26.276062, 36.135542 ], [ 26.304438, 36.148644 ], [ 26.335721, 36.158223 ], [ 26.379023, 36.170587 ], [ 26.417767, 36.179782 ], [ 26.448403, 36.184026 ], [ 26.478137, 36.190391 ], [ 26.508772, 36.19322 ] ] } },
{ "type": "Feature", "properties": { "fault_id": "F0359", "label": "İsimsiz fay", "catalog_name": "SHARE", "slip_type": "Normal", "rake": -90.0, "dip": 60.0, "upper_km": 1.0, "lower_km": 11.5, "length_km": 45.64873111371989, "width_km": 12.124355652982143, "area_km2": 553.46145113009152, "mmax": 6.7279491249866243, "slip_rate": 0.6, "slip_rate_min": 0.1, "slip_rate_max": 1.0, "recurrence_years": 1391.7582517993221, "p30": 0.021324808868160905, "p50": 0.035288107725435225 }, "geometry": { "type": "LineString", "coordinates": [ [ 26.344454, 35.910838 ], [ 26.292415, 35.910838 ], [ 26.252158, 35.910068 ], [ 26.211901, 35.909297 ], [ 26.181954, 35.9066 ], [ 26.152007, 35.903902 ], [ 26.11175, 35.892341 ], [ 26.067566, 35.88078 ], [ 26.021418, 35.869219 ], [ 25.973419, 35.858424 ], [ 25.936614, 35.853725 ], [ 25.895166, 35.849481 ], [ 25.851015, 35.846652 ] ] } },
{ "type": "Feature", "properties": { "fault_id": "F0360", "label": "İsimsiz fay", "catalog_name": "SHARE", "slip_type": "Normal", "rake": -90.0, "dip": 65.0, "upper_km": 1.0, "lower_km": 12.0, "length_km": 29.651506823987212, "width_km": 12.137157108587409, "area_km2": 359.88499682908446, "mmax": 6.5372870166541581, "slip_rate": 0.6, "slip_rate_min": 0.1, "slip_rate_max": 1.0, "recurrence_years": 1107.8839686260565, "p30": 0.026715308370399704, "p50": 0.044127822088016022 }, "geometry": { "type": "LineString", "coordinates": [ [ 26.892765, 35.964902 ], [ 26.837325, 35.962311 ], [ 26.785095, 35.948986 ], [ 26.755981, 35.942242 ], [ 26.726868, 35.935498 ], [ 26.673698, 35.92904 ], [ 26.628404, 35.937711 ], [ 26.601636, 35.944886 ], [ 26.574868, 35.952061 ] ] } },
{ "type": "Feature", "properties": { "fault_id": "F0361", "label": "İsimsiz fay", "catalog_name": "SHARE", "slip_type": "Normal", "rake": -90.0, "dip": 52.5, "upper_km": 1.5, "lower_km": 11.5, "length_km": 105.24868584441957, "width_km": 12.604724140102645, "area_km2": 1326.630651177235, "mmax": 7.1152050277929781, "slip_rate": 0.6, "slip_rate_min": 0.1, "slip_rate_max": 1.0, "recurrence_years": 2211.9994229550607, "p30": 0.013470835668092929, "p50": 0.022350428197930094 }, "geometry": { "type": "LineString", "coordinates": [ [ 25.94961, 35.664595 ], [ 25.873964, 35.695889 ], [ 25.826941, 35.71274 ], [ 25.78094, 35.724777 ], [ 25.73149, 35.731166 ], [ 25.67683, 35.735066 ], [ 25.600641, 35.737666 ], [ 25.524451, 35.740267 ], [ 25.448262, 35.742867 ], [ 25.371246, 35.740917 ], [ 25.29423, 35.738967 ], [ 25.22715, 35.744818 ], [ 25.16007, 35.750668 ], [ 25.10541, 35.758469 ], [ 25.05075, 35.76627 ], [ 25.003546, 35.77017 ], [ 24.956342, 35.77407 ], [ 24.884294, 35.77407 ], [ 24.812246, 35.77407 ] ] } },
{ "type": "Feature", "properties": { "fault_id": "F0362", "label": "İsimsiz fay", "catalog_name": "SHARE", "slip_type": "Normal", "rake": -90.0, "dip": 57.5, "upper_km": 1.5, "lower_km": 11.5, "length_km": 50.090453608477503, "width_km": 11.856890474341608, "area_km2": 593.91702224580706, "mmax": 6.759200288217504, "slip_rate": 0.6, "slip_rate_min": 0.1, "slip_rate_max": 1.0, "recurrence_years": 1444.7814416761064, "p30": 0.020550290862565879, "p50": 0.034015326202902596 }, "geometry": { "type": "LineString", "coordinates": [ [ 26.489247, 35.729216 ], [ 26.439559, 35.742868 ], [ 26.396081, 35.755545 ], [ 26.352603, 35.768221 ], [ 26.311609, 35.774072 ], [ 26.270615, 35.779922 ], [ 26.233349, 35.782847 ], [ 26.196083, 35.785772 ], [ 26.150121, 35.783822 ], [ 26.104159, 35.781872 ], [ 26.051986, 35.783822 ], [ 25.999812, 35.785773 ], [ 25.947639, 35.787723 ] ] } },
{ "type": "Feature", "properties": { "fault_id": "F0363", "label": "Bingöl – Cimin", "catalog_name": "SHARE", "slip_type": "Dextral", "rake": 167.0, "dip": 87.0, "upper_km": 0.0, "lower_km": 18.0, "length_km": 82.50735645365063, "width_km": 18.024702227962578, "area_km2": 1487.1705316934192, "mmax": 7.2158079867233198, "slip_rate": null, "slip_rate_min": null, "slip_rate_max": null, "recurrence_years": null, "p30": null, "p50": null }, "geometry": { "type": "LineString", "coordinates": [ [ 40.548554, 39.422673 ], [ 40.44518, 39.455118 ], [ 40.333532, 39.490158 ], [ 40.217898, 39.516515 ], [ 40.101897, 39.542017 ], [ 39.988792, 39.574436 ], [ 39.874207, 39.603725 ], [ 39.761165, 39.636482 ], [ 39.649104, 39.671296 ] ] } },
{ "type": "Feature", "properties": { "fault_id": "F0364", "label": "Erzincan – Suşehri", "catalog_name": "SHARE", "slip_type": "Dextral", "rake": -178.0, "dip": 87.5, "upper_km": 0.0, "lower_km": 15.0, "length_km": 361.11055065395516, "width_km": 15.014290277449799, "area_km2": 5421.8186297682223, "mmax": 7.788827885214177, "slip_rate": 22.4, "slip_rate_min": 19.0, "slip_rate_max": 25.7031, "recurrence_years": 148.50038146539271, "p30": 0.18292115483937821, "p50": 0.28587657810911138 }, "geometry": { "type": "LineString", "coordinates": [ [ 39.785061, 39.669569 ], [ 39.70868, 39.698482 ], [ 39.603051, 39.738466 ], [ 39.498067, 39.779541 ], [ 39.403549, 39.83365 ], [ 39.307989, 39.886752 ], [ 39.190097, 39.890921 ], [ 39.07863, 39.920735 ], [ 38.967121, 39.95056 ], [ 38.853953, 39.97657 ], [ 38.740498, 40.001947 ], [ 38.627004, 40.027333 ], [ 38.513259, 40.05217 ], [ 38.406965, 40.091972 ], [ 38.300621, 40.131792 ], [ 38.192278, 40.168431 ], [ 38.080907, 40.199432 ], [ 37.969491, 40.230445 ], [ 37.858031, 40.261471 ], [ 37.744705, 40.288384 ], [ 37.631305, 40.315226 ], [ 37.517864, 40.342077 ], [ 37.404382, 40.368939 ], [ 37.290858, 40.39581 ], [ 37.177293, 40.422691 ], [ 37.063686, 40.449582 ], [ 36.970443, 40.505879 ], [ 36.852773, 40.519924 ], [ 36.733923, 40.526127 ], [ 36.619704, 40.551919 ], [ 36.501654, 40.539536 ], [ 36.383168, 40.5492 ], [ 36.264979, 40.560874 ], [ 36.147582, 40.576614 ], [ 36.029479, 40.564287 ], [ 35.910307, 40.566348 ], [ 35.791413, 40.559859 ] ] } },
{ "type": "Feature", "properties": { "fault_id": "F0365", "label": "Amasya – Çorum", "catalog_name": "SHARE", "slip_type": "Dextral", "rake": -178.0, "dip": 85.0, "upper_km": 0.0, "lower_km": 15.0, "length_km": 159.40562007088977, "width_km": 15.057297563150211, "area_km2": 2400.2178546458567, "mmax": 7.4278556752759215, "slip_rate": 2.0, "slip_rate_min": 1.0013, "slip_rate_max": 3.0004, "recurrence_years": 1079.8951743950661, "p30": 0.027398145404533447, "p50": 0.04524526195448475 }, "geometry": { "type": "LineString", "coordinates": [ [ 35.78411, 40.541066 ], [ 35.675664, 40.506551 ], [ 35.567169, 40.472021 ], [ 35.458722, 40.437506 ], [ 35.350322, 40.403006 ], [ 35.241969, 40.368521 ], [ 35.133663, 40.334052 ], [ 35.025405, 40.299597 ], [ 34.917194, 40.265157 ], [ 34.80903, 40.230732 ], [ 34.702239, 40.193987 ], [ 34.600697, 40.149481 ], [ 34.499205, 40.104997 ], [ 34.397763, 40.060535 ], [ 34.296371, 40.016095 ], [ 34.195029, 39.971676 ], [ 34.093737, 39.927279 ] ] } },
{ "type": "Feature", "properties": { "fault_id": "F0366", "label": "Erbaa – Osmancık", "catalog_name": "SHARE", "slip_type": "Dextral", "rake": 180.0, "dip": 73.0, "upper_km": 0.0, "lower_km": 18.0, "length_km": 302.53580093149401, "width_km": 18.822451616768664, "area_km2": 5694.4654753734021, "mmax": 7.8105620235224062, "slip_rate": 25.0, "slip_rate_min": 24.2, "slip_rate_max": 25.8008, "recurrence_years": 136.56166640531524, "p30": 0.197225137496295, "p50": 0.30659078625784819 }, "geometry": { "type": "LineString", "coordinates": [ [ 36.650778, 40.725816 ], [ 36.58918, 40.741757 ], [ 36.4782, 40.770479 ], [ 36.367177, 40.799211 ], [ 36.258325, 40.832465 ], [ 36.152647, 40.871229 ], [ 36.042527, 40.902231 ], [ 35.927033, 40.918779 ], [ 35.824856, 40.962766 ], [ 35.71664, 40.997666 ], [ 35.605887, 41.027802 ], [ 35.499727, 41.066298 ], [ 35.387511, 41.093448 ], [ 35.269657, 41.095301 ], [ 35.151799, 41.097154 ], [ 35.034143, 41.102731 ], [ 34.916743, 41.110915 ], [ 34.799328, 41.119099 ], [ 34.682705, 41.106 ], [ 34.5663, 41.120169 ], [ 34.448466, 41.123731 ], [ 34.337251, 41.094232 ], [ 34.220468, 41.082199 ], [ 34.103706, 41.070169 ], [ 33.986965, 41.058141 ], [ 33.870245, 41.046116 ], [ 33.75464, 41.02912 ], [ 33.639476, 41.010604 ], [ 33.524344, 40.992093 ], [ 33.409242, 40.973587 ], [ 33.294171, 40.955086 ], [ 33.179131, 40.93659 ] ] } },
{ "type": "Feature", "properties": { "fault_id": "F0367", "label": "Ilgaz – Gerede", "catalog_name": "SHARE", "slip_type": "Dextral", "rake": -177.0, "dip": 70.0, "upper_km": 0.0, "lower_km": 16.0, "length_km": 165.79248007637142, "width_km": 17.026844359614596, "area_km2": 2822.9227542548801, "mmax": 7.49971297427272, "slip_rate": null, "slip_rate_min": null, "slip_rate_max": null, "recurrence_years": null, "p30": null, "p50": null }, "geometry": { "type": "LineString", "coordinates": [ [ 33.260211, 40.958435 ], [ 33.161175, 40.946835 ], [ 33.047776, 40.925548 ], [ 32.932094, 40.913271 ], [ 32.817286, 40.897083 ], [ 32.704469, 40.874345 ], [ 32.589225, 40.860331 ], [ 32.475774, 40.839675 ], [ 32.361163, 40.823206 ], [ 32.24592, 40.80961 ], [ 32.131657, 40.792008 ], [ 32.01929, 40.768522 ], [ 31.906345, 40.746794 ], [ 31.791679, 40.731199 ], [ 31.684143, 40.697325 ], [ 31.569798, 40.680769 ], [ 31.457745, 40.656941 ], [ 31.347148, 40.629567 ] ] } },
{ "type": "Feature", "properties": { "fault_id": "F0368", "label": "Düzce", "catalog_name": "SHARE", "slip_type": "Dextral", "rake": 180.0, "dip": 78.0, "upper_km": 0.0, "lower_km": 18.0, "length_km": 44.842994621919381, "width_km": 18.402130707570528, "area_km2": 825.20664835144271, "mmax": 6.9548939726126431, "slip_rate": 12.0, "slip_rate_min": 12.0, "slip_rate_max": 12.0, "recurrence_years": 102.20584658634343, "p30": 0.25436962882945324, "p50": 0.38688870664118069 }, "geometry": { "type": "LineString", "coordinates": [ [ 31.509552, 40.694574 ], [ 31.416846, 40.661874 ], [ 31.31976, 40.627628 ], [ 31.217643, 40.603333 ], [ 31.115084, 40.580229 ], [ 31.00917, 40.568936 ] ] } },
{ "type": "Feature", "properties": { "fault_id": "F0369", "label": "Düzce – Adapazarı", "catalog_name": "SHARE", "slip_type": "Sinistral-Reverse", "rake": 26.0, "dip": 84.0, "upper_km": 0.0, "lower_km": 18.0, "length_km": 142.12603274799756, "width_km": 18.099149032143295, "area_km2": 2572.3602480532863, "mmax": 7.4585384253885207, "slip_rate": 10.7, "slip_rate_min": 1.4195, "slip_rate_max": 20.0489, "recurrence_years": 209.39717394549606, "p30": 0.13347854464265119, "p50": 0.2124124044178175 }, "geometry": { "type": "LineString", "coordinates": [ [ 30.970459, 40.779083 ], [ 30.94384, 40.77006 ], [ 30.836032, 40.733514 ], [ 30.728272, 40.696986 ], [ 30.611161, 40.685999 ], [ 30.497906, 40.711151 ], [ 30.379942, 40.714397 ], [ 30.262779, 40.725372 ], [ 30.144715, 40.725274 ], [ 30.026666, 40.723943 ], [ 29.909753, 40.71155 ], [ 29.791993, 40.705459 ], [ 29.681251, 40.736457 ], [ 29.563603, 40.72884 ], [ 29.44555, 40.72737 ], [ 29.3275, 40.7259 ] ] } },
{ "type": "Feature", "properties": { "fault_id": "F0370", "label": "Mustafakemalpaşa – Bandırma", "catalog_name": "SHARE", "slip_type": "Normal", "rake": -108.0, "dip": 40.0, "upper_km": 0.0, "lower_km": 18.0, "length_km": 57.832548051150681, "width_km": 28.003028883487424, "area_km2": 1619.4865134820468, "mmax": 7.2035648824226914, "slip_rate": null, "slip_rate_min": null, "slip_rate_max": null, "recurrence_years": null, "p30": null, "p50": null }, "geometry": { "type": "LineString", "coordinates": [ [ 28.4286, 40.0182 ], [ 28.318595, 40.036214 ], [ 28.208273, 40.05428 ], [ 28.097923, 40.07235 ], [ 27.986661, 40.086886 ], [ 27.875743, 40.102991 ], [ 27.7648, 40.1191 ] ] } },
{ "type": "Feature", "properties": { "fault_id": "F0371", "label": "Bandırma – Gönen", "catalog_name": "SHARE", "slip_type": "Sinistral", "rake": 19.0, "dip": 68.0, "upper_km": 0.0, "lower_km": 18.0, "length_km": 69.887900192295731, "width_km": 19.413625368196502, "area_km2": 1356.7775121031377, "mmax": 7.175158809497491, "slip_rate": 3.6, "slip_rate_min": 3.0, "slip_rate_max": 4.1306, "recurrence_years": 443.41034579466327, "p30": 0.065419412645279507, "p50": 0.10663707230299602 }, "geometry": { "type": "LineString", "coordinates": [ [ 27.78658, 40.11124 ], [ 27.689575, 40.091111 ], [ 27.574162, 40.067163 ], [ 27.486356, 40.005097 ], [ 27.384085, 39.957864 ], [ 27.281866, 39.910654 ], [ 27.163195, 39.901436 ], [ 27.04728, 39.87995 ] ] } },
{ "type": "Feature", "properties": { "fault_id": "F0372", "label": "Edremit – Gönen", "catalog_name": "SHARE", "slip_type": "Dextral", "rake": 180.0, "dip": 80.0, "upper_km": 0.0, "lower_km": 18.0, "length_km": 66.732626812261827, "width_km": 18.277679013943409, "area_km2": 1219.7175326317952, "mmax": 7.1279844518887545, "slip_rate": 2.0, "slip_rate_min": 2.0, "slip_rate_max": 2.0, "recurrence_years": 754.3383038091979, "p30": 0.03898951011026075, "p50": 0.064134264203517755 }, "geometry": { "type": "LineString", "coordinates": [ [ 26.8073, 39.5697 ], [ 26.900082, 39.616412 ], [ 26.992892, 39.663138 ], [ 27.085745, 39.709886 ], [ 27.178642, 39.756656 ], [ 27.271584, 39.803448 ], [ 27.36457, 39.850263 ], [ 27.4576, 39.8971 ] ] } },
{ "type": "Feature", "properties": { "fault_id": "F0373", "label": "Edremit – Ayvalık", "catalog_name": "SHARE", "slip_type": "Dextral-Normal", "rake": -134.0, "dip": 60.0, "upper_km": 0.0, "lower_km": 18.0, "length_km": 149.30728447503398, "width_km": 20.784609690826528, "area_km2": 3103.2936318107845, "mmax": 7.4916593276200913, "slip_rate": 3.9, "slip_rate_min": 3.6638, "slip_rate_max": 4.1633, "recurrence_years": 533.92500385972482, "p30": 0.054638293386922721, "p50": 0.089395041393245278 }, "geometry": { "type": "LineString", "coordinates": [ [ 27.0199, 39.731 ], [ 26.964525, 39.693799 ], [ 26.872464, 39.63618 ], [ 26.761756, 39.60347 ], [ 26.650786, 39.571408 ], [ 26.538683, 39.541885 ], [ 26.426623, 39.512373 ], [ 26.312081, 39.489347 ], [ 26.201428, 39.457006 ], [ 26.084466, 39.443416 ], [ 25.979516, 39.401357 ], [ 25.873721, 39.360678 ], [ 25.761956, 39.331158 ], [ 25.649615, 39.303083 ], [ 25.544532, 39.261536 ], [ 25.4386, 39.2214 ] ] } },
{ "type": "Feature", "properties": { "fault_id": "F0374", "label": "İvrindi – Gönen", "catalog_name": "SHARE", "slip_type": "Dextral", "rake": 180.0, "dip": 80.0, "upper_km": 0.0, "lower_km": 18.0, "length_km": 16.452346219373467, "width_km": 18.277679013943409, "area_km2": 300.71070322397361, "mmax": 6.5077118639846177, "slip_rate": 2.0, "slip_rate_min": 2.0, "slip_rate_max": 2.0, "recurrence_years": 359.14320942519583, "p30": 0.080138475976731294, "p50": 0.12996360022761921 }, "geometry": { "type": "LineString", "coordinates": [ [ 27.40078, 39.84557 ], [ 27.481071, 39.886013 ], [ 27.56139, 39.92647 ] ] } },
{ "type": "Feature", "properties": { "fault_id": "F0375", "label": "Ergani – Elazığ", "catalog_name": "SHARE", "slip_type": "Sinistral", "rake": 0.0, "dip": 83.0, "upper_km": 0.0, "lower_km": 20.0, "length_km": 49.521408962549863, "width_km": 20.150196509176968, "area_km2": 997.86612200669731, "mmax": 7.0390537239554387, "slip_rate": 10.0, "slip_rate_min": 10.0, "slip_rate_max": 10.0, "recurrence_years": 135.63977254178263, "p30": 0.19842285915469371, "p50": 0.30831417963818741 }, "geometry": { "type": "LineString", "coordinates": [ [ 39.692996, 38.577895 ], [ 39.59045, 38.540167 ], [ 39.487958, 38.502458 ], [ 39.385509, 38.464766 ], [ 39.283104, 38.42709 ], [ 39.180743, 38.38943 ] ] } },
{ "type": "Feature", "properties": { "fault_id": "F0376", "label": "Elazığ – Baskil", "catalog_name": "SHARE", "slip_type": "Sinistral", "rake": 0.0, "dip": 85.0, "upper_km": 0.0, "lower_km": 20.0, "length_km": 42.265331461926799, "width_km": 20.076396750866948, "area_km2": 848.53556323654175, "mmax": 6.9672434498632567, "slip_rate": 10.0, "slip_rate_min": 10.0, "slip_rate_max": 10.0, "recurrence_years": 124.47263151154071, "p30": 0.21417160509466582, "p50": 0.33081500280566667 }, "geometry": { "type": "LineString", "coordinates": [ [ 39.151101, 38.356411 ], [ 39.040032, 38.338189 ], [ 38.928945, 38.296784 ], [ 38.83093, 38.238567 ], [ 38.734898, 38.178427 ] ] } },
{ "type": "Feature", "properties": { "fault_id": "F0377", "label": "Yeşilyurt – Doğanyol", "catalog_name": "SHARE", "slip_type": "Sinistral", "rake": 0.0, "dip": 80.0, "upper_km": 0.0, "lower_km": 20.0, "length_km": 28.087982257447933, "width_km": 20.3085322377149, "area_km2": 570.42569316774552, "mmax": 6.7913230603936325, "slip_rate": 10.0, "slip_rate_min": 10.0, "slip_rate_max": 10.0, "recurrence_years": 100.84729576934021, "p30": 0.25731216884466146, "p50": 0.39091601542455734 }, "geometry": { "type": "LineString", "coordinates": [ [ 38.522161, 38.085822 ], [ 38.612666, 38.130139 ], [ 38.703208, 38.174473 ], [ 38.79379, 38.218827 ] ] } },
{ "type": "Feature", "properties": { "fault_id": "F0378", "label": "Kâhta – Adıyaman", "catalog_name": "SHARE", "slip_type": "Sinistral", "rake": 0.0, "dip": 85.0, "upper_km": 0.0, "lower_km": 20.0, "length_km": 62.380244251388177, "width_km": 20.076396750866948, "area_km2": 1252.3705330068562, "mmax": 7.1396874973729485, "slip_rate": 9.9, "slip_rate_min": 9.9, "slip_rate_max": 9.9, "recurrence_years": 154.54037301894908, "p30": 0.17644424764281774, "p50": 0.27641702209266827 }, "geometry": { "type": "LineString", "coordinates": [ [ 38.510808, 38.045828 ], [ 38.403058, 38.047985 ], [ 38.283674, 38.036037 ], [ 38.181163, 37.986445 ], [ 38.071473, 37.947652 ], [ 37.96183, 37.908877 ], [ 37.852236, 37.870118 ] ] } },
{ "type": "Feature", "properties": { "fault_id": "F0379", "label": "Kahramanmaraş – Nurdağı", "catalog_name": "SHARE", "slip_type": "Sinistral-Normal", "rake": -40.0, "dip": 80.0, "upper_km": 0.0, "lower_km": 18.0, "length_km": 110.45947938829605, "width_km": 18.277679013943409, "area_km2": 2018.9429083065731, "mmax": 7.3512265188950012, "slip_rate": 2.5, "slip_rate_min": 1.4252, "slip_rate_max": 3.6228, "recurrence_years": 788.23275284630063, "p30": 0.037344650915152267, "p50": 0.061463038677222248 }, "geometry": { "type": "LineString", "coordinates": [ [ 36.89442, 37.461859 ], [ 36.882394, 37.441294 ], [ 36.835583, 37.361241 ], [ 36.78878, 37.281203 ], [ 36.741986, 37.20118 ], [ 36.674217, 37.131363 ], [ 36.627468, 37.051358 ], [ 36.596277, 36.966679 ], [ 36.560409, 36.883198 ], [ 36.515785, 36.802477 ], [ 36.473138, 36.721091 ], [ 36.418277, 36.644569 ], [ 36.358333, 36.570569 ] ] } },
{ "type": "Feature", "properties": { "fault_id": "F0380", "label": "Antakya – İskenderun", "catalog_name": "SHARE", "slip_type": "Sinistral-Normal", "rake": -27.0, "dip": 69.0, "upper_km": 0.0, "lower_km": 18.0, "length_km": 90.575833943891752, "width_km": 19.280609885466522, "area_km2": 1746.3573193229734, "mmax": 7.2869757709221661, "slip_rate": 4.8, "slip_rate_min": 4.7555, "slip_rate_max": 4.9043, "recurrence_years": 380.16143258046236, "p30": 0.075880460576894126, "p50": 0.12324095490513687 }, "geometry": { "type": "LineString", "coordinates": [ [ 36.476351, 36.033459 ], [ 36.495122, 36.119912 ], [ 36.514564, 36.209453 ], [ 36.534006, 36.298997 ], [ 36.555533, 36.388235 ], [ 36.580992, 36.476804 ], [ 36.606452, 36.565378 ], [ 36.631914, 36.653958 ], [ 36.706526, 36.722398 ], [ 36.791919, 36.782253 ] ] } },
{ "type": "Feature", "properties": { "fault_id": "F0381", "label": "Karakoçan", "catalog_name": "SHARE", "slip_type": "Sinistral", "rake": 0.0, "dip": 80.0, "upper_km": 0.0, "lower_km": 20.0, "length_km": 16.758037816137112, "width_km": 20.3085322377149, "area_km2": 340.33115122986595, "mmax": 6.5625397368635543, "slip_rate": 10.0, "slip_rate_min": 10.0, "slip_rate_max": 10.0, "recurrence_years": 76.698460665791671, "p30": 0.32371597745519942, "p50": 0.47894702649678211 }, "geometry": { "type": "LineString", "coordinates": [ [ 39.94083, 38.701199 ], [ 40.01106, 38.752418 ], [ 40.081315, 38.803657 ] ] } },
{ "type": "Feature", "properties": { "fault_id": "F0382", "label": "Besni", "catalog_name": "SHARE", "slip_type": "Sinistral", "rake": 0.0, "dip": 80.0, "upper_km": 0.0, "lower_km": 20.0, "length_km": 16.035369985455393, "width_km": 20.3085322377149, "area_km2": 325.65482829330676, "mmax": 6.5430126720193762, "slip_rate": 9.9, "slip_rate_min": 9.9, "slip_rate_max": 9.9, "recurrence_years": 75.684167312794585, "p30": 0.3272517514553136, "p50": 0.48347942442680925 }, "geometry": { "type": "LineString", "coordinates": [ [ 37.590572, 37.756351 ], [ 37.665949, 37.796614 ], [ 37.741353, 37.836892 ] ] } },
{ "type": "Feature", "properties": { "fault_id": "F0383", "label": "İskenderun – Antakya", "catalog_name": "SHARE", "slip_type": "Sinistral-Normal", "rake": -40.0, "dip": 80.0, "upper_km": 0.0, "lower_km": 18.0, "length_km": 75.023048803092053, "width_km": 18.277679013943409, "area_km2": 1371.2472046703278, "mmax": 7.1798580703662083, "slip_rate": 2.5, "slip_rate_min": 1.4252, "slip_rate_max": 3.6228, "recurrence_years": 642.11096602376256, "p30": 0.045646276135212438, "p50": 0.074913618914000946 }, "geometry": { "type": "LineString", "coordinates": [ [ 36.419984, 36.59744 ], [ 36.367872, 36.550956 ], [ 36.295054, 36.486003 ], [ 36.263508, 36.40234 ], [ 36.192403, 36.336269 ], [ 36.121324, 36.270221 ], [ 36.05027, 36.204197 ], [ 35.979242, 36.138197 ], [ 35.90824, 36.072221 ] ] } },
{ "type": "Feature", "properties": { "fault_id": "F0384", "label": "Van – Erciş", "catalog_name": "SHARE", "slip_type": "Dextral", "rake": 178.0, "dip": 89.0, "upper_km": 0.0, "lower_km": 20.0, "length_km": 55.32414699041702, "width_km": 20.003046560878154, "area_km2": 1106.6514881901787, "mmax": 7.0848910898291839, "slip_rate": 8.5, "slip_rate_min": 5.0, "slip_rate_max": 12.0104, "recurrence_years": 168.5720552938059, "p30": 0.16302865132064137, "p50": 0.25666545023711151 }, "geometry": { "type": "LineString", "coordinates": [ [ 44.138068, 39.020883 ], [ 44.054929, 39.06622 ], [ 43.973913, 39.119674 ], [ 43.876214, 39.15236 ], [ 43.775176, 39.178326 ], [ 43.673039, 39.201656 ], [ 43.57065, 39.224416 ] ] } },
{ "type": "Feature", "properties": { "fault_id": "F0385", "label": "Erciş", "catalog_name": "SHARE", "slip_type": "Dextral-Reverse", "rake": 157.0, "dip": 80.0, "upper_km": 0.0, "lower_km": 20.0, "length_km": 15.904643817506733, "width_km": 20.3085322377149, "area_km2": 322.99997169720842, "mmax": 6.5393865339616823, "slip_rate": 9.1, "slip_rate_min": 5.8549, "slip_rate_max": 12.3806, "recurrence_years": 81.981275245525893, "p30": 0.30645365969498062, "p50": 0.45659227583114192 }, "geometry": { "type": "LineString", "coordinates": [ [ 43.234871, 39.346311 ], [ 43.255309, 39.277137 ], [ 43.275745, 39.207969 ] ] } },
{ "type": "Feature", "properties": { "fault_id": "F0386", "label": "Erciş – Ağrı", "catalog_name": "SHARE", "slip_type": "Dextral-Reverse", "rake": 157.0, "dip": 80.0, "upper_km": 0.0, "lower_km": 20.0, "length_km": 39.465345980084393, "width_km": 20.3085322377149, "area_km2": 801.48325110911605, "mmax": 6.9419723401966067, "slip_rate": 9.1, "slip_rate_min": 5.8549, "slip_rate_max": 12.3806, "recurrence_years": 132.70931639988851, "p30": 0.20232814873389116, "p50": 0.31392155061718086 }, "geometry": { "type": "LineString", "coordinates": [ [ 43.322065, 39.27573 ], [ 43.248917, 39.340933 ], [ 43.173742, 39.407558 ], [ 43.086174, 39.464495 ], [ 43.000007, 39.522754 ] ] } },
{ "type": "Feature", "properties": { "fault_id": "F0387", "label": "Kahramanmaraş", "catalog_name": "SHARE", "slip_type": "Sinistral-Reverse", "rake": 45.0, "dip": 55.0, "upper_km": 0.0, "lower_km": 18.0, "length_km": 15.133090658865536, "width_km": 21.973942597706209, "area_km2": 332.53366546379533, "mmax": 6.552272331909311, "slip_rate": 2.7, "slip_rate_min": 1.5781, "slip_rate_max": 3.868, "recurrence_years": 280.60012455237325, "p30": 0.10139678878770764, "p50": 0.16321617431884305 }, "geometry": { "type": "LineString", "coordinates": [ [ 37.1724, 37.6084 ], [ 37.25785, 37.6122 ], [ 37.3433, 37.616 ] ] } },
{ "type": "Feature", "properties": { "fault_id": "F0388", "label": "Adıyaman – Besni", "catalog_name": "SHARE", "slip_type": "Sinistral-Reverse", "rake": 33.0, "dip": 49.0, "upper_km": 0.0, "lower_km": 20.0, "length_km": 74.242770143502099, "width_km": 26.500259866976226, "area_km2": 1967.4527020469895, "mmax": 7.3397823866437744, "slip_rate": 2.5, "slip_rate_min": 1.0, "slip_rate_max": 4.0028, "recurrence_years": 777.51363875632273, "p30": 0.037849631347501522, "p50": 0.062283442926804433 }, "geometry": { "type": "LineString", "coordinates": [ [ 38.193992, 37.998701 ], [ 38.099138, 37.996623 ], [ 37.993323, 38.009189 ], [ 37.887651, 38.022583 ], [ 37.780719, 38.01886 ], [ 37.674591, 38.007963 ], [ 37.584954, 37.961927 ], [ 37.478246, 37.967678 ], [ 37.37153, 37.973429 ] ] } },
{ "type": "Feature", "properties": { "fault_id": "F0389", "label": "Ağrı – Hınıs", "catalog_name": "SHARE", "slip_type": "Dextral", "rake": 180.0, "dip": 78.0, "upper_km": 0.0, "lower_km": 20.0, "length_km": 127.740798368835, "width_km": 20.446811897300588, "area_km2": 2611.8920758585709, "mmax": 7.4652943323552581, "slip_rate": 8.5, "slip_rate_min": 5.0, "slip_rate_max": 12.0, "recurrence_years": 265.7333669808001, "p30": 0.10675566014273563, "p50": 0.17151664357091745 }, "geometry": { "type": "LineString", "coordinates": [ [ 42.8635, 39.453688 ], [ 42.810348, 39.473873 ], [ 42.704463, 39.514083 ], [ 42.599421, 39.555683 ], [ 42.495338, 39.598783 ], [ 42.385469, 39.6324 ], [ 42.27403, 39.662905 ], [ 42.155943, 39.668413 ], [ 42.05206, 39.712038 ], [ 41.937975, 39.736408 ], [ 41.847451, 39.79516 ], [ 41.747178, 39.84376 ], [ 41.644634, 39.889573 ], [ 41.542038, 39.935408 ] ] } },
{ "type": "Feature", "properties": { "fault_id": "F0390", "label": "Ağrı", "catalog_name": "SHARE", "slip_type": "Sinistral", "rake": 0.0, "dip": 85.0, "upper_km": 0.0, "lower_km": 15.0, "length_km": 25.743816391200536, "width_km": 15.057297563150211, "area_km2": 387.63230381341026, "mmax": 6.6201883615971315, "slip_rate": 2.5, "slip_rate_min": 2.0, "slip_rate_max": 3.0, "recurrence_years": 328.70122049324448, "p30": 0.087227214444208001, "p50": 0.14110948821482239 }, "geometry": { "type": "LineString", "coordinates": [ [ 43.1449, 40.1881 ], [ 43.059825, 40.147947 ], [ 42.974794, 40.107815 ], [ 42.8898, 40.0677 ] ] } },
{ "type": "Feature", "properties": { "fault_id": "F0391", "label": "Pasinler – Erzurum", "catalog_name": "SHARE", "slip_type": "Sinistral", "rake": 8.0, "dip": 81.0, "upper_km": 0.0, "lower_km": 20.0, "length_km": 28.5780961611982, "width_km": 20.249302515760057, "area_km2": 578.68651449258357, "mmax": 6.7976922290720054, "slip_rate": null, "slip_rate_min": null, "slip_rate_max": null, "recurrence_years": null, "p30": null, "p50": null }, "geometry": { "type": "LineString", "coordinates": [ [ 42.08315, 40.189052 ], [ 42.004726, 40.131542 ], [ 41.919156, 40.075724 ], [ 41.840848, 40.014032 ] ] } },
{ "type": "Feature", "properties": { "fault_id": "F0392", "label": "Oltu – Erzurum", "catalog_name": "SHARE", "slip_type": "Sinistral", "rake": 0.0, "dip": 80.0, "upper_km": 0.0, "lower_km": 20.0, "length_km": 137.41911450576484, "width_km": 20.3085322377149, "area_km2": 2790.7805170185607, "mmax": 7.4946401960719342, "slip_rate": 2.5, "slip_rate_min": 2.0, "slip_rate_max": 3.0, "recurrence_years": 935.77911509352248, "p30": 0.031550410492411918, "p50": 0.052029042361585121 }, "geometry": { "type": "LineString", "coordinates": [ [ 42.123336, 40.640051 ], [ 42.041551, 40.607152 ], [ 41.944475, 40.557234 ], [ 41.865807, 40.491268 ], [ 41.781837, 40.429255 ], [ 41.718584, 40.354379 ], [ 41.661197, 40.276839 ], [ 41.603991, 40.199249 ], [ 41.550372, 40.120206 ], [ 41.496766, 40.041182 ], [ 41.433978, 39.966256 ], [ 41.339813, 39.914153 ], [ 41.245695, 39.862076 ], [ 41.151624, 39.810025 ], [ 41.0576, 39.758 ] ] } },
{ "type": "Feature", "properties": { "fault_id": "F0393", "label": "Oltu – Pasinler", "catalog_name": "SHARE", "slip_type": "Sinistral", "rake": 0.0, "dip": 81.0, "upper_km": 0.0, "lower_km": 20.0, "length_km": 45.399375349086036, "width_km": 20.249302515760057, "area_km2": 919.30568547018299, "mmax": 7.0027291449512692, "slip_rate": 2.5, "slip_rate_min": 2.0, "slip_rate_max": 3.0, "recurrence_years": 519.48439722659828, "p30": 0.056113703693494665, "p50": 0.091762419008520224 }, "geometry": { "type": "LineString", "coordinates": [ [ 42.049667, 40.543409 ], [ 42.004027, 40.479785 ], [ 41.94813, 40.408152 ], [ 41.913711, 40.329075 ], [ 41.857593, 40.257597 ], [ 41.785071, 40.195347 ] ] } },
{ "type": "Feature", "properties": { "fault_id": "F0394", "label": "Ağrı – Iğdır", "catalog_name": "SHARE", "slip_type": "Dextral", "rake": 180.0, "dip": 85.0, "upper_km": 0.0, "lower_km": 20.0, "length_km": 20.394095026286347, "width_km": 20.076396750866948, "area_km2": 409.43994312260702, "mmax": 6.644434012377312, "slip_rate": 6.5, "slip_rate_min": 5.0, "slip_rate_max": 8.0, "recurrence_years": 130.14461380044645, "p30": 0.20587373395477038, "p50": 0.31899661931774514 }, "geometry": { "type": "LineString", "coordinates": [ [ 43.544933, 39.786015 ], [ 43.51829, 39.874631 ], [ 43.491645, 39.963253 ] ] } },
{ "type": "Feature", "properties": { "fault_id": "F0395", "label": "Iğdır açıkları", "catalog_name": "SHARE", "slip_type": "Dextral", "rake": 158.0, "dip": 50.0, "upper_km": 0.0, "lower_km": 20.0, "length_km": 58.409141224702033, "width_km": 26.108145786645572, "area_km2": 1524.9543743672905, "mmax": 7.2269219870731298, "slip_rate": 7.0, "slip_rate_min": 5.1676, "slip_rate_max": 8.9071, "recurrence_years": 242.60895981821849, "p30": 0.11631602918016049, "p50": 0.18624257864683713 }, "geometry": { "type": "LineString", "coordinates": [ [ 43.780435, 39.719276 ], [ 43.859075, 39.673378 ], [ 43.951291, 39.620282 ], [ 44.050705, 39.575639 ], [ 44.138415, 39.51831 ], [ 44.212172, 39.450333 ], [ 44.297416, 39.390962 ] ] } },
{ "type": "Feature", "properties": { "fault_id": "F0396", "label": "Van – Erciş", "catalog_name": "SHARE", "slip_type": "Dextral", "rake": 180.0, "dip": 85.0, "upper_km": 0.0, "lower_km": 20.0, "length_km": 35.380896239374472, "width_km": 20.076396750866948, "area_km2": 710.32091030293827, "mmax": 6.8884836915362744, "slip_rate": 6.5, "slip_rate_min": 5.0, "slip_rate_max": 8.0, "recurrence_years": 174.27549558040846, "p30": 0.15813974000286934, "p50": 0.24941476808855212 }, "geometry": { "type": "LineString", "coordinates": [ [ 43.528359, 38.988955 ], [ 43.470055, 39.053448 ], [ 43.411735, 39.117959 ], [ 43.353396, 39.182489 ], [ 43.29504, 39.247039 ] ] } },
{ "type": "Feature", "properties": { "fault_id": "F0397", "label": "Erciş", "catalog_name": "SHARE", "slip_type": "Sinistral", "rake": 0.0, "dip": 85.0, "upper_km": 0.0, "lower_km": 20.0, "length_km": 23.825197675073579, "width_km": 20.076396750866948, "area_km2": 478.32412119260994, "mmax": 6.7133167279111881, "slip_rate": 2.5, "slip_rate_min": 2.0, "slip_rate_max": 3.0, "recurrence_years": 367.44432661609289, "p30": 0.078400951648048833, "p50": 0.12722285973972725 }, "geometry": { "type": "LineString", "coordinates": [ [ 42.906538, 38.938165 ], [ 43.004696, 39.011937 ], [ 43.102906, 39.085748 ] ] } },
{ "type": "Feature", "properties": { "fault_id": "F0398", "label": "Hakkâri açıkları", "catalog_name": "SHARE", "slip_type": "Dextral", "rake": 180.0, "dip": 87.5, "upper_km": 0.0, "lower_km": 20.0, "length_km": 114.44388204092915, "width_km": 20.019053703266398, "area_km2": 2291.0582205876453, "mmax": 7.4072368481752147, "slip_rate": 6.5, "slip_rate_min": 5.0, "slip_rate_max": 8.0, "recurrence_years": 324.17874395915567, "p30": 0.088388657591298103, "p50": 0.1429301847203277 }, "geometry": { "type": "LineString", "coordinates": [ [ 44.985965, 37.002168 ], [ 44.924766, 37.041766 ], [ 44.840436, 37.09633 ], [ 44.75994, 37.154514 ], [ 44.692161, 37.222254 ], [ 44.611568, 37.28047 ], [ 44.531666, 37.339341 ], [ 44.44919, 37.39598 ], [ 44.357548, 37.442961 ], [ 44.262151, 37.485046 ], [ 44.167026, 37.527588 ], [ 44.090275, 37.589253 ], [ 43.989459, 37.622799 ] ] } },
{ "type": "Feature", "properties": { "fault_id": "F0399", "label": "Van – Hakkâri", "catalog_name": "SHARE", "slip_type": "Sinistral", "rake": -8.0, "dip": 70.0, "upper_km": 0.0, "lower_km": 20.0, "length_km": 98.984418500957176, "width_km": 21.283555449518243, "area_km2": 2106.7403598034416, "mmax": 7.370083235623607, "slip_rate": 2.1, "slip_rate_min": 1.0, "slip_rate_max": 3.1832, "recurrence_years": 959.78352016425163, "p30": 0.030773597100371641, "p50": 0.050761391781134813 }, "geometry": { "type": "LineString", "coordinates": [ [ 44.49186, 38.465155 ], [ 44.423748, 38.400662 ], [ 44.344789, 38.337382 ], [ 44.267964, 38.272553 ], [ 44.192158, 38.207041 ], [ 44.112395, 38.144548 ], [ 44.036548, 38.079161 ], [ 43.990144, 37.998532 ], [ 43.942726, 37.918286 ], [ 43.895316, 37.838056 ], [ 43.847916, 37.757841 ] ] } },
{ "type": "Feature", "properties": { "fault_id": "F0400", "label": "Van – Tatvan", "catalog_name": "SHARE", "slip_type": "Reverse", "rake": 111.0, "dip": 70.0, "upper_km": 0.0, "lower_km": 20.0, "length_km": 103.38270950136275, "width_km": 21.283555449518243, "area_km2": 2200.3516301936907, "mmax": 7.3382428804513662, "slip_rate": 2.1, "slip_rate_min": 1.0642, "slip_rate_max": 3.0542, "recurrence_years": 823.24989090636689, "p30": 0.035784961386188807, "p50": 0.058927315150139492 }, "geometry": { "type": "LineString", "coordinates": [ [ 43.298758, 38.293867 ], [ 43.230372, 38.287403 ], [ 43.1208, 38.277045 ], [ 43.011243, 38.266689 ], [ 42.90199, 38.278879 ], [ 42.921037, 38.364214 ], [ 42.936427, 38.450005 ], [ 42.85906, 38.511947 ], [ 42.753502, 38.485868 ], [ 42.64286, 38.487974 ], [ 42.53485, 38.506925 ], [ 42.426813, 38.525881 ] ] } },
{ "type": "Feature", "properties": { "fault_id": "F0401", "label": "Van", "catalog_name": "SHARE", "slip_type": "Dextral", "rake": 180.0, "dip": 80.0, "upper_km": 0.0, "lower_km": 20.0, "length_km": 16.076200288495507, "width_km": 20.3085322377149, "area_km2": 326.48403181887255, "mmax": 6.5441391838905769, "slip_rate": 1.0, "slip_rate_min": 0.0001, "slip_rate_max": 2.0, "recurrence_years": 750.28381172432933, "p30": 0.039196023129220658, "p50": 0.064469422900577777 }, "geometry": { "type": "LineString", "coordinates": [ [ 43.283499, 38.649044 ], [ 43.34582, 38.596569 ], [ 43.408117, 38.544114 ] ] } },
{ "type": "Feature", "properties": { "fault_id": "F0402", "label": "Ardahan – Oltu", "catalog_name": "SHARE", "slip_type": "Sinistral", "rake": 0.0, "dip": 85.0, "upper_km": 0.0, "lower_km": 20.0, "length_km": 179.60310748774896, "width_km": 20.076396750866948, "area_km2": 3605.7832436126505, "mmax": 7.6081396085171509, "slip_rate": 2.3, "slip_rate_min": 2.3, "slip_rate_max": 2.3, "recurrence_years": 1165.0933027866918, "p30": 0.025420332084108765, "p50": 0.042007201198163036 }, "geometry": { "type": "LineString", "coordinates": [ [ 42.662374, 41.225774 ], [ 42.54594, 41.114373 ], [ 42.455648, 41.053367 ], [ 42.36154, 40.995807 ], [ 42.270116, 40.935907 ], [ 42.192494, 40.865825 ], [ 42.125438, 40.789806 ], [ 42.03251, 40.731505 ], [ 41.94062, 40.672341 ], [ 41.861192, 40.603635 ], [ 41.776766, 40.538515 ], [ 41.705704, 40.464801 ], [ 41.620296, 40.400559 ], [ 41.572757, 40.316648 ], [ 41.529543, 40.231404 ], [ 41.475679, 40.149793 ], [ 41.408021, 40.074455 ], [ 41.340386, 39.999144 ] ] } },
{ "type": "Feature", "properties": { "fault_id": "F0403", "label": "Hanak – Şavşat", "catalog_name": "SHARE", "slip_type": "Sinistral", "rake": 0.0, "dip": 85.0, "upper_km": 0.0, "lower_km": 10.0, "length_km": 31.948396871143895, "width_km": 10.038198375433474, "area_km2": 320.70434556962056, "mmax": 6.5362269415872625, "slip_rate": 2.3, "slip_rate_min": 2.3, "slip_rate_max": 2.3, "recurrence_years": 323.13684246512901, "p30": 0.088660628111257189, "p50": 0.1433563066337401 }, "geometry": { "type": "LineString", "coordinates": [ [ 42.83498, 41.572348 ], [ 42.740619, 41.508874 ], [ 42.646313, 41.445437 ], [ 42.552058, 41.382034 ] ] } },
{ "type": "Feature", "properties": { "fault_id": "F0404", "label": "Şavşat – Artvin", "catalog_name": "SHARE", "slip_type": "Sinistral", "rake": 22.0, "dip": 87.5, "upper_km": 0.0, "lower_km": 20.0, "length_km": 92.84740953889478, "width_km": 20.019053703266398, "area_km2": 1858.7172777683033, "mmax": 7.3145976026756365, "slip_rate": 2.1, "slip_rate_min": 1.4169, "slip_rate_max": 2.8338, "recurrence_years": 898.13685623384652, "p30": 0.032850778722134821, "p50": 0.054149544232785507 }, "geometry": { "type": "LineString", "coordinates": [ [ 42.571154, 41.555583 ], [ 42.545241, 41.520328 ], [ 42.503285, 41.438592 ], [ 42.392334, 41.411255 ], [ 42.294012, 41.364065 ], [ 42.231414, 41.290183 ], [ 42.125648, 41.253447 ], [ 42.026455, 41.207587 ], [ 41.939877, 41.149086 ], [ 41.839101, 41.105423 ], [ 41.738376, 41.061781 ] ] } },
{ "type": "Feature", "properties": { "fault_id": "F0405", "label": "Artvin – Bayburt", "catalog_name": "SHARE", "slip_type": "Sinistral", "rake": 0.0, "dip": 87.5, "upper_km": 0.0, "lower_km": 20.0, "length_km": 203.41492851649841, "width_km": 20.019053703266398, "area_km2": 4072.1743780178767, "mmax": 7.6620228943580102, "slip_rate": 2.3, "slip_rate_min": 2.3, "slip_rate_max": 2.3, "recurrence_years": 1242.6787840094105, "p30": 0.023852322886014243, "p50": 0.039436953004057917 }, "geometry": { "type": "LineString", "coordinates": [ [ 41.600146, 40.971608 ], [ 41.56601, 40.900744 ], [ 41.524507, 40.814587 ], [ 41.457886, 40.738021 ], [ 41.35514, 40.689619 ], [ 41.251792, 40.642054 ], [ 41.146309, 40.597364 ], [ 41.049832, 40.542252 ], [ 40.97345, 40.471294 ], [ 40.857982, 40.445051 ], [ 40.740559, 40.424557 ], [ 40.625654, 40.397116 ], [ 40.506145, 40.386019 ], [ 40.385838, 40.382798 ], [ 40.271239, 40.35479 ], [ 40.156096, 40.328222 ], [ 40.040871, 40.301984 ], [ 39.926122, 40.27467 ], [ 39.81139, 40.247426 ], [ 39.694835, 40.225259 ], [ 39.578316, 40.203098 ] ] } },
{ "type": "Feature", "properties": { "fault_id": "F0406", "label": "Bayburt – Erzincan", "catalog_name": "SHARE", "slip_type": "Sinistral", "rake": 0.0, "dip": 85.0, "upper_km": 0.0, "lower_km": 20.0, "length_km": 97.719604058421723, "width_km": 20.076396750866948, "area_km2": 1961.8575414145025, "mmax": 7.3385208176367733, "slip_rate": 2.3, "slip_rate_min": 2.3, "slip_rate_max": 2.3, "recurrence_years": 843.84885889206544, "p30": 0.034926862286126958, "p50": 0.057531061683770091 }, "geometry": { "type": "LineString", "coordinates": [ [ 40.30928, 40.274497 ], [ 40.208662, 40.254137 ], [ 40.096912, 40.231524 ], [ 39.985197, 40.208919 ], [ 39.874294, 40.184197 ], [ 39.765307, 40.155016 ], [ 39.656362, 40.125846 ], [ 39.54739, 40.096836 ], [ 39.435603, 40.11868 ], [ 39.321204, 40.107161 ], [ 39.210573, 40.082165 ] ] } },
{ "type": "Feature", "properties": { "fault_id": "F0407", "label": "Ardahan", "catalog_name": "SHARE", "slip_type": "Sinistral", "rake": 0.0, "dip": 85.0, "upper_km": 0.0, "lower_km": 20.0, "length_km": 40.284434088130467, "width_km": 20.076396750866948, "area_km2": 808.76628163745625, "mmax": 6.9459794974769817, "slip_rate": 2.3, "slip_rate_min": 2.3, "slip_rate_max": 2.3, "recurrence_years": 527.59068449130064, "p30": 0.055275815657763072, "p50": 0.090418283661126364 }, "geometry": { "type": "LineString", "coordinates": [ [ 42.937939, 40.991454 ], [ 42.997686, 41.063651 ], [ 43.061853, 41.141189 ], [ 43.12333, 41.219984 ], [ 43.213388, 41.281346 ] ] } },
{ "type": "Feature", "properties": { "fault_id": "F0408", "label": "Hakkâri – Şırnak", "catalog_name": "SHARE", "slip_type": "Reverse", "rake": 97.0, "dip": 48.0, "upper_km": 0.0, "lower_km": 20.0, "length_km": 173.24071877240826, "width_km": 26.91265459212752, "area_km2": 4662.3676256137251, "mmax": 7.6317458630152935, "slip_rate": 5.3, "slip_rate_min": 4.6373, "slip_rate_max": 5.9915, "recurrence_years": 424.24345965130283, "p30": 0.068271777078141915, "p50": 0.1111767260746126 }, "geometry": { "type": "LineString", "coordinates": [ [ 44.4728, 37.1013 ], [ 44.433895, 37.138121 ], [ 44.362976, 37.205241 ], [ 44.292032, 37.272386 ], [ 44.22106, 37.339555 ], [ 44.150062, 37.40675 ], [ 44.079038, 37.47397 ], [ 44.007988, 37.541214 ], [ 43.936912, 37.608483 ], [ 43.826292, 37.604206 ], [ 43.736697, 37.552661 ], [ 43.646597, 37.501746 ], [ 43.536375, 37.494591 ], [ 43.429757, 37.517926 ], [ 43.323107, 37.541267 ], [ 43.216427, 37.564615 ], [ 43.109716, 37.58797 ], [ 43.002974, 37.611332 ], [ 42.8962, 37.6347 ] ] } },
{ "type": "Feature", "properties": { "fault_id": "F0409", "label": "Gevaş – Siirt", "catalog_name": "SHARE", "slip_type": "Reverse", "rake": 104.0, "dip": 52.5, "upper_km": 0.0, "lower_km": 20.0, "length_km": 156.49090018125619, "width_km": 25.20944828020529, "area_km2": 3945.0492544421468, "mmax": 7.5664471868210619, "slip_rate": 5.1, "slip_rate_min": 4.6004, "slip_rate_max": 5.5361, "recurrence_years": 415.84062951907293, "p30": 0.069602181769153115, "p50": 0.11329095443524473 }, "geometry": { "type": "LineString", "coordinates": [ [ 42.9551, 37.8942 ], [ 42.847531, 37.888653 ], [ 42.737197, 37.882959 ], [ 42.626879, 37.877172 ], [ 42.51632, 37.877263 ], [ 42.41535, 37.912854 ], [ 42.314339, 37.948459 ], [ 42.213287, 37.984079 ], [ 42.112106, 38.019559 ], [ 42.010808, 38.054916 ], [ 41.909469, 38.090288 ], [ 41.808089, 38.125674 ], [ 41.702632, 38.152801 ], [ 41.595923, 38.176815 ], [ 41.489181, 38.200836 ], [ 41.382407, 38.224864 ], [ 41.2756, 38.2489 ] ] } },
{ "type": "Feature", "properties": { "fault_id": "F0410", "label": "Muş – Tatvan", "catalog_name": "SHARE", "slip_type": "Dextral", "rake": 180.0, "dip": 87.5, "upper_km": 0.0, "lower_km": 20.0, "length_km": 87.809883121154385, "width_km": 20.019053703266398, "area_km2": 1757.8707658799353, "mmax": 7.2898866825763768, "slip_rate": 2.0, "slip_rate_min": 1.0, "slip_rate_max": 3.0, "recurrence_years": 915.57058152316426, "p30": 0.032235447842087317, "p50": 0.053146364986901395 }, "geometry": { "type": "LineString", "coordinates": [ [ 41.128057, 38.73886 ], [ 41.159832, 38.711516 ], [ 41.249562, 38.649836 ], [ 41.342473, 38.591168 ], [ 41.461773, 38.595227 ], [ 41.578437, 38.575359 ], [ 41.686056, 38.535007 ], [ 41.759946, 38.461747 ], [ 41.87276, 38.43167 ], [ 41.979539, 38.390312 ] ] } },
{ "type": "Feature", "properties": { "fault_id": "F0411", "label": "Develi – Niğde", "catalog_name": "SHARE", "slip_type": "Sinistral", "rake": -16.0, "dip": 85.0, "upper_km": 0.0, "lower_km": 18.0, "length_km": 115.20572522066915, "width_km": 18.068757075780251, "area_km2": 2081.6242627513611, "mmax": 7.3647703880704896, "slip_rate": 2.1, "slip_rate_min": 1.0, "slip_rate_max": 3.1635, "recurrence_years": 953.70199564335599, "p30": 0.030966762658116709, "p50": 0.051076674194720173 }, "geometry": { "type": "LineString", "coordinates": [ [ 35.249559, 38.195854 ], [ 35.218299, 38.138238 ], [ 35.174086, 38.056749 ], [ 35.139986, 37.972316 ], [ 35.11264, 37.886375 ], [ 35.070806, 37.804158 ], [ 35.021376, 37.724634 ], [ 35.002909, 37.637244 ], [ 34.968858, 37.552846 ], [ 34.886902, 37.492631 ], [ 34.831358, 37.415776 ], [ 34.797846, 37.331269 ], [ 34.764373, 37.246761 ] ] } },
{ "type": "Feature", "properties": { "fault_id": "F0412", "label": "Keskin – Aksaray", "catalog_name": "SHARE", "slip_type": "Sinistral", "rake": 0.0, "dip": 60.0, "upper_km": 0.0, "lower_km": 15.0, "length_km": 237.70105109939067, "width_km": 17.320508075688775, "area_km2": 4117.1029751667065, "mmax": 7.6668835641059907, "slip_rate": 1.5, "slip_rate_min": 1.0, "slip_rate_max": 2.0817, "recurrence_years": 1916.5541880433257, "p30": 0.015531219579104527, "p50": 0.025751123064328918 }, "geometry": { "type": "LineString", "coordinates": [ [ 33.195619, 39.270082 ], [ 33.25221, 39.226316 ], [ 33.334647, 39.162563 ], [ 33.417045, 39.098838 ], [ 33.446485, 39.011527 ], [ 33.537837, 38.955816 ], [ 33.60568, 38.882605 ], [ 33.624351, 38.793529 ], [ 33.68888, 38.718602 ], [ 33.753388, 38.6437 ], [ 33.817876, 38.568822 ], [ 33.885629, 38.495765 ], [ 33.961104, 38.427547 ], [ 34.036548, 38.359356 ], [ 34.108214, 38.288752 ], [ 34.17743, 38.216696 ], [ 34.24662, 38.144666 ], [ 34.315785, 38.072662 ], [ 34.377674, 37.996703 ], [ 34.476418, 37.951019 ], [ 34.57587, 37.906384 ], [ 34.655156, 37.841351 ], [ 34.757389, 37.801048 ], [ 34.871561, 37.79833 ], [ 34.982652, 37.819366 ] ] } },
{ "type": "Feature", "properties": { "fault_id": "F0413", "label": "Bingöl – Karakoçan", "catalog_name": "SHARE", "slip_type": "Dextral", "rake": 180.0, "dip": 85.0, "upper_km": 0.0, "lower_km": 20.0, "length_km": 37.14442197440809, "width_km": 20.076396750866948, "area_km2": 745.72615263983744, "mmax": 6.9100309615605706, "slip_rate": 4.0, "slip_rate_min": 3.0, "slip_rate_max": 5.0, "recurrence_years": 290.59345078612057, "p30": 0.098086817447599617, "p50": 0.15807276621419797 }, "geometry": { "type": "LineString", "coordinates": [ [ 40.450021, 38.964588 ], [ 40.355221, 38.979436 ], [ 40.253488, 39.012158 ], [ 40.145771, 39.03002 ], [ 40.046782, 39.067606 ] ] } },
{ "type": "Feature", "properties": { "fault_id": "F0414", "label": "Bingöl", "catalog_name": "SHARE", "slip_type": "Dextral", "rake": 180.0, "dip": 85.0, "upper_km": 0.0, "lower_km": 20.0, "length_km": 16.767740110589749, "width_km": 20.076396750866948, "area_km2": 336.63580307562546, "mmax": 6.5577035097855854, "slip_rate": 1.5, "slip_rate_min": 1.0, "slip_rate_max": 2.0, "recurrence_years": 508.37296528311339, "p30": 0.05730434775837967, "p50": 0.093671075676919346 }, "geometry": { "type": "LineString", "coordinates": [ [ 40.240246, 38.906461 ], [ 40.174612, 38.961472 ], [ 40.108958, 39.016501 ] ] } },
{ "type": "Feature", "properties": { "fault_id": "F0415", "label": "Bayburt – Erzincan", "catalog_name": "SHARE", "slip_type": "Sinistral", "rake": 0.0, "dip": 85.0, "upper_km": 0.0, "lower_km": 20.0, "length_km": 94.445693973939612, "width_km": 20.076396750866948, "area_km2": 1896.1292236317754, "mmax": 7.3234252903697685, "slip_rate": 2.3, "slip_rate_min": 2.3, "slip_rate_max": 2.3, "recurrence_years": 828.74498445777692, "p30": 0.035551953767984812, "p50": 0.058548259374627265 }, "geometry": { "type": "LineString", "coordinates": [ [ 40.385017, 40.105586 ], [ 40.309929, 40.065244 ], [ 40.215538, 40.018593 ], [ 40.111944, 39.985413 ], [ 40.003165, 39.964217 ], [ 39.891598, 39.954976 ], [ 39.779959, 39.946382 ], [ 39.669417, 39.931726 ], [ 39.563349, 39.903785 ], [ 39.453768, 39.88562 ], [ 39.341732, 39.882898 ] ] } },
{ "type": "Feature", "properties": { "fault_id": "F0416", "label": "Bingöl", "catalog_name": "SHARE", "slip_type": "Sinistral", "rake": 0.0, "dip": 75.0, "upper_km": 0.0, "lower_km": 20.0, "length_km": 36.431245188369921, "width_km": 20.705523608201659, "area_km2": 754.32800732397652, "mmax": 6.9151114375229934, "slip_rate": 1.5, "slip_rate_min": 1.0, "slip_rate_max": 2.0, "recurrence_years": 779.64053286651836, "p30": 0.037748349758693123, "p50": 0.062118921249988523 }, "geometry": { "type": "LineString", "coordinates": [ [ 40.704929, 39.337984 ], [ 40.640949, 39.282982 ], [ 40.569816, 39.219566 ], [ 40.493825, 39.159679 ], [ 40.428645, 39.092603 ] ] } },
{ "type": "Feature", "properties": { "fault_id": "F0417", "label": "Tunceli – Akçapınar", "catalog_name": "SHARE", "slip_type": "Sinistral", "rake": -11.0, "dip": 70.0, "upper_km": 0.0, "lower_km": 12.0, "length_km": 26.641383153400213, "width_km": 12.770133269710946, "area_km2": 340.21401335835276, "mmax": 6.562387242125344, "slip_rate": 1.5, "slip_rate_min": 1.0, "slip_rate_max": 2.0696, "recurrence_years": 511.22978821026629, "p30": 0.056993427447891487, "p50": 0.093172811206209794 }, "geometry": { "type": "LineString", "coordinates": [ [ 39.296921, 39.34274 ], [ 39.203653, 39.3492 ], [ 39.112328, 39.305554 ], [ 39.028974, 39.253277 ] ] } },
{ "type": "Feature", "properties": { "fault_id": "F0418", "label": "Hekimhan – Akçapınar", "catalog_name": "SHARE", "slip_type": "Sinistral", "rake": 19.0, "dip": 70.0, "upper_km": 0.0, "lower_km": 20.0, "length_km": 34.524462456038933, "width_km": 21.283555449518243, "area_km2": 734.80331104791537, "mmax": 6.9034945266750842, "slip_rate": 1.6, "slip_rate_min": 1.0, "slip_rate_max": 2.2655, "recurrence_years": 720.8243483962782, "p30": 0.04076483566623057, "p50": 0.067013946683799008 }, "geometry": { "type": "LineString", "coordinates": [ [ 38.349398, 38.968111 ], [ 38.453952, 39.031662 ], [ 38.558563, 39.095247 ], [ 38.663232, 39.158867 ] ] } },
{ "type": "Feature", "properties": { "fault_id": "F0419", "label": "Divriği – Hekimhan", "catalog_name": "SHARE", "slip_type": "Sinistral", "rake": 16.0, "dip": 85.0, "upper_km": 0.0, "lower_km": 20.0, "length_km": 52.723113710180392, "width_km": 20.076396750866948, "area_km2": 1058.4901487866543, "mmax": 7.0651805568680519, "slip_rate": 2.1, "slip_rate_min": 1.0, "slip_rate_max": 3.1635, "recurrence_years": 666.41300758378986, "p30": 0.044018892834593037, "p50": 0.072282998058777914 }, "geometry": { "type": "LineString", "coordinates": [ [ 38.383014, 39.477716 ], [ 38.426519, 39.430902 ], [ 38.409487, 39.348745 ], [ 38.417501, 39.265772 ], [ 38.400666, 39.183594 ], [ 38.368787, 39.104148 ], [ 38.328704, 39.026981 ] ] } },
{ "type": "Feature", "properties": { "fault_id": "F0420", "label": "Gemerek – Şarkışla", "catalog_name": "SHARE", "slip_type": "Sinistral", "rake": -22.0, "dip": 77.5, "upper_km": 0.0, "lower_km": 18.0, "length_km": 103.34610846015718, "width_km": 18.437031257661165, "area_km2": 1905.395432037559, "mmax": 7.3255848221069062, "slip_rate": 2.1, "slip_rate_min": 1.0, "slip_rate_max": 3.1635, "recurrence_years": 910.02131348944522, "p30": 0.032428795932155419, "p50": 0.053461627876891127 }, "geometry": { "type": "LineString", "coordinates": [ [ 35.993625, 39.157061 ], [ 36.085002, 39.212143 ], [ 36.183075, 39.265918 ], [ 36.276868, 39.324166 ], [ 36.345101, 39.400837 ], [ 36.464423, 39.413565 ], [ 36.573561, 39.453015 ], [ 36.682749, 39.492484 ], [ 36.798369, 39.519005 ], [ 36.915012, 39.54284 ], [ 37.031693, 39.566683 ] ] } },
{ "type": "Feature", "properties": { "fault_id": "F0421", "label": "Gemerek – Şarkışla", "catalog_name": "SHARE", "slip_type": "Sinistral", "rake": -22.0, "dip": 72.5, "upper_km": 0.0, "lower_km": 18.0, "length_km": 122.94440890015656, "width_km": 18.87352425253459, "area_km2": 2320.3942830906344, "mmax": 7.4128730225326791, "slip_rate": 2.1, "slip_rate_min": 1.0, "slip_rate_max": 3.1736, "recurrence_years": 1010.1996124122812, "p30": 0.029260475024112442, "p50": 0.048290243656003096 }, "geometry": { "type": "LineString", "coordinates": [ [ 35.897741, 39.015285 ], [ 35.985336, 39.066264 ], [ 36.081076, 39.121437 ], [ 36.19768, 39.141044 ], [ 36.313581, 39.163125 ], [ 36.426534, 39.19311 ], [ 36.540623, 39.220501 ], [ 36.652331, 39.253357 ], [ 36.753232, 39.303005 ], [ 36.856, 39.350397 ], [ 36.958819, 39.397813 ], [ 37.061018, 39.44611 ], [ 37.156106, 39.502483 ] ] } },
{ "type": "Feature", "properties": { "fault_id": "F0422", "label": "Sivas – Divriği", "catalog_name": "SHARE", "slip_type": "Sinistral", "rake": -16.0, "dip": 80.0, "upper_km": 0.0, "lower_km": 18.0, "length_km": 106.36482549315896, "width_km": 18.277679013943409, "area_km2": 1944.1021387380645, "mmax": 7.3344934596022506, "slip_rate": 2.1, "slip_rate_min": 1.0, "slip_rate_max": 3.1736, "recurrence_years": 919.77279928613621, "p30": 0.032090560770233201, "p50": 0.052910092475410009 }, "geometry": { "type": "LineString", "coordinates": [ [ 36.797487, 39.315613 ], [ 36.872553, 39.34009 ], [ 36.978638, 39.374682 ], [ 37.086328, 39.406271 ], [ 37.195166, 39.435523 ], [ 37.304137, 39.464584 ], [ 37.416025, 39.486169 ], [ 37.523398, 39.518734 ], [ 37.637993, 39.508308 ], [ 37.752941, 39.500637 ], [ 37.867038, 39.513866 ], [ 37.978522, 39.536895 ] ] } },
{ "type": "Feature", "properties": { "fault_id": "F0423", "label": "Kayseri – Gemerek", "catalog_name": "SHARE", "slip_type": "Sinistral", "rake": 0.0, "dip": 87.5, "upper_km": 0.0, "lower_km": 18.0, "length_km": 111.53783433451933, "width_km": 18.017148332939758, "area_km2": 2009.5937059398959, "mmax": 7.349170427083112, "slip_rate": 2.0, "slip_rate_min": 1.0, "slip_rate_max": 3.0, "recurrence_years": 982.87011096846857, "p30": 0.030061734268959639, "p50": 0.049599136501079055 }, "geometry": { "type": "LineString", "coordinates": [ [ 35.291444, 38.812675 ], [ 35.378244, 38.86903 ], [ 35.468422, 38.927577 ], [ 35.560654, 38.984225 ], [ 35.659497, 39.033764 ], [ 35.756765, 39.085228 ], [ 35.85171, 39.139321 ], [ 35.948353, 39.191657 ], [ 36.021668, 39.263264 ], [ 36.103218, 39.329371 ], [ 36.189811, 39.391588 ], [ 36.276446, 39.453834 ] ] } },
{ "type": "Feature", "properties": { "fault_id": "F0424", "label": "Sivas", "catalog_name": "SHARE", "slip_type": "Sinistral-Normal", "rake": -45.0, "dip": 85.0, "upper_km": 0.0, "lower_km": 10.0, "length_km": 33.725017691036058, "width_km": 10.038198375433474, "area_km2": 338.53841779762331, "mmax": 6.5602001193459785, "slip_rate": 1.1, "slip_rate_min": 0.0001, "slip_rate_max": 2.2429, "recurrence_years": 695.30968542069422, "p30": 0.042228686633656198, "p50": 0.069385728094078947 }, "geometry": { "type": "LineString", "coordinates": [ [ 36.907694, 39.705476 ], [ 37.036821, 39.705285 ], [ 37.131381, 39.776296 ], [ 37.223158, 39.849509 ] ] } },
{ "type": "Feature", "properties": { "fault_id": "F0425", "label": "Sivas – Suşehri", "catalog_name": "SHARE", "slip_type": "Sinistral-Reverse", "rake": 54.0, "dip": 60.0, "upper_km": 0.0, "lower_km": 18.0, "length_km": 97.307324324999627, "width_km": 20.784609690826528, "area_km2": 2022.4947561537872, "mmax": 7.3052986638374442, "slip_rate": 0.6, "slip_rate_min": 0.0001, "slip_rate_max": 1.2583, "recurrence_years": 2797.6158923146691, "p30": 0.010666125488112188, "p50": 0.017713597179129903 }, "geometry": { "type": "LineString", "coordinates": [ [ 37.065455, 39.82753 ], [ 37.141952, 39.853583 ], [ 37.248815, 39.889978 ], [ 37.359605, 39.918745 ], [ 37.476574, 39.920539 ], [ 37.592616, 39.932009 ], [ 37.709444, 39.927022 ], [ 37.822483, 39.903913 ], [ 37.939172, 39.897802 ], [ 38.053497, 39.878939 ], [ 38.167793, 39.860081 ] ] } },
{ "type": "Feature", "properties": { "fault_id": "F0426", "label": "Akşehir – Afyonkarahisar", "catalog_name": "SHARE", "slip_type": "Sinistral-Normal", "rake": -51.0, "dip": 54.0, "upper_km": 0.0, "lower_km": 15.0, "length_km": 23.924847724677967, "width_km": 18.541019662496844, "area_km2": 443.59107208549705, "mmax": 6.6299224526931164, "slip_rate": null, "slip_rate_min": null, "slip_rate_max": null, "recurrence_years": null, "p30": null, "p50": null }, "geometry": { "type": "LineString", "coordinates": [ [ 31.073317, 38.585603 ], [ 30.936827, 38.597362 ], [ 30.800322, 38.609122 ] ] } },
{ "type": "Feature", "properties": { "fault_id": "F0427", "label": "Akşehir", "catalog_name": "SHARE", "slip_type": "Normal", "rake": -104.0, "dip": 50.0, "upper_km": 0.0, "lower_km": 10.0, "length_km": 26.99094720572036, "width_km": 13.054072893322786, "area_km2": 352.34179228330055, "mmax": 6.5279034423496949, "slip_rate": 0.7, "slip_rate_min": 0.0001, "slip_rate_max": 1.3092, "recurrence_years": 939.01322660082701, "p30": 0.031443472461611499, "p50": 0.051854574704162104 }, "geometry": { "type": "LineString", "coordinates": [ [ 31.589861, 38.67457 ], [ 31.510488, 38.632086 ], [ 31.413677, 38.596342 ], [ 31.328453, 38.647001 ] ] } },
{ "type": "Feature", "properties": { "fault_id": "F0428", "label": "Balıkesir – Soma", "catalog_name": "SHARE", "slip_type": "Dextral-Normal", "rake": -146.0, "dip": 70.0, "upper_km": 0.0, "lower_km": 15.0, "length_km": 111.54542114202505, "width_km": 15.962666587138683, "area_km2": 1780.5623670121161, "mmax": 7.2955683339301221, "slip_rate": 1.6, "slip_rate_min": 0.0001, "slip_rate_max": 3.1832, "recurrence_years": 1152.2695183436024, "p30": 0.025699572197848575, "p50": 0.04246463680994006 }, "geometry": { "type": "LineString", "coordinates": [ [ 28.163514, 39.668258 ], [ 28.162, 39.598244 ], [ 28.157554, 39.505115 ], [ 28.100308, 39.423071 ], [ 28.052346, 39.337573 ], [ 27.990121, 39.257787 ], [ 27.957908, 39.168002 ], [ 27.891994, 39.090091 ], [ 27.823265, 39.013696 ], [ 27.835222, 38.92097 ], [ 27.753898, 38.852578 ], [ 27.67261, 38.784217 ] ] } },
{ "type": "Feature", "properties": { "fault_id": "F0429", "label": "Konya – Kulu", "catalog_name": "SHARE", "slip_type": "Sinistral-Normal", "rake": -60.0, "dip": 40.0, "upper_km": 0.0, "lower_km": 12.0, "length_km": 126.22533151776157, "width_km": 18.668685922324951, "area_km2": 2356.4610695464353, "mmax": 7.3697054746795683, "slip_rate": 0.8, "slip_rate_min": 0.0001, "slip_rate_max": 1.5844, "recurrence_years": 2249.5036439619698, "p30": 0.013247741240111077, "p50": 0.021981923105348411 }, "geometry": { "type": "LineString", "coordinates": [ [ 32.283761, 37.732347 ], [ 32.340486, 37.805786 ], [ 32.398204, 37.880511 ], [ 32.455938, 37.955257 ], [ 32.513688, 38.030024 ], [ 32.59332, 38.0911 ], [ 32.643876, 38.169077 ], [ 32.694442, 38.247072 ], [ 32.74502, 38.325083 ], [ 32.795609, 38.403111 ], [ 32.846209, 38.481157 ], [ 32.89682, 38.559219 ], [ 32.947442, 38.637298 ], [ 32.998075, 38.715395 ] ] } },
{ "type": "Feature", "properties": { "fault_id": "F0430", "label": "Kızılcahamam – Beypazarı", "catalog_name": "SHARE", "slip_type": "Sinistral", "rake": 0.0, "dip": 80.0, "upper_km": 0.0, "lower_km": 15.0, "length_km": 116.25708606360189, "width_km": 15.231399178286175, "area_km2": 1770.758085139091, "mmax": 7.2931224180972247, "slip_rate": 0.5, "slip_rate_min": 0.0001, "slip_rate_max": 1.0, "recurrence_years": 3676.4878466226182, "p30": 0.0081267595781234769, "p50": 0.013507874841554024 }, "geometry": { "type": "LineString", "coordinates": [ [ 32.789209, 40.556526 ], [ 32.711939, 40.493664 ], [ 32.633733, 40.43004 ], [ 32.549135, 40.371408 ], [ 32.449037, 40.329349 ], [ 32.348986, 40.287311 ], [ 32.248984, 40.245292 ], [ 32.144885, 40.209633 ], [ 32.037567, 40.180167 ], [ 31.930291, 40.150712 ], [ 31.823056, 40.121268 ], [ 31.715862, 40.091836 ], [ 31.60871, 40.062415 ] ] } },
{ "type": "Feature", "properties": { "fault_id": "F0431", "label": "Kızılcahamam – Kazan", "catalog_name": "SHARE", "slip_type": "Sinistral-Normal", "rake": -38.0, "dip": 70.0, "upper_km": 0.0, "lower_km": 15.0, "length_km": 19.514824680028543, "width_km": 15.962666587138683, "area_km2": 311.50863987376096, "mmax": 6.5233394985043773, "slip_rate": 0.6, "slip_rate_min": 0.0001, "slip_rate_max": 1.1327, "recurrence_years": 1219.7382582226464, "p30": 0.024295437452278579, "p50": 0.040163576443379645 }, "geometry": { "type": "LineString", "coordinates": [ [ 32.265531, 40.394681 ], [ 32.380231, 40.388706 ], [ 32.494919, 40.38273 ] ] } },
{ "type": "Feature", "properties": { "fault_id": "F0432", "label": "Beypazarı", "catalog_name": "SHARE", "slip_type": "Sinistral-Normal", "rake": -38.0, "dip": 70.0, "upper_km": 0.0, "lower_km": 15.0, "length_km": 18.583517840456668, "width_km": 15.962666587138683, "area_km2": 296.64249930335325, "mmax": 6.5016780389738855, "slip_rate": 0.6, "slip_rate_min": 0.0001, "slip_rate_max": 1.1327, "recurrence_years": 1188.5328282921466, "p30": 0.02492530859939257, "p50": 0.041196066515814755 }, "geometry": { "type": "LineString", "coordinates": [ [ 31.994023, 40.308773 ], [ 32.101983, 40.295557 ], [ 32.20992, 40.282346 ] ] } },
{ "type": "Feature", "properties": { "fault_id": "F0433", "label": "Çankırı – Kırıkkale", "catalog_name": "SHARE", "slip_type": "Sinistral-Normal", "rake": -38.0, "dip": 70.0, "upper_km": 0.0, "lower_km": 15.0, "length_km": 50.185180573154675, "width_km": 15.962666587138683, "area_km2": 801.08930510461744, "mmax": 6.9417545524274615, "slip_rate": 0.6, "slip_rate_min": 0.0001, "slip_rate_max": 1.1327, "recurrence_years": 2012.2335688239173, "p30": 0.014798220049190403, "p50": 0.024541839429602974 }, "geometry": { "type": "LineString", "coordinates": [ [ 33.439188, 40.349504 ], [ 33.421428, 40.280009 ], [ 33.397527, 40.186486 ], [ 33.414787, 40.092117 ], [ 33.447697, 40.000224 ], [ 33.371864, 39.924721 ] ] } },
{ "type": "Feature", "properties": { "fault_id": "F0434", "label": "Kırıkkale", "catalog_name": "SHARE", "slip_type": "Sinistral-Normal", "rake": -29.0, "dip": 70.0, "upper_km": 0.0, "lower_km": 15.0, "length_km": 55.824868487129493, "width_km": 15.962666587138683, "area_km2": 891.11376293091314, "mmax": 6.9889318142662944, "slip_rate": 0.5, "slip_rate_min": 0.0001, "slip_rate_max": 1.0056, "recurrence_years": 2554.8964984641793, "p30": 0.011673488538869181, "p50": 0.019380009911325047 }, "geometry": { "type": "LineString", "coordinates": [ [ 33.472294, 39.871665 ], [ 33.442228, 39.791101 ], [ 33.412164, 39.710544 ], [ 33.382103, 39.629994 ], [ 33.352045, 39.549452 ], [ 33.321989, 39.468917 ], [ 33.291937, 39.388389 ] ] } },
{ "type": "Feature", "properties": { "fault_id": "F0435", "label": "Keskin – Kulu", "catalog_name": "SHARE", "slip_type": "Dextral", "rake": -175.0, "dip": 66.0, "upper_km": 0.0, "lower_km": 15.0, "length_km": 18.076853314956708, "width_km": 16.419544177590701, "area_km2": 296.81369159675859, "mmax": 6.5019336090698889, "slip_rate": 1.5, "slip_rate_min": 1.0, "slip_rate_max": 2.0119, "recurrence_years": 475.55852280963251, "p30": 0.061135129992902826, "p50": 0.09980109173391194 }, "geometry": { "type": "LineString", "coordinates": [ [ 33.19276, 39.19917 ], [ 33.252805, 39.132585 ], [ 33.322842, 39.072 ] ] } },
{ "type": "Feature", "properties": { "fault_id": "F0436", "label": "Ankara – Kırıkkale", "catalog_name": "SHARE", "slip_type": "Sinistral", "rake": 0.0, "dip": 87.0, "upper_km": 0.0, "lower_km": 15.0, "length_km": 27.219354590461393, "width_km": 15.020585189968815, "area_km2": 408.85063444199409, "mmax": 6.6437959695339028, "slip_rate": 0.5, "slip_rate_min": 0.0001, "slip_rate_max": 1.0, "recurrence_years": 1690.5889235729217, "p30": 0.017588774935422657, "p50": 0.029142417574367196 }, "geometry": { "type": "LineString", "coordinates": [ [ 33.261547, 39.645311 ], [ 33.228708, 39.567603 ], [ 33.195874, 39.489905 ], [ 33.163044, 39.412215 ] ] } },
{ "type": "Feature", "properties": { "fault_id": "F0437", "label": "Seydişehir – Akşehir", "catalog_name": "SHARE", "slip_type": "Normal", "rake": -90.0, "dip": 50.0, "upper_km": 0.0, "lower_km": 15.0, "length_km": 116.91208024934849, "width_km": 19.581109339984181, "area_km2": 2289.268226527498, "mmax": 7.3568906142185986, "slip_rate": 1.3, "slip_rate_min": 0.0001, "slip_rate_max": 2.6108, "recurrence_years": 1363.2472607114346, "p30": 0.02176590761194297, "p50": 0.036012674421567192 }, "geometry": { "type": "LineString", "coordinates": [ [ 31.765579, 37.678654 ], [ 31.757553, 37.686734 ], [ 31.689757, 37.75498 ], [ 31.621937, 37.823251 ], [ 31.554093, 37.891545 ], [ 31.486225, 37.959864 ], [ 31.418333, 38.028208 ], [ 31.428105, 38.114662 ], [ 31.328943, 38.152739 ], [ 31.229739, 38.190832 ], [ 31.219919, 38.277284 ], [ 31.158627, 38.349535 ], [ 31.109627, 38.427368 ], [ 31.041498, 38.495835 ] ] } },
{ "type": "Feature", "properties": { "fault_id": "F0438", "label": "Seydişehir", "catalog_name": "SHARE", "slip_type": "Normal", "rake": -90.0, "dip": 50.0, "upper_km": 0.0, "lower_km": 10.0, "length_km": 31.862457999662681, "width_km": 13.054072893322786, "area_km2": 415.93484928803235, "mmax": 6.6014058156364346, "slip_rate": 1.3, "slip_rate_min": 0.0001, "slip_rate_max": 2.6108, "recurrence_years": 552.1013473315827, "p30": 0.052887929033873848, "p50": 0.086583288746664544 }, "geometry": { "type": "LineString", "coordinates": [ [ 31.55743, 37.612239 ], [ 31.671539, 37.640008 ], [ 31.784142, 37.67516 ], [ 31.875486, 37.738092 ] ] } },
{ "type": "Feature", "properties": { "fault_id": "F0439", "label": "Seydişehir – Hadim", "catalog_name": "SHARE", "slip_type": "Dextral", "rake": 180.0, "dip": 85.0, "upper_km": 0.0, "lower_km": 10.0, "length_km": 150.69687916624733, "width_km": 10.038198375433474, "area_km2": 1512.7251676295184, "mmax": 7.2233552330844546, "slip_rate": 1.0, "slip_rate_min": 0.0001, "slip_rate_max": 2.0, "recurrence_years": 1691.0309739471977, "p30": 0.017584217738882191, "p50": 0.029134911560007914 }, "geometry": { "type": "LineString", "coordinates": [ [ 31.650349, 37.628359 ], [ 31.705878, 37.554931 ], [ 31.764714, 37.477151 ], [ 31.837983, 37.407556 ], [ 31.921537, 37.345757 ], [ 32.005039, 37.283973 ], [ 32.102316, 37.236718 ], [ 32.179374, 37.169934 ], [ 32.246097, 37.096463 ], [ 32.312798, 37.023016 ], [ 32.379476, 36.949593 ], [ 32.465963, 36.890888 ], [ 32.555813, 36.835575 ], [ 32.645622, 36.780286 ], [ 32.73539, 36.725023 ], [ 32.825117, 36.669785 ] ] } },
{ "type": "Feature", "properties": { "fault_id": "F0440", "label": "Antalya", "catalog_name": "SHARE", "slip_type": "Normal", "rake": -74.0, "dip": 50.0, "upper_km": 0.0, "lower_km": 15.0, "length_km": 28.657045112083907, "width_km": 19.581109339984181, "area_km2": 561.13673370057415, "mmax": 6.7340500738559967, "slip_rate": 1.3, "slip_rate_min": 0.0001, "slip_rate_max": 2.6583, "recurrence_years": 647.05590349320778, "p30": 0.045305462410663688, "p50": 0.074362950162433661 }, "geometry": { "type": "LineString", "coordinates": [ [ 30.602124, 37.174724 ], [ 30.580096, 37.099728 ], [ 30.550742, 37.012381 ], [ 30.639958, 36.956707 ] ] } },
{ "type": "Feature", "properties": { "fault_id": "F0441", "label": "Fethiye", "catalog_name": "SHARE", "slip_type": "Normal", "rake": -90.0, "dip": 50.0, "upper_km": 0.0, "lower_km": 14.0, "length_km": 23.058373881778103, "width_km": 18.275702050651901, "area_km2": 421.40797083591031, "mmax": 6.6071968008497297, "slip_rate": 1.3, "slip_rate_min": 0.0001, "slip_rate_max": 2.6108, "recurrence_years": 555.9399047284611, "p30": 0.052532522438842433, "p50": 0.086011946772619696 }, "geometry": { "type": "LineString", "coordinates": [ [ 29.344876, 36.631044 ], [ 29.224301, 36.617053 ], [ 29.088621, 36.618744 ] ] } },
{ "type": "Feature", "properties": { "fault_id": "F0442", "label": "Kütahya – Tavşanlı", "catalog_name": "SHARE", "slip_type": "Dextral-Normal", "rake": -130.0, "dip": 64.0, "upper_km": 0.0, "lower_km": 15.0, "length_km": 173.96348115559658, "width_km": 16.689029107127833, "area_km2": 2903.2816005830359, "mmax": 7.4621469450226527, "slip_rate": 1.3, "slip_rate_min": 0.0001, "slip_rate_max": 2.6836, "recurrence_years": 1546.2034882940343, "p30": 0.019215347757639001, "p50": 0.031820011260547343 }, "geometry": { "type": "LineString", "coordinates": [ [ 30.148197, 39.355612 ], [ 30.097045, 39.372708 ], [ 29.991093, 39.408118 ], [ 29.885096, 39.443544 ], [ 29.779053, 39.478985 ], [ 29.672965, 39.514441 ], [ 29.574747, 39.46739 ], [ 29.463033, 39.490281 ], [ 29.351284, 39.513179 ], [ 29.239501, 39.536084 ], [ 29.127684, 39.558996 ], [ 29.020832, 39.593287 ], [ 28.910402, 39.620125 ], [ 28.795141, 39.628914 ], [ 28.679866, 39.637704 ], [ 28.564576, 39.646495 ], [ 28.449272, 39.655287 ], [ 28.333953, 39.66408 ], [ 28.218619, 39.672874 ] ] } },
{ "type": "Feature", "properties": { "fault_id": "F0443", "label": "Tavşanlı – Simav", "catalog_name": "SHARE", "slip_type": "Normal", "rake": -90.0, "dip": 50.0, "upper_km": 0.0, "lower_km": 14.0, "length_km": 35.790242908176495, "width_km": 18.275702050651901, "area_km2": 654.0918157102908, "mmax": 6.8019514893805004, "slip_rate": 0.7, "slip_rate_min": 0.0001, "slip_rate_max": 1.3054, "recurrence_years": 1303.3745129432411, "p30": 0.022754301124367049, "p50": 0.03763545894047271 }, "geometry": { "type": "LineString", "coordinates": [ [ 29.27376, 39.50028 ], [ 29.22033, 39.434316 ], [ 29.164475, 39.365359 ], [ 29.129221, 39.288717 ], [ 29.13829, 39.20767 ] ] } },
{ "type": "Feature", "properties": { "fault_id": "F0444", "label": "Soma – Aliağa", "catalog_name": "SHARE", "slip_type": "Sinistral-Normal", "rake": -32.0, "dip": 75.0, "upper_km": 0.0, "lower_km": 13.0, "length_km": 35.904357299612961, "width_km": 13.458590345331078, "area_km2": 483.22203650788845, "mmax": 6.7178296659421104, "slip_rate": 1.0, "slip_rate_min": 0.0001, "slip_rate_max": 2.0659, "recurrence_years": 923.58423861956169, "p30": 0.031960268951761961, "p50": 0.052697600827329993 }, "geometry": { "type": "LineString", "coordinates": [ [ 27.57686, 39.15672 ], [ 27.483529, 39.121751 ], [ 27.390245, 39.086799 ], [ 27.296999, 39.051861 ], [ 27.20379, 39.016938 ] ] } },
{ "type": "Feature", "properties": { "fault_id": "F0445", "label": "Alaşehir – Salihli", "catalog_name": "SHARE", "slip_type": "Normal", "rake": -69.0, "dip": 50.0, "upper_km": 0.0, "lower_km": 13.0, "length_km": 126.66095639738595, "width_km": 16.970294761319622, "area_km2": 2149.4737648142918, "mmax": 7.32897879172274, "slip_rate": 5.7, "slip_rate_min": 5.4658, "slip_rate_max": 5.9588, "recurrence_years": 300.70450078931913, "p30": 0.094950568724341822, "p50": 0.15318768284719253 }, "geometry": { "type": "LineString", "coordinates": [ [ 28.7529, 38.202553 ], [ 28.687599, 38.220223 ], [ 28.577192, 38.244542 ], [ 28.528798, 38.326214 ], [ 28.436481, 38.379802 ], [ 28.333675, 38.420071 ], [ 28.230712, 38.460181 ], [ 28.116718, 38.472285 ], [ 28.005537, 38.495497 ], [ 27.890452, 38.495724 ], [ 27.776504, 38.483135 ], [ 27.679165, 38.435143 ], [ 27.57414, 38.39851 ], [ 27.464794, 38.370822 ] ] } },
{ "type": "Feature", "properties": { "fault_id": "F0446", "label": "Osmaniye", "catalog_name": "SHARE", "slip_type": "Dextral-Normal", "rake": -142.0, "dip": 70.0, "upper_km": 0.0, "lower_km": 20.0, "length_km": 17.030976159942803, "width_km": 21.283555449518243, "area_km2": 362.47972545956594, "mmax": 6.590469394643435, "slip_rate": 0.6, "slip_rate_min": 0.0001, "slip_rate_max": 1.1327, "recurrence_years": 1321.7455795482172, "p30": 0.022441612721401882, "p50": 0.037122192717393587 }, "geometry": { "type": "LineString", "coordinates": [ [ 36.111896, 36.887322 ], [ 36.066846, 36.954949 ], [ 36.021787, 37.022589 ] ] } },
{ "type": "Feature", "properties": { "fault_id": "F0447", "label": "Merkezefendi – Köşk", "catalog_name": "SHARE", "slip_type": "Normal", "rake": -100.0, "dip": 50.0, "upper_km": 0.0, "lower_km": 13.0, "length_km": 123.70591286246085, "width_km": 16.970294761319622, "area_km2": 2099.325804994081, "mmax": 7.3185214410546049, "slip_rate": 4.3, "slip_rate_min": 3.8276, "slip_rate_max": 4.8047, "recurrence_years": 393.65213128407629, "p30": 0.073377865539803522, "p50": 0.11928015254983659 }, "geometry": { "type": "LineString", "coordinates": [ [ 28.887451, 37.959753 ], [ 28.800142, 37.973093 ], [ 28.690473, 37.970302 ], [ 28.588151, 37.939115 ], [ 28.478494, 37.937472 ], [ 28.369557, 37.927517 ], [ 28.262055, 37.910496 ], [ 28.154577, 37.89348 ], [ 28.047122, 37.876467 ], [ 27.939692, 37.859457 ], [ 27.830153, 37.85781 ], [ 27.721902, 37.871174 ], [ 27.613632, 37.884541 ], [ 27.5201, 37.92966 ] ] } },
{ "type": "Feature", "properties": { "fault_id": "F0448", "label": "Kadirli – Kozan", "catalog_name": "SHARE", "slip_type": "Sinistral", "rake": 4.0, "dip": 80.0, "upper_km": 0.0, "lower_km": 25.0, "length_km": 13.622802169061082, "width_km": 25.385665297143625, "area_km2": 345.82389627298681, "mmax": 6.5696320995152409, "slip_rate": 1.5, "slip_rate_min": 1.0, "slip_rate_max": 2.0103, "recurrence_years": 515.68041298223068, "p30": 0.056515711049774264, "p50": 0.092407034700710322 }, "geometry": { "type": "LineString", "coordinates": [ [ 36.38969, 37.6456 ], [ 36.26955, 37.568725 ] ] } },
{ "type": "Feature", "properties": { "fault_id": "F0449", "label": "Osmaniye", "catalog_name": "SHARE", "slip_type": "Sinistral", "rake": 4.0, "dip": 80.0, "upper_km": 0.0, "lower_km": 25.0, "length_km": 14.640759721197593, "width_km": 25.385665297143625, "area_km2": 371.66542597822394, "mmax": 6.6015552061692571, "slip_rate": 1.5, "slip_rate_min": 1.0, "slip_rate_max": 2.0103, "recurrence_years": 535.75734354989004, "p30": 0.054456608590190858, "p50": 0.089103347617889628 }, "geometry": { "type": "LineString", "coordinates": [ [ 36.316554, 37.342376 ], [ 36.210316, 37.241499 ] ] } },
{ "type": "Feature", "properties": { "fault_id": "F0450", "label": "Osmaniye", "catalog_name": "SHARE", "slip_type": "Sinistral", "rake": 4.0, "dip": 85.0, "upper_km": 0.0, "lower_km": 25.0, "length_km": 24.414143512854963, "width_km": 25.095495938583685, "area_km2": 612.68503937085097, "mmax": 6.8229820213138641, "slip_rate": 1.5, "slip_rate_min": 1.0, "slip_rate_max": 2.0103, "recurrence_years": 698.26977279829907, "p30": 0.042053489979750003, "p50": 0.069101995701971064 }, "geometry": { "type": "LineString", "coordinates": [ [ 36.176213, 37.155639 ], [ 36.199566, 37.219974 ], [ 36.240177, 37.289196 ], [ 36.249845, 37.365205 ] ] } },
{ "type": "Feature", "properties": { "fault_id": "F0451", "label": "İzmir – Söke", "catalog_name": "SHARE", "slip_type": "Dextral", "rake": 180.0, "dip": 85.0, "upper_km": 0.0, "lower_km": 13.0, "length_km": 23.572837120251918, "width_km": 13.049657888063516, "area_km2": 307.61745987033191, "mmax": 6.5177712013161786, "slip_rate": 1.0, "slip_rate_min": 0.0001, "slip_rate_max": 2.0, "recurrence_years": 726.98351937961195, "p30": 0.040426544106509033, "p50": 0.066465491656575892 }, "geometry": { "type": "LineString", "coordinates": [ [ 27.25684, 38.18037 ], [ 27.206469, 38.084825 ], [ 27.188525, 37.977473 ] ] } },
{ "type": "Feature", "properties": { "fault_id": "F0452", "label": "Manisa – Menemen", "catalog_name": "SHARE", "slip_type": "Dextral", "rake": 180.0, "dip": 80.0, "upper_km": 0.0, "lower_km": 13.0, "length_km": 24.922468142485485, "width_km": 13.200545954514686, "area_km2": 328.99018601480793, "mmax": 6.5475266017215912, "slip_rate": 0.5, "slip_rate_min": 0.0001, "slip_rate_max": 1.0, "recurrence_years": 1506.6615341974841, "p30": 0.019714646101181232, "p50": 0.032641341113188838 }, "geometry": { "type": "LineString", "coordinates": [ [ 27.298356, 38.750303 ], [ 27.156954, 38.766069 ], [ 27.0144, 38.776113 ] ] } },
{ "type": "Feature", "properties": { "fault_id": "F0453", "label": "İzmir", "catalog_name": "SHARE", "slip_type": "Dextral-Normal", "rake": -125.0, "dip": 85.0, "upper_km": 0.0, "lower_km": 13.0, "length_km": 25.621594789200252, "width_km": 13.049657888063516, "area_km2": 334.35304654565414, "mmax": 6.5046893904371004, "slip_rate": 0.3, "slip_rate_min": 0.0001, "slip_rate_max": 0.5847, "recurrence_years": 2131.0139440180487, "p30": 0.013979176647439862, "p50": 0.023189893115810656 }, "geometry": { "type": "LineString", "coordinates": [ [ 27.45103, 38.373432 ], [ 27.381751, 38.327099 ], [ 27.288383, 38.297481 ], [ 27.1896, 38.28223 ] ] } },
{ "type": "Feature", "properties": { "fault_id": "F0454", "label": "Urla", "catalog_name": "SHARE", "slip_type": "Dextral", "rake": 180.0, "dip": 85.0, "upper_km": 0.0, "lower_km": 13.0, "length_km": 32.703972983170864, "width_km": 13.049657888063516, "area_km2": 426.77565901085177, "mmax": 6.6628036344691193, "slip_rate": 1.0, "slip_rate_min": 0.0001, "slip_rate_max": 2.0, "recurrence_years": 864.73802257823377, "p30": 0.034097699480811983, "p50": 0.056181105327197112 }, "geometry": { "type": "LineString", "coordinates": [ [ 26.61672, 38.09306 ], [ 26.629853, 38.189909 ], [ 26.623946, 38.287901 ], [ 26.64517, 38.38458 ] ] } },
{ "type": "Feature", "properties": { "fault_id": "F0455", "label": "Çankırı – Kurşunlu", "catalog_name": "SHARE", "slip_type": "Dextral", "rake": -178.0, "dip": 87.5, "upper_km": 0.0, "lower_km": 18.0, "length_km": 55.659235945164802, "width_km": 18.017148332939758, "area_km2": 1002.8207101221267, "mmax": 7.041247760259056, "slip_rate": 2.0, "slip_rate_min": 1.0013, "slip_rate_max": 3.0004, "recurrence_years": 679.98149757688293, "p30": 0.043159767362181967, "p50": 0.070893040251970962 }, "geometry": { "type": "LineString", "coordinates": [ [ 33.57129, 40.880126 ], [ 33.513196, 40.829539 ], [ 33.417235, 40.782356 ], [ 33.324444, 40.731747 ], [ 33.212399, 40.714692 ], [ 33.134921, 40.651055 ], [ 33.027833, 40.621093 ] ] } },
{ "type": "Feature", "properties": { "fault_id": "F0456", "label": "Çankırı – Kastamonu", "catalog_name": "SHARE", "slip_type": "Dextral", "rake": -160.0, "dip": 77.5, "upper_km": 0.0, "lower_km": 18.0, "length_km": 54.260219405846442, "width_km": 18.437031257661165, "area_km2": 1000.3973612331438, "mmax": 7.0401759882635524, "slip_rate": 1.5, "slip_rate_min": 0.0001, "slip_rate_max": 3.0004, "recurrence_years": 905.4801437173727, "p30": 0.032588753772444412, "p50": 0.053722414696380616 }, "geometry": { "type": "LineString", "coordinates": [ [ 33.576484, 40.818793 ], [ 33.663231, 40.850489 ], [ 33.740665, 40.90919 ], [ 33.835771, 40.95055 ], [ 33.930922, 40.991929 ], [ 34.023309, 41.036805 ], [ 34.121197, 41.074552 ] ] } },
{ "type": "Feature", "properties": { "fault_id": "F0457", "label": "Çerkeş – Karabük", "catalog_name": "SHARE", "slip_type": "Dextral", "rake": -178.0, "dip": 80.0, "upper_km": 0.0, "lower_km": 18.0, "length_km": 58.020240560063556, "width_km": 18.277679013943409, "area_km2": 1060.4753332686219, "mmax": 7.0660105826746396, "slip_rate": 2.0, "slip_rate_min": 1.0013, "slip_rate_max": 3.0004, "recurrence_years": 700.42889261179823, "p30": 0.041926613616683484, "p50": 0.068896496810646135 }, "geometry": { "type": "LineString", "coordinates": [ [ 33.221888, 40.854984 ], [ 33.132787, 40.815288 ], [ 33.020823, 40.78973 ], [ 32.904017, 40.785872 ], [ 32.790614, 40.807462 ], [ 32.682028, 40.840395 ], [ 32.566472, 40.854373 ] ] } },
{ "type": "Feature", "properties": { "fault_id": "F0458", "label": "Çerkeş – Çankırı", "catalog_name": "SHARE", "slip_type": "Dextral", "rake": -178.0, "dip": 80.0, "upper_km": 0.0, "lower_km": 18.0, "length_km": 59.480333471912466, "width_km": 18.277679013943409, "area_km2": 1087.1624428419302, "mmax": 7.0770203296452792, "slip_rate": 2.0, "slip_rate_min": 1.0013, "slip_rate_max": 3.0004, "recurrence_years": 709.71633840978552, "p30": 0.041389471529407307, "p50": 0.068026298439920918 }, "geometry": { "type": "LineString", "coordinates": [ [ 33.212374, 40.824621 ], [ 33.313895, 40.832381 ], [ 33.432469, 40.849849 ], [ 33.546015, 40.88113 ], [ 33.662869, 40.904555 ], [ 33.72667, 40.982203 ], [ 33.836083, 41.021359 ] ] } },
{ "type": "Feature", "properties": { "fault_id": "F0459", "label": "Ayvalık – Aliağa", "catalog_name": "SHARE", "slip_type": "Sinistral-Normal", "rake": -30.0, "dip": 80.0, "upper_km": 0.0, "lower_km": 13.0, "length_km": 34.794995346584045, "width_km": 13.200545954514686, "area_km2": 459.31293505970734, "mmax": 6.6953508496079523, "slip_rate": 1.0, "slip_rate_min": 0.0001, "slip_rate_max": 2.0634, "recurrence_years": 899.07587345790114, "p30": 0.032817037794926396, "p50": 0.054094547130992376 }, "geometry": { "type": "LineString", "coordinates": [ [ 26.58649, 38.99072 ], [ 26.647932, 38.900565 ], [ 26.727741, 38.816099 ], [ 26.856414, 38.785411 ] ] } },
{ "type": "Feature", "properties": { "fault_id": "F0460", "label": "Milas – Muğla", "catalog_name": "SHARE", "slip_type": "Normal", "rake": -72.0, "dip": 60.0, "upper_km": 0.0, "lower_km": 13.0, "length_km": 31.870139688619435, "width_km": 15.01110699893027, "area_km2": 478.40607693672058, "mmax": 6.6633926213786179, "slip_rate": 5.4, "slip_rate_min": 3.6056, "slip_rate_max": 7.2111, "recurrence_years": 143.14534510076186, "p30": 0.18907296304235344, "p50": 0.29481515999030483 }, "geometry": { "type": "LineString", "coordinates": [ [ 27.653862, 36.81425 ], [ 27.772547, 36.81859 ], [ 27.891225, 36.82293 ], [ 28.00991, 36.82727 ] ] } },
{ "type": "Feature", "properties": { "fault_id": "F0461", "label": "Muğla – Milas", "catalog_name": "SHARE", "slip_type": "Sinistral", "rake": -6.0, "dip": 80.0, "upper_km": 0.0, "lower_km": 13.0, "length_km": 52.044715935245023, "width_km": 13.200545954514686, "area_km2": 687.01866439286471, "mmax": 6.8737079065130793, "slip_rate": 5.5, "slip_rate_min": 3.0, "slip_rate_max": 8.0642, "recurrence_years": 202.3528752771322, "p30": 0.13778952038347414, "p50": 0.21893203019183205 }, "geometry": { "type": "LineString", "coordinates": [ [ 27.98008, 37.12378 ], [ 27.908233, 37.052475 ], [ 27.828103, 36.983772 ], [ 27.748006, 36.915098 ], [ 27.667942, 36.846452 ], [ 27.587912, 36.777835 ] ] } },
{ "type": "Feature", "properties": { "fault_id": "F0462", "label": "Samsun – Bartın", "catalog_name": "SHARE", "slip_type": "Reverse", "rake": 90.0, "dip": 34.0, "upper_km": 1.5, "lower_km": 16.0, "length_km": 725.94820926480577, "width_km": 25.930228924585304, "area_km2": 18824.003253629173, "mmax": 8.1772407903101225, "slip_rate": 1.0, "slip_rate_min": 0.0001, "slip_rate_max": 2.0, "recurrence_years": 3664.6115116034507, "p30": 0.0081529892616027944, "p50": 0.013551353428424839 }, "geometry": { "type": "LineString", "coordinates": [ [ 36.48336, 41.58981 ], [ 36.434026, 41.646399 ], [ 36.368604, 41.72144 ], [ 36.30316, 41.796508 ], [ 36.237692, 41.871602 ], [ 36.172202, 41.946722 ], [ 36.106689, 42.021869 ], [ 36.041153, 42.097041 ], [ 35.951592, 42.157091 ], [ 35.835265, 42.181267 ], [ 35.718898, 42.205452 ], [ 35.602489, 42.229646 ], [ 35.486039, 42.253848 ], [ 35.369547, 42.278059 ], [ 35.253013, 42.302279 ], [ 35.136438, 42.326507 ], [ 35.019822, 42.350744 ], [ 34.903164, 42.374989 ], [ 34.786464, 42.399243 ], [ 34.669722, 42.423506 ], [ 34.552938, 42.447778 ], [ 34.43656, 42.473202 ], [ 34.315605, 42.4656 ], [ 34.194665, 42.457998 ], [ 34.07374, 42.450397 ], [ 33.952829, 42.442797 ], [ 33.831932, 42.435198 ], [ 33.71105, 42.4276 ], [ 33.590108, 42.420696 ], [ 33.469051, 42.415131 ], [ 33.348005, 42.409566 ], [ 33.22697, 42.404002 ], [ 33.105945, 42.398438 ], [ 32.984931, 42.392875 ], [ 32.863928, 42.387312 ], [ 32.762927, 42.337831 ], [ 32.670041, 42.280387 ], [ 32.57972, 42.220821 ], [ 32.490651, 42.1603 ], [ 32.386309, 42.115228 ], [ 32.270165, 42.090888 ], [ 32.154063, 42.066556 ], [ 32.038002, 42.042232 ], [ 31.921982, 42.017918 ], [ 31.806003, 41.993612 ], [ 31.690065, 41.969314 ], [ 31.585724, 41.92464 ], [ 31.488737, 41.871663 ], [ 31.391802, 41.818715 ], [ 31.294919, 41.765796 ], [ 31.198088, 41.712905 ], [ 31.101308, 41.660042 ], [ 30.986177, 41.635206 ], [ 30.870704, 41.611398 ], [ 30.755271, 41.587598 ], [ 30.639877, 41.563807 ], [ 30.524356, 41.540472 ], [ 30.408859, 41.517184 ], [ 30.2934, 41.493904 ], [ 30.17864, 41.468877 ], [ 30.059295, 41.473547 ], [ 29.939941, 41.478218 ], [ 29.820579, 41.482889 ], [ 29.701208, 41.487561 ], [ 29.581828, 41.492233 ], [ 29.46244, 41.496905 ], [ 29.343043, 41.501575 ], [ 29.223618, 41.505904 ], [ 29.104185, 41.510232 ], [ 28.984744, 41.514561 ], [ 28.865295, 41.51889 ], [ 28.745838, 41.52322 ], [ 28.626373, 41.52755 ], [ 28.5069, 41.53188 ] ] } },
{ "type": "Feature", "properties": { "fault_id": "F0463", "label": "Rize – Ardeşen", "catalog_name": "SHARE", "slip_type": "Reverse", "rake": 90.0, "dip": 30.0, "upper_km": 1.0, "lower_km": 16.0, "length_km": 108.81990426616979, "width_km": 30.000000000000004, "area_km2": 3264.5971279850942, "mmax": 7.4924466347989576, "slip_rate": 1.0, "slip_rate_min": 0.0001, "slip_rate_max": 2.0, "recurrence_years": 1984.8107490416014, "p30": 0.015001136066969178, "p50": 0.024876665079771043 }, "geometry": { "type": "LineString", "coordinates": [ [ 40.68169, 41.16951 ], [ 40.770706, 41.227235 ], [ 40.859752, 41.284979 ], [ 40.948843, 41.342753 ], [ 41.03798, 41.400556 ], [ 41.127162, 41.458389 ], [ 41.21639, 41.516251 ], [ 41.305664, 41.574143 ], [ 41.394984, 41.632065 ], [ 41.48435, 41.690017 ], [ 41.573762, 41.747998 ], [ 41.66322, 41.80601 ] ] } },
{ "type": "Feature", "properties": { "fault_id": "F0464", "label": "Erzincan", "catalog_name": "SHARE", "slip_type": "Dextral-Reverse", "rake": 142.0, "dip": 75.0, "upper_km": 0.0, "lower_km": 12.0, "length_km": 29.542719990920297, "width_km": 12.423314164920995, "area_km2": 367.01849173349478, "mmax": 6.5959817050701348, "slip_rate": 1.1, "slip_rate_min": 0.0001, "slip_rate_max": 2.2521, "recurrence_years": 725.72263970461893, "p30": 0.040495339968851463, "p50": 0.066577037358311109 }, "geometry": { "type": "LineString", "coordinates": [ [ 39.975214, 39.504098 ], [ 39.898979, 39.551945 ], [ 39.78003, 39.573407 ], [ 39.660474, 39.592899 ] ] } },
{ "type": "Feature", "properties": { "fault_id": "F0465", "label": "Patnos – Erciş", "catalog_name": "SHARE", "slip_type": "Sinistral", "rake": 0.0, "dip": 85.0, "upper_km": 0.0, "lower_km": 12.0, "length_km": 30.911489617397514, "width_km": 12.045838050520169, "area_km2": 372.35479783150612, "mmax": 6.6023760932293474, "slip_rate": 2.0, "slip_rate_min": 1.0, "slip_rate_max": 3.0, "recurrence_years": 402.21284433146894, "p30": 0.071873623949203047, "p50": 0.11689598729353157 }, "geometry": { "type": "LineString", "coordinates": [ [ 42.627566, 39.085214 ], [ 42.733059, 39.126635 ], [ 42.838594, 39.168074 ], [ 42.944179, 39.209532 ] ] } },
{ "type": "Feature", "properties": { "fault_id": "F0466", "label": "Tokat – Amasya", "catalog_name": "SHARE", "slip_type": "Dextral", "rake": -166.0, "dip": 70.0, "upper_km": 0.0, "lower_km": 12.0, "length_km": 79.728517035503259, "width_km": 12.770133269710946, "area_km2": 1018.1437879397961, "mmax": 7.0479652981354937, "slip_rate": 3.1, "slip_rate_min": 1.0, "slip_rate_max": 5.112, "recurrence_years": 442.23782235260546, "p30": 0.0655870454023878, "p50": 0.10690412246201864 }, "geometry": { "type": "LineString", "coordinates": [ [ 36.901523, 40.529726 ], [ 36.790837, 40.560005 ], [ 36.680126, 40.59029 ], [ 36.569371, 40.620587 ], [ 36.458571, 40.650897 ], [ 36.347727, 40.681219 ], [ 36.236838, 40.711553 ], [ 36.125904, 40.741899 ], [ 36.014925, 40.772257 ] ] } },
{ "type": "Feature", "properties": { "fault_id": "F0467", "label": "Hakkâri", "catalog_name": "SHARE", "slip_type": "Sinistral", "rake": 0.0, "dip": 80.0, "upper_km": 0.0, "lower_km": 20.0, "length_km": 26.672831787799833, "width_km": 20.3085322377149, "area_km2": 541.68606423367964, "mmax": 6.7684226160457612, "slip_rate": 2.0, "slip_rate_min": 1.0, "slip_rate_max": 3.0, "recurrence_years": 490.60843518384036, "p30": 0.059316519817383173, "p50": 0.096893027317888958 }, "geometry": { "type": "LineString", "coordinates": [ [ 43.715965, 37.84421 ], [ 43.651983, 37.78508 ], [ 43.600213, 37.716518 ], [ 43.542628, 37.650948 ] ] } },
{ "type": "Feature", "properties": { "fault_id": "F0468", "label": "Ağrı – Iğdır", "catalog_name": "SHARE", "slip_type": "Dextral", "rake": 180.0, "dip": 85.0, "upper_km": 0.0, "lower_km": 20.0, "length_km": 28.928890240582522, "width_km": 20.076396750866948, "area_km2": 580.78787803221746, "mmax": 6.7992978942366671, "slip_rate": 5.5, "slip_rate_min": 3.0, "slip_rate_max": 8.0, "recurrence_years": 185.11659517991185, "p30": 0.14960984146454648, "p50": 0.23669687130617123 }, "geometry": { "type": "LineString", "coordinates": [ [ 43.387218, 40.160715 ], [ 43.498583, 40.163662 ], [ 43.611001, 40.166636 ], [ 43.718597, 40.141616 ] ] } },
{ "type": "Feature", "properties": { "fault_id": "F0469", "label": "Iğdır açıkları", "catalog_name": "SHARE", "slip_type": "Dextral", "rake": 180.0, "dip": 85.0, "upper_km": 0.0, "lower_km": 20.0, "length_km": 92.650437404283693, "width_km": 20.076396750866948, "area_km2": 1860.0869404697628, "mmax": 7.3149239084901971, "slip_rate": 6.5, "slip_rate_min": 5.0, "slip_rate_max": 8.0, "recurrence_years": 290.28059710770088, "p30": 0.098187163262553057, "p50": 0.15822888017063463 }, "geometry": { "type": "LineString", "coordinates": [ [ 44.020133, 40.072101 ], [ 44.117259, 40.033917 ], [ 44.224573, 39.991727 ], [ 44.331835, 39.949558 ], [ 44.439045, 39.907409 ], [ 44.527645, 39.844862 ], [ 44.622347, 39.787901 ], [ 44.718118, 39.732085 ], [ 44.813839, 39.676298 ], [ 44.909512, 39.620539 ] ] } },
{ "type": "Feature", "properties": { "fault_id": "F0470", "label": "Van açıkları", "catalog_name": "SHARE", "slip_type": "Dextral", "rake": 180.0, "dip": 85.0, "upper_km": 0.0, "lower_km": 20.0, "length_km": 16.786443232719261, "width_km": 20.076396750866948, "area_km2": 337.01129437597746, "mmax": 6.5581973448918189, "slip_rate": 4.0, "slip_rate_min": 2.0, "slip_rate_max": 6.0, "recurrence_years": 190.75253381640621, "p30": 0.14552824349623272, "p50": 0.23058109359945378 }, "geometry": { "type": "LineString", "coordinates": [ [ 44.294314, 38.964475 ], [ 44.230128, 39.019974 ], [ 44.165921, 39.075491 ] ] } },
{ "type": "Feature", "properties": { "fault_id": "F0471", "label": "Hakkâri açıkları", "catalog_name": "SHARE", "slip_type": "Dextral", "rake": 180.0, "dip": 85.0, "upper_km": 0.0, "lower_km": 20.0, "length_km": 22.035516856052066, "width_km": 20.076396750866948, "area_km2": 442.39377901251754, "mmax": 6.6787251914701642, "slip_rate": 6.5, "slip_rate_min": 5.0, "slip_rate_max": 8.0, "recurrence_years": 135.59515272826741, "p30": 0.1984811965866945, "p50": 0.30839807714796419 }, "geometry": { "type": "LineString", "coordinates": [ [ 44.367157, 37.026507 ], [ 44.253719, 37.063327 ], [ 44.140237, 37.100161 ] ] } },
{ "type": "Feature", "properties": { "fault_id": "F0472", "label": "Kırıkkale – Kırşehir", "catalog_name": "SHARE", "slip_type": "Dextral", "rake": 180.0, "dip": 85.0, "upper_km": 0.0, "lower_km": 15.0, "length_km": 129.78614015366765, "width_km": 15.057297563150211, "area_km2": 1954.2285318664915, "mmax": 7.3367948567175763, "slip_rate": 1.5, "slip_rate_min": 1.0, "slip_rate_max": 2.0, "recurrence_years": 1291.2324196605491, "p30": 0.022965795071567263, "p50": 0.037982556216796359 }, "geometry": { "type": "LineString", "coordinates": [ [ 33.425165, 39.407397 ], [ 33.499392, 39.363843 ], [ 33.593305, 39.30874 ], [ 33.68717, 39.253663 ], [ 33.780989, 39.198614 ], [ 33.874761, 39.143592 ], [ 33.970662, 39.090904 ], [ 34.072351, 39.045304 ], [ 34.175048, 39.00118 ], [ 34.277696, 38.957076 ], [ 34.372875, 38.903877 ], [ 34.4801, 38.86719 ], [ 34.579204, 38.81867 ], [ 34.678261, 38.770174 ] ] } },
{ "type": "Feature", "properties": { "fault_id": "F0473", "label": "Çanakkale", "catalog_name": "SHARE", "slip_type": "Normal", "rake": -90.0, "dip": 65.0, "upper_km": 0.0, "lower_km": 15.0, "length_km": 24.052664624483896, "width_km": 16.550668784437377, "area_km2": 398.08768558298681, "mmax": 6.5819783182234568, "slip_rate": 0.9, "slip_rate_min": 0.6, "slip_rate_max": 1.1, "recurrence_years": 779.15698756147856, "p30": 0.037771328303664919, "p50": 0.062156248580099271 }, "geometry": { "type": "LineString", "coordinates": [ [ 26.433029, 40.010732 ], [ 26.418467, 40.002232 ], [ 26.405771, 40.000766 ], [ 26.377766, 39.990508 ], [ 26.365818, 39.98787 ], [ 26.351237, 39.977175 ], [ 26.334398, 39.971274 ], [ 26.318461, 39.968914 ], [ 26.295908, 39.968678 ], [ 26.274558, 39.965137 ], [ 26.253208, 39.961597 ], [ 26.239977, 39.959472 ], [ 26.225048, 39.958853 ], [ 26.205997, 39.958764 ], [ 26.180137, 39.960416 ], [ 26.169011, 39.962305 ] ] } },
{ "type": "Feature", "properties": { "fault_id": "F0474", "label": "Ezine – Ayvalık", "catalog_name": "SHARE", "slip_type": "Normal", "rake": -105.0, "dip": 62.5, "upper_km": 0.0, "lower_km": 15.0, "length_km": 41.080338287682764, "width_km": 16.910729202995135, "area_km2": 694.69847635043607, "mmax": 6.8286322732848497, "slip_rate": 1.6, "slip_rate_min": 0.8, "slip_rate_max": 2.5, "recurrence_years": 588.72276033721027, "p30": 0.049681199941898901, "p50": 0.081423067928534043 }, "geometry": { "type": "LineString", "coordinates": [ [ 25.662884, 39.516132 ], [ 25.698085, 39.527357 ], [ 25.733285, 39.538582 ], [ 25.784985, 39.5429 ], [ 25.836685, 39.547217 ], [ 25.880686, 39.540309 ], [ 25.924686, 39.533401 ], [ 25.960986, 39.518722 ], [ 25.997286, 39.504044 ], [ 26.025886, 39.489365 ], [ 26.054486, 39.474686 ], [ 26.102886, 39.453963 ] ] } },
{ "type": "Feature", "properties": { "fault_id": "F0475", "label": "Söke", "catalog_name": "SHARE", "slip_type": "Dextral-Normal", "rake": -125.0, "dip": 75.0, "upper_km": 0.0, "lower_km": 15.0, "length_km": 43.633764940741472, "width_km": 15.529142706151246, "area_km2": 677.59496257143337, "mmax": 6.8175895720426087, "slip_rate": 0.8, "slip_rate_min": 0.5, "slip_rate_max": 1.0, "recurrence_years": 1161.9914906175668, "p30": 0.025487316768893709, "p50": 0.042116939747613547 }, "geometry": { "type": "LineString", "coordinates": [ [ 27.519627, 37.838987 ], [ 27.504157, 37.831566 ], [ 27.487827, 37.820771 ], [ 27.473216, 37.794459 ], [ 27.456026, 37.778942 ], [ 27.43368, 37.772196 ], [ 27.411333, 37.760726 ], [ 27.403598, 37.753305 ], [ 27.398441, 37.738463 ], [ 27.380392, 37.707428 ], [ 27.355467, 37.687188 ], [ 27.340856, 37.672346 ], [ 27.305618, 37.658853 ], [ 27.266082, 37.646709 ], [ 27.236, 37.634565 ], [ 27.206778, 37.624445 ], [ 27.177556, 37.622421 ], [ 27.146614, 37.620397 ] ] } },
{ "type": "Feature", "properties": { "fault_id": "F0476", "label": "Milas – Muğla", "catalog_name": "SHARE", "slip_type": "Normal", "rake": -85.0, "dip": 62.5, "upper_km": 0.0, "lower_km": 14.5, "length_km": 84.699867056827742, "width_km": 16.347038229561964, "area_km2": 1384.591964816779, "mmax": 7.134148243086579, "slip_rate": 1.8, "slip_rate_min": 0.5, "slip_rate_max": 3.0, "recurrence_years": 754.23520153437016, "p30": 0.038994734595316549, "p50": 0.064142743832932281 }, "geometry": { "type": "LineString", "coordinates": [ [ 27.391798, 36.936121 ], [ 27.471934, 36.951685 ], [ 27.529764, 36.959467 ], [ 27.583464, 36.96271 ], [ 27.641702, 36.969429 ], [ 27.694344, 36.976553 ], [ 27.742998, 36.980656 ], [ 27.791652, 36.984758 ], [ 27.884948, 36.995077 ], [ 27.932145, 37.000065 ], [ 27.979342, 37.005052 ], [ 28.039246, 37.010039 ], [ 28.09915, 37.015026 ], [ 28.171762, 37.023576 ], [ 28.24437, 37.0364 ], [ 28.32969, 37.049224 ] ] } },
{ "type": "Feature", "properties": { "fault_id": "F0477", "label": "Samandağ açıkları", "catalog_name": "SHARE", "slip_type": "Sinistral-Reverse", "rake": 60.0, "dip": 55.0, "upper_km": 2.5, "lower_km": 25.0, "length_km": 231.97652194111998, "width_km": 27.467428247132762, "area_km2": 6371.7984714371323, "mmax": 7.753835828251372, "slip_rate": 0.8, "slip_rate_min": 0.19, "slip_rate_max": 1.5, "recurrence_years": 3135.3098674641769, "p30": 0.0095228004440144343, "p50": 0.01582090074797815 }, "geometry": { "type": "LineString", "coordinates": [ [ 36.07331, 35.76788 ], [ 35.968438, 35.64406 ], [ 35.863566, 35.52024 ], [ 35.758694, 35.39642 ], [ 35.659703, 35.314018 ], [ 35.560712, 35.231616 ], [ 35.420945, 35.171891 ], [ 35.281178, 35.112165 ], [ 35.077462, 35.045332 ], [ 34.913834, 35.003062 ], [ 34.749797, 34.96779 ], [ 34.564385, 34.94298 ], [ 34.452278, 34.94279 ], [ 34.34017, 34.942599 ], [ 34.16578, 34.942302 ], [ 34.045806, 34.970093 ], [ 33.925832, 34.997883 ] ] } }
]
}
