{"type": "FeatureCollection", "properties": {"source": "OpenStreetMap (ODbL)", "note": "Topluluk verisi — EKSİKTİR, AFAD resmî listesi değildir.", "count": 710}, "features": [{"type": "Feature", "geometry": {"type": "Point", "coordinates": [30.9136758, 36.854242]}, "properties": {"name": "", "operator": "", "osm_id": "node/4284118948"}}, {"type": "Feature", "geometry": {"type": "Point", "coordinates": [27.8073075, 41.2749023]}, "properties": {"name": "Toplanma Merkezi / Ear-Tecnic", "operator": "", "osm_id": "node/4771924238"}}, {"type": "Feature", "geometry": {"type": "Point", "coordinates": [27.9275089, 41.4528773]}, "properties": {"name": "Geçici Toplanma Alanı", "operator": "TBB", "osm_id": "node/5049894973"}}, {"type": "Feature", "geometry": {"type": "Point", "coordinates": [27.9326293, 41.4498396]}, "properties": {"name": "Geçici Toplanma Alanı", "operator": "TBB", "osm_id": "node/5049894974"}}, {"type": "Feature", "geometry": {"type": "Point", "coordinates": [27.930733, 41.4483278]}, "properties": {"name": "Geçici Toplanma Alanı", "operator": "TBB", "osm_id": "node/5049894975"}}, {"type": "Feature", "geometry": {"type": "Point", "coordinates": [27.9270744, 41.450501]}, "properties": {"name": "Geçici Toplanma Alanı", "operator": "TBB", "osm_id": "node/5049894976"}}, {"type": "Feature", "geometry": {"type": "Point", "coordinates": [27.924808, 41.4475738]}, "properties": {"name": "Geçici Toplanma Alanı", "operator": "TBB", "osm_id": "node/5049894977"}}, {"type": "Feature", "geometry": {"type": "Point", "coordinates": [27.9264307, 41.4459071]}, "properties": {"name": "Geçici Toplanma Alanı", "operator": "TBB", "osm_id": "node/5049894978"}}, {"type": "Feature", "geometry": {"type": "Point", "coordinates": [27.9152405, 41.4467757]}, "properties": {"name": "Geçici Toplanma Alanı", "operator": "TBB", "osm_id": "node/5049894979"}}, {"type": "Feature", "geometry": {"type": "Point", "coordinates": [27.9058313, 41.4449179]}, "properties": {"name": "Geçici Toplanma Alanı", "operator": "TBB", "osm_id": "node/5049894980"}}, {"type": "Feature", "geometry": {"type": "Point", "coordinates": [27.9081005, 41.4413672]}, "properties": {"name": "Geçici Toplanma Alanı", "operator": "TBB", "osm_id": "node/5049894981"}}, {"type": "Feature", "geometry": {"type": "Point", "coordinates": [27.9108792, 41.4446083]}, "properties": {"name": "Geçici Toplanma Alanı", "operator": "TBB", "osm_id": "node/5049894982"}}, {"type": "Feature", "geometry": {"type": "Point", "coordinates": [27.9199237, 41.441906]}, "properties": {"name": "Geçici Toplanma Alanı", "operator": "TBB", "osm_id": "node/5049894983"}}, {"type": "Feature", "geometry": {"type": "Point", "coordinates": [27.9207069, 41.4359261]}, "properties": {"name": "Geçici Toplanma Alanı", "operator": "TBB", "osm_id": "node/5049894984"}}, {"type": "Feature", "geometry": {"type": "Point", "coordinates": [27.9163751, 41.4370099]}, "properties": {"name": "Geçici Toplanma Alanı", "operator": "TBB", "osm_id": "node/5049894985"}}, {"type": "Feature", "geometry": {"type": "Point", "coordinates": [27.9125664, 41.4339816]}, "properties": {"name": "Geçici Toplanma Alanı", "operator": "TBB", "osm_id": "node/5049894986"}}, {"type": "Feature", "geometry": {"type": "Point", "coordinates": [27.925964, 41.3774325]}, "properties": {"name": "Geçici Toplanma Alanı", "operator": "TBB", "osm_id": "node/5049894987"}}, {"type": "Feature", "geometry": {"type": "Point", "coordinates": [27.9305398, 41.3738921]}, "properties": {"name": "Geçici Toplanma Alanı", "operator": "TBB", "osm_id": "node/5049894988"}}, {"type": "Feature", "geometry": {"type": "Point", "coordinates": [27.9807562, 41.3380813]}, "properties": {"name": "Afet ve Acil Durum Toplanma Alanı", "operator": "TBB", "osm_id": "node/5049894989"}}, {"type": "Feature", "geometry": {"type": "Point", "coordinates": [27.9827812, 41.3375698]}, "properties": {"name": "Geçici Toplanma Alanı", "operator": "TBB", "osm_id": "node/5049894990"}}, {"type": "Feature", "geometry": {"type": "Point", "coordinates": [27.9811934, 41.3353242]}, "properties": {"name": "Geçici Toplanma Alanı", "operator": "TBB", "osm_id": "node/5049894991"}}, {"type": "Feature", "geometry": {"type": "Point", "coordinates": [27.9900581, 41.3298078]}, "properties": {"name": "Geçici Toplanma Alanı", "operator": "TBB", "osm_id": "node/5049894993"}}, {"type": "Feature", "geometry": {"type": "Point", "coordinates": [27.9698986, 41.3349033]}, "properties": {"name": "Geçici Toplanma Alanı", "operator": "TBB", "osm_id": "node/5049894994"}}, {"type": "Feature", "geometry": {"type": "Point", "coordinates": [27.9715174, 41.331784]}, "properties": {"name": "Geçici Toplanma Alanı", "operator": "TBB", "osm_id": "node/5049894995"}}, {"type": "Feature", "geometry": {"type": "Point", "coordinates": [27.9759228, 41.3306738]}, "properties": {"name": "Geçici Toplanma Alanı", "operator": "TBB", "osm_id": "node/5049894996"}}, {"type": "Feature", "geometry": {"type": "Point", "coordinates": [27.9734981, 41.3303798]}, "properties": {"name": "Geçici Toplanma Alanı", "operator": "TBB", "osm_id": "node/5049894997"}}, {"type": "Feature", "geometry": {"type": "Point", "coordinates": [27.9847741, 41.3299286]}, "properties": {"name": "Geçici Toplanma Alanı", "operator": "TBB", "osm_id": "node/5049894998"}}, {"type": "Feature", "geometry": {"type": "Point", "coordinates": [27.9798415, 41.3285348]}, "properties": {"name": "Afet ve Acil Durum Toplanma Alanı", "operator": "TBB", "osm_id": "node/5049894999"}}, {"type": "Feature", "geometry": {"type": "Point", "coordinates": [27.9837924, 41.3221939]}, "properties": {"name": "Geçici Toplanma Alanı", "operator": "TBB", "osm_id": "node/5049895000"}}, {"type": "Feature", "geometry": {"type": "Point", "coordinates": [27.9713362, 41.3225404]}, "properties": {"name": "Geçici Toplanma Alanı", "operator": "TBB", "osm_id": "node/5049895001"}}, {"type": "Feature", "geometry": {"type": "Point", "coordinates": [27.9732379, 41.3219422]}, "properties": {"name": "Geçici Toplanma Alanı", "operator": "TBB", "osm_id": "node/5049895002"}}, {"type": "Feature", "geometry": {"type": "Point", "coordinates": [27.9739702, 41.3205945]}, "properties": {"name": "Geçici Toplanma Alanı", "operator": "TBB", "osm_id": "node/5049895003"}}, {"type": "Feature", "geometry": {"type": "Point", "coordinates": [28.0120844, 41.3018014]}, "properties": {"name": "Geçici Toplanma Alanı", "operator": "TBB", "osm_id": "node/5049895004"}}, {"type": "Feature", "geometry": {"type": "Point", "coordinates": [28.0100566, 41.30216]}, "properties": {"name": "Geçici Toplanma Alanı", "operator": "TBB", "osm_id": "node/5049895005"}}, {"type": "Feature", "geometry": {"type": "Point", "coordinates": [28.0076802, 41.3017853]}, "properties": {"name": "Geçici Toplanma Alanı", "operator": "TBB", "osm_id": "node/5049895006"}}, {"type": "Feature", "geometry": {"type": "Point", "coordinates": [28.0158395, 41.2976342]}, "properties": {"name": "Geçici Toplanma Alanı", "operator": "TBB", "osm_id": "node/5049895007"}}, {"type": "Feature", "geometry": {"type": "Point", "coordinates": [27.9824164, 41.281475]}, "properties": {"name": "Geçici Toplanma Alanı", "operator": "TBB", "osm_id": "node/5049895009"}}, {"type": "Feature", "geometry": {"type": "Point", "coordinates": [27.9836382, 41.2814286]}, "properties": {"name": "Geçici Toplanma Alanı", "operator": "TBB", "osm_id": "node/5049895010"}}, {"type": "Feature", "geometry": {"type": "Point", "coordinates": [27.9953152, 41.2926839]}, "properties": {"name": "Afet ve Acil Durum Toplanma Alanı-14", "operator": "TBB", "osm_id": "node/5049895011"}}, {"type": "Feature", "geometry": {"type": "Point", "coordinates": [27.9957819, 41.2911855]}, "properties": {"name": "Geçici Toplanma Alanı", "operator": "TBB", "osm_id": "node/5049895012"}}, {"type": "Feature", "geometry": {"type": "Point", "coordinates": [27.9970801, 41.2903109]}, "properties": {"name": "Geçici Toplanma Alanı", "operator": "TBB", "osm_id": "node/5049895013"}}, {"type": "Feature", "geometry": {"type": "Point", "coordinates": [27.9897469, 41.2878884]}, "properties": {"name": "Geçici Toplanma Alanı", "operator": "TBB", "osm_id": "node/5049895014"}}, {"type": "Feature", "geometry": {"type": "Point", "coordinates": [27.9935878, 41.2892629]}, "properties": {"name": "Geçici Toplanma Alanı", "operator": "TBB", "osm_id": "node/5049895015"}}, {"type": "Feature", "geometry": {"type": "Point", "coordinates": [27.995739, 41.2882471]}, "properties": {"name": "Geçici Toplanma Alanı", "operator": "TBB", "osm_id": "node/5049895016"}}, {"type": "Feature", "geometry": {"type": "Point", "coordinates": [27.9970533, 41.2856875]}, "properties": {"name": "Geçici Toplanma Alanı", "operator": "TBB", "osm_id": "node/5049895017"}}, {"type": "Feature", "geometry": {"type": "Point", "coordinates": [27.9844844, 41.284067]}, "properties": {"name": "Geçici Toplanma Alanı", "operator": "TBB", "osm_id": "node/5049895019"}}, {"type": "Feature", "geometry": {"type": "Point", "coordinates": [27.9872644, 41.2847251]}, "properties": {"name": "Afet ve Acil Durum Toplanma Alanı", "operator": "Afad", "osm_id": "node/5049895020"}}, {"type": "Feature", "geometry": {"type": "Point", "coordinates": [27.9873108, 41.2838065]}, "properties": {"name": "Geçici Toplanma Alanı", "operator": "TBB", "osm_id": "node/5049895121"}}, {"type": "Feature", "geometry": {"type": "Point", "coordinates": [27.9875261, 41.2822409]}, "properties": {"name": "Geçici Toplanma Alanı", "operator": "TBB", "osm_id": "node/5049895122"}}, {"type": "Feature", "geometry": {"type": "Point", "coordinates": [27.9900473, 41.2829867]}, "properties": {"name": "Geçici Toplanma Alanı", "operator": "TBB", "osm_id": "node/5049895123"}}, {"type": "Feature", "geometry": {"type": "Point", "coordinates": [27.9956881, 41.2831612]}, "properties": {"name": "Afet ve Acil Durum Toplanma Alanı", "operator": "AFAD", "osm_id": "node/5049895124"}}, {"type": "Feature", "geometry": {"type": "Point", "coordinates": [27.9993982, 41.2922713]}, "properties": {"name": "Geçici Toplanma Alanı - 17", "operator": "TBB", "osm_id": "node/5049895125"}}, {"type": "Feature", "geometry": {"type": "Point", "coordinates": [28.0031258, 41.2916934]}, "properties": {"name": "Geçici Toplanma Alanı", "operator": "TBB", "osm_id": "node/5049895126"}}, {"type": "Feature", "geometry": {"type": "Point", "coordinates": [28.0024552, 41.2889042]}, "properties": {"name": "Geçici Toplanma Alanı", "operator": "TBB", "osm_id": "node/5049895127"}}, {"type": "Feature", "geometry": {"type": "Point", "coordinates": [28.0102336, 41.2885212]}, "properties": {"name": "Geçici Toplanma Alanı", "operator": "TBB", "osm_id": "node/5049895128"}}, {"type": "Feature", "geometry": {"type": "Point", "coordinates": [28.0076748, 41.2862599]}, "properties": {"name": "Geçici Toplanma Alanı", "operator": "TBB", "osm_id": "node/5049895129"}}, {"type": "Feature", "geometry": {"type": "Point", "coordinates": [28.0113172, 41.2862115]}, "properties": {"name": "Geçici Toplanma Alanı", "operator": "TBB", "osm_id": "node/5049895130"}}, {"type": "Feature", "geometry": {"type": "Point", "coordinates": [28.0070888, 41.2829136]}, "properties": {"name": "Geçici Toplanma Alanı", "operator": "TBB", "osm_id": "node/5049895131"}}, {"type": "Feature", "geometry": {"type": "Point", "coordinates": [28.010298, 41.2825796]}, "properties": {"name": "Geçici Toplanma Alanı", "operator": "TBB", "osm_id": "node/5049895132"}}, {"type": "Feature", "geometry": {"type": "Point", "coordinates": [28.0246586, 41.2662311]}, "properties": {"name": "Geçici Toplanma Alanı", "operator": "TBB", "osm_id": "node/5049895133"}}, {"type": "Feature", "geometry": {"type": "Point", "coordinates": [28.0190527, 41.2768228]}, "properties": {"name": "Geçici Toplanma Alanı", "operator": "TBB", "osm_id": "node/5049895134"}}, {"type": "Feature", "geometry": {"type": "Point", "coordinates": [28.0146325, 41.2775081]}, "properties": {"name": "Geçici Toplanma Alanı", "operator": "TBB", "osm_id": "node/5049895135"}}, {"type": "Feature", "geometry": {"type": "Point", "coordinates": [28.0114889, 41.277879]}, "properties": {"name": "Geçici Toplanma Alanı", "operator": "TBB", "osm_id": "node/5049895136"}}, {"type": "Feature", "geometry": {"type": "Point", "coordinates": [28.0109632, 41.2744179]}, "properties": {"name": "Geçici Toplanma Alanı", "operator": "TBB", "osm_id": "node/5049895137"}}, {"type": "Feature", "geometry": {"type": "Point", "coordinates": [28.0092922, 41.2750005]}, "properties": {"name": "Geçici Toplanma Alanı", "operator": "TBB", "osm_id": "node/5049895138"}}, {"type": "Feature", "geometry": {"type": "Point", "coordinates": [28.0056095, 41.2756617]}, "properties": {"name": "Geçici Toplanma Alanı", "operator": "TBB", "osm_id": "node/5049895139"}}, {"type": "Feature", "geometry": {"type": "Point", "coordinates": [28.0021655, 41.2772501]}, "properties": {"name": "Geçici Toplanma Alanı", "operator": "TBB", "osm_id": "node/5049895140"}}, {"type": "Feature", "geometry": {"type": "Point", "coordinates": [27.9692978, 41.2712066]}, "properties": {"name": "Geçici Toplanma Alanı", "operator": "TBB", "osm_id": "node/5049895141"}}, {"type": "Feature", "geometry": {"type": "Point", "coordinates": [27.9691154, 41.2613157]}, "properties": {"name": "Geçici Toplanma Alanı", "operator": "TBB", "osm_id": "node/5049895142"}}, {"type": "Feature", "geometry": {"type": "Point", "coordinates": [27.9744154, 41.2668843]}, "properties": {"name": "Geçici Toplanma Alanı", "operator": "TBB", "osm_id": "node/5049895143"}}, {"type": "Feature", "geometry": {"type": "Point", "coordinates": [27.9730046, 41.2625335]}, "properties": {"name": "Geçici Toplanma Alanı", "operator": "TBB", "osm_id": "node/5049895144"}}, {"type": "Feature", "geometry": {"type": "Point", "coordinates": [27.9712933, 41.2637432]}, "properties": {"name": "Geçici Toplanma Alanı", "operator": "TBB", "osm_id": "node/5049895145"}}, {"type": "Feature", "geometry": {"type": "Point", "coordinates": [27.9691744, 41.2680758]}, "properties": {"name": "Geçici Toplanma Alanı", "operator": "TBB", "osm_id": "node/5049895146"}}, {"type": "Feature", "geometry": {"type": "Point", "coordinates": [27.9661998, 41.2647775]}, "properties": {"name": "Geçici Toplanma Alanı", "operator": "TBB", "osm_id": "node/5049895147"}}, {"type": "Feature", "geometry": {"type": "Point", "coordinates": [27.9656339, 41.267225]}, "properties": {"name": "Geçici Toplanma Alanı", "operator": "TBB", "osm_id": "node/5049895148"}}, {"type": "Feature", "geometry": {"type": "Point", "coordinates": [27.962957, 41.2685617]}, "properties": {"name": "Geçici Toplanma Alanı", "operator": "TBB", "osm_id": "node/5049895149"}}, {"type": "Feature", "geometry": {"type": "Point", "coordinates": [27.963354, 41.2660194]}, "properties": {"name": "Geçici Toplanma Alanı", "operator": "TBB", "osm_id": "node/5049895150"}}, {"type": "Feature", "geometry": {"type": "Point", "coordinates": [27.9601622, 41.2678944]}, "properties": {"name": "Geçici Toplanma Alanı", "operator": "TBB", "osm_id": "node/5049895151"}}, {"type": "Feature", "geometry": {"type": "Point", "coordinates": [27.9398525, 41.2568395]}, "properties": {"name": "Geçici Toplanma Alanı", "operator": "TBB", "osm_id": "node/5049895152"}}, {"type": "Feature", "geometry": {"type": "Point", "coordinates": [27.9419419, 41.2615516]}, "properties": {"name": "Geçici Toplanma Alanı", "operator": "TBB", "osm_id": "node/5049895153"}}, {"type": "Feature", "geometry": {"type": "Point", "coordinates": [27.9355583, 41.2584808]}, "properties": {"name": "Geçici Toplanma Alanı", "operator": "TBB", "osm_id": "node/5049895154"}}, {"type": "Feature", "geometry": {"type": "Point", "coordinates": [27.8855109, 41.2564846]}, "properties": {"name": "Geçici Toplanma Alanı", "operator": "TBB", "osm_id": "node/5049895155"}}, {"type": "Feature", "geometry": {"type": "Point", "coordinates": [27.8809324, 41.2608993]}, "properties": {"name": "Geçici Toplanma Alanı", "operator": "TBB", "osm_id": "node/5049895156"}}, {"type": "Feature", "geometry": {"type": "Point", "coordinates": [27.8813857, 41.2577569]}, "properties": {"name": "Geçici Toplanma Alanı", "operator": "TBB", "osm_id": "node/5049895157"}}, {"type": "Feature", "geometry": {"type": "Point", "coordinates": [27.8797361, 41.2588357]}, "properties": {"name": "Geçici Toplanma Alanı", "operator": "TBB", "osm_id": "node/5049895158"}}, {"type": "Feature", "geometry": {"type": "Point", "coordinates": [27.8769413, 41.257402]}, "properties": {"name": "Geçici Toplanma Alanı", "operator": "TBB", "osm_id": "node/5049895159"}}, {"type": "Feature", "geometry": {"type": "Point", "coordinates": [27.8786337, 41.2546255]}, "properties": {"name": "Geçici Toplanma Alanı", "operator": "TBB", "osm_id": "node/5049895160"}}, {"type": "Feature", "geometry": {"type": "Point", "coordinates": [27.8763324, 41.2537906]}, "properties": {"name": "Geçici Toplanma Alanı", "operator": "TBB", "osm_id": "node/5049895161"}}, {"type": "Feature", "geometry": {"type": "Point", "coordinates": [27.8821045, 41.2477087]}, "properties": {"name": "Geçici Toplanma Alanı", "operator": "TBB", "osm_id": "node/5049895162"}}, {"type": "Feature", "geometry": {"type": "Point", "coordinates": [27.7918696, 41.1590041]}, "properties": {"name": "Geçici Toplanma Alanı", "operator": "TBB", "osm_id": "node/5049895163"}}, {"type": "Feature", "geometry": {"type": "Point", "coordinates": [27.8027809, 41.146006]}, "properties": {"name": "Geçici Toplanma Alanı", "operator": "TBB", "osm_id": "node/5049895164"}}, {"type": "Feature", "geometry": {"type": "Point", "coordinates": [27.7990901, 41.1407543]}, "properties": {"name": "Geçici Toplanma Alanı", "operator": "TBB", "osm_id": "node/5049895165"}}, {"type": "Feature", "geometry": {"type": "Point", "coordinates": [27.7990901, 41.138702]}, "properties": {"name": "Geçici Toplanma Alanı", "operator": "TBB", "osm_id": "node/5049895166"}}, {"type": "Feature", "geometry": {"type": "Point", "coordinates": [27.7930659, 41.1353406]}, "properties": {"name": "Geçici Toplanma Alanı", "operator": "TBB", "osm_id": "node/5049895167"}}, {"type": "Feature", "geometry": {"type": "Point", "coordinates": [27.8470373, 41.1609549]}, "properties": {"name": "Geçici Toplanma Alanı", "operator": "TBB", "osm_id": "node/5049895168"}}, {"type": "Feature", "geometry": {"type": "Point", "coordinates": [27.8478742, 41.1532001]}, "properties": {"name": "Geçici Toplanma Alanı", "operator": "TBB", "osm_id": "node/5049895169"}}, {"type": "Feature", "geometry": {"type": "Point", "coordinates": [27.8477132, 41.1560558]}, "properties": {"name": "Geçici Toplanma Alanı", "operator": "TBB", "osm_id": "node/5049895170"}}, {"type": "Feature", "geometry": {"type": "Point", "coordinates": [27.8434581, 41.158755]}, "properties": {"name": "Geçici Toplanma Alanı", "operator": "TBB", "osm_id": "node/5049895171"}}, {"type": "Feature", "geometry": {"type": "Point", "coordinates": [27.838068, 41.154836]}, "properties": {"name": "Geçici Toplanma Alanı", "operator": "TBB", "osm_id": "node/5049895172"}}, {"type": "Feature", "geometry": {"type": "Point", "coordinates": [27.8320545, 41.1535475]}, "properties": {"name": "Geçici Toplanma Alanı", "operator": "TBB", "osm_id": "node/5049895173"}}, {"type": "Feature", "geometry": {"type": "Point", "coordinates": [27.8201991, 41.1405766]}, "properties": {"name": "Geçici Toplanma Alanı", "operator": "TBB", "osm_id": "node/5049895174"}}, {"type": "Feature", "geometry": {"type": "Point", "coordinates": [27.8304559, 41.1480864]}, "properties": {"name": "Geçici Toplanma Alanı", "operator": "TBB", "osm_id": "node/5049895175"}}, {"type": "Feature", "geometry": {"type": "Point", "coordinates": [27.8322295, 41.1456342]}, "properties": {"name": "Geçici Toplanma Alanı", "operator": "TBB", "osm_id": "node/5049895176"}}, {"type": "Feature", "geometry": {"type": "Point", "coordinates": [27.8277522, 41.1458242]}, "properties": {"name": "Geçici Toplanma Alanı", "operator": "TBB", "osm_id": "node/5049895177"}}, {"type": "Feature", "geometry": {"type": "Point", "coordinates": [27.8269637, 41.1472946]}, "properties": {"name": "Geçici Toplanma Alanı", "operator": "TBB", "osm_id": "node/5049895178"}}, {"type": "Feature", "geometry": {"type": "Point", "coordinates": [27.8240427, 41.1472643]}, "properties": {"name": "Geçici Toplanma Alanı", "operator": "TBB", "osm_id": "node/5049895179"}}, {"type": "Feature", "geometry": {"type": "Point", "coordinates": [27.8222913, 41.1481975]}, "properties": {"name": "Geçici Toplanma Alanı", "operator": "TBB", "osm_id": "node/5049895180"}}, {"type": "Feature", "geometry": {"type": "Point", "coordinates": [27.8253436, 41.1569928]}, "properties": {"name": "Geçici Toplanma Alanı", "operator": "TBB", "osm_id": "node/5049895181"}}, {"type": "Feature", "geometry": {"type": "Point", "coordinates": [27.8254187, 41.158576]}, "properties": {"name": "Geçici Toplanma Alanı", "operator": "TBB", "osm_id": "node/5049895182"}}, {"type": "Feature", "geometry": {"type": "Point", "coordinates": [27.8205585, 41.155773]}, "properties": {"name": "Geçici Toplanma Alanı", "operator": "TBB", "osm_id": "node/5049895183"}}, {"type": "Feature", "geometry": {"type": "Point", "coordinates": [27.813853, 41.153705]}, "properties": {"name": "Geçici Toplanma Alanı", "operator": "TBB", "osm_id": "node/5049895184"}}, {"type": "Feature", "geometry": {"type": "Point", "coordinates": [27.8159344, 41.1544725]}, "properties": {"name": "Geçici Toplanma Alanı", "operator": "TBB", "osm_id": "node/5049895185"}}, {"type": "Feature", "geometry": {"type": "Point", "coordinates": [27.8166812, 41.1560427]}, "properties": {"name": "Geçici Toplanma Alanı", "operator": "TBB", "osm_id": "node/5049895186"}}, {"type": "Feature", "geometry": {"type": "Point", "coordinates": [27.8171039, 41.1604985]}, "properties": {"name": "Geçici Toplanma Alanı", "operator": "TBB", "osm_id": "node/5049895187"}}, {"type": "Feature", "geometry": {"type": "Point", "coordinates": [27.8136384, 41.1595938]}, "properties": {"name": "Geçici Toplanma Alanı", "operator": "TBB", "osm_id": "node/5049895188"}}, {"type": "Feature", "geometry": {"type": "Point", "coordinates": [27.8083491, 41.1596907]}, "properties": {"name": "Geçici Toplanma Alanı", "operator": "TBB", "osm_id": "node/5049895189"}}, {"type": "Feature", "geometry": {"type": "Point", "coordinates": [27.8105485, 41.1615324]}, "properties": {"name": "Geçici Toplanma Alanı", "operator": "TBB", "osm_id": "node/5049895190"}}, {"type": "Feature", "geometry": {"type": "Point", "coordinates": [27.8114819, 41.1660151]}, "properties": {"name": "Geçici Toplanma Alanı", "operator": "TBB", "osm_id": "node/5049895191"}}, {"type": "Feature", "geometry": {"type": "Point", "coordinates": [27.8033978, 41.165902]}, "properties": {"name": "Geçici Toplanma Alanı", "operator": "TBB", "osm_id": "node/5049895192"}}, {"type": "Feature", "geometry": {"type": "Point", "coordinates": [27.7914298, 41.1652922]}, "properties": {"name": "Geçici Toplanma Alanı", "operator": "TBB", "osm_id": "node/5049895193"}}, {"type": "Feature", "geometry": {"type": "Point", "coordinates": [27.7882969, 41.1648036]}, "properties": {"name": "Geçici Toplanma Alanı", "operator": "TBB", "osm_id": "node/5049895194"}}, {"type": "Feature", "geometry": {"type": "Point", "coordinates": [27.7978241, 41.1648521]}, "properties": {"name": "Geçici Toplanma Alanı", "operator": "TBB", "osm_id": "node/5049895195"}}, {"type": "Feature", "geometry": {"type": "Point", "coordinates": [27.7936292, 41.160967]}, "properties": {"name": "Geçici Toplanma Alanı", "operator": "TBB", "osm_id": "node/5049895196"}}, {"type": "Feature", "geometry": {"type": "Point", "coordinates": [27.7970731, 41.162639]}, "properties": {"name": "Geçici Toplanma Alanı", "operator": "TBB", "osm_id": "node/5049895197"}}, {"type": "Feature", "geometry": {"type": "Point", "coordinates": [27.799294, 41.162437]}, "properties": {"name": "Geçici Toplanma Alanı", "operator": "TBB", "osm_id": "node/5049895198"}}, {"type": "Feature", "geometry": {"type": "Point", "coordinates": [27.800957, 41.1606277]}, "properties": {"name": "Geçici Toplanma Alanı", "operator": "TBB", "osm_id": "node/5049895199"}}, {"type": "Feature", "geometry": {"type": "Point", "coordinates": [27.8048086, 41.1586245]}, "properties": {"name": "Geçici Toplanma Alanı", "operator": "TBB", "osm_id": "node/5049895200"}}, {"type": "Feature", "geometry": {"type": "Point", "coordinates": [27.8054416, 41.1553691]}, "properties": {"name": "Geçici Toplanma Alanı", "operator": "TBB", "osm_id": "node/5049895201"}}, {"type": "Feature", "geometry": {"type": "Point", "coordinates": [27.8003561, 41.1551833]}, "properties": {"name": "Geçici Toplanma Alanı", "operator": "TBB", "osm_id": "node/5049895202"}}, {"type": "Feature", "geometry": {"type": "Point", "coordinates": [27.7978992, 41.148559]}, "properties": {"name": "Geçici Toplanma Alanı", "operator": "TBB", "osm_id": "node/5049895203"}}, {"type": "Feature", "geometry": {"type": "Point", "coordinates": [27.7971697, 41.1506837]}, "properties": {"name": "Geçici Toplanma Alanı", "operator": "TBB", "osm_id": "node/5049895204"}}, {"type": "Feature", "geometry": {"type": "Point", "coordinates": [27.7955174, 41.1554418]}, "properties": {"name": "Geçici Toplanma Alanı", "operator": "TBB", "osm_id": "node/5049895205"}}, {"type": "Feature", "geometry": {"type": "Point", "coordinates": [27.7887154, 41.1510149]}, "properties": {"name": "Geçici Toplanma Alanı", "operator": "TBB", "osm_id": "node/5049895206"}}, {"type": "Feature", "geometry": {"type": "Point", "coordinates": [27.791934, 41.1529295]}, "properties": {"name": "Geçici Toplanma Alanı", "operator": "TBB", "osm_id": "node/5049895207"}}, {"type": "Feature", "geometry": {"type": "Point", "coordinates": [27.7894771, 41.1567101]}, "properties": {"name": "Geçici Toplanma Alanı", "operator": "TBB", "osm_id": "node/5049895208"}}, {"type": "Feature", "geometry": {"type": "Point", "coordinates": [27.781527, 41.1619322]}, "properties": {"name": "Geçici Toplanma Alanı", "operator": "TBB", "osm_id": "node/5049895209"}}, {"type": "Feature", "geometry": {"type": "Point", "coordinates": [27.7817148, 41.1589476]}, "properties": {"name": "Geçici Toplanma Alanı", "operator": "TBB", "osm_id": "node/5049895210"}}, {"type": "Feature", "geometry": {"type": "Point", "coordinates": [27.78319, 41.1595615]}, "properties": {"name": "Geçici Toplanma Alanı", "operator": "TBB", "osm_id": "node/5049895211"}}, {"type": "Feature", "geometry": {"type": "Point", "coordinates": [27.7797246, 41.1973009]}, "properties": {"name": "Geçici Toplanma Alanı", "operator": "TBB", "osm_id": "node/5049895212"}}, {"type": "Feature", "geometry": {"type": "Point", "coordinates": [27.7794242, 41.1963927]}, "properties": {"name": "Geçici Toplanma Alanı", "operator": "TBB", "osm_id": "node/5049895213"}}, {"type": "Feature", "geometry": {"type": "Point", "coordinates": [27.7772194, 41.195541]}, "properties": {"name": "Geçici Toplanma Alanı", "operator": "TBB", "osm_id": "node/5049895214"}}, {"type": "Feature", "geometry": {"type": "Point", "coordinates": [27.7795905, 41.1883031]}, "properties": {"name": "Geçici Toplanma Alanı", "operator": "TBB", "osm_id": "node/5049895215"}}, {"type": "Feature", "geometry": {"type": "Point", "coordinates": [27.7791452, 41.1913065]}, "properties": {"name": "Geçici Toplanma Alanı", "operator": "TBB", "osm_id": "node/5049895216"}}, {"type": "Feature", "geometry": {"type": "Point", "coordinates": [27.7729171, 41.1956379]}, "properties": {"name": "Ergene 17 Toplanma Alanı", "operator": "TBB", "osm_id": "node/5049895217"}}, {"type": "Feature", "geometry": {"type": "Point", "coordinates": [27.7695483, 41.1926387]}, "properties": {"name": "Geçici Toplanma Alanı", "operator": "TBB", "osm_id": "node/5049895218"}}, {"type": "Feature", "geometry": {"type": "Point", "coordinates": [27.7668232, 41.1946489]}, "properties": {"name": "Geçici Toplanma Alanı", "operator": "TBB", "osm_id": "node/5049895219"}}, {"type": "Feature", "geometry": {"type": "Point", "coordinates": [27.7655357, 41.1916497]}, "properties": {"name": "Geçici Toplanma Alanı", "operator": "TBB", "osm_id": "node/5049895220"}}, {"type": "Feature", "geometry": {"type": "Point", "coordinates": [27.77031, 41.1872494]}, "properties": {"name": "Geçici Toplanma Alanı", "operator": "TBB", "osm_id": "node/5049895221"}}, {"type": "Feature", "geometry": {"type": "Point", "coordinates": [27.7631378, 41.1884807]}, "properties": {"name": "Geçici Toplanma Alanı", "operator": "TBB", "osm_id": "node/5049895222"}}, {"type": "Feature", "geometry": {"type": "Point", "coordinates": [27.7662706, 41.1855014]}, "properties": {"name": "Geçici Toplanma Alanı", "operator": "TBB", "osm_id": "node/5049895223"}}, {"type": "Feature", "geometry": {"type": "Point", "coordinates": [27.7680194, 41.1818557]}, "properties": {"name": "Geçici Toplanma Alanı", "operator": "TBB", "osm_id": "node/5049895224"}}, {"type": "Feature", "geometry": {"type": "Point", "coordinates": [27.75868, 41.1824209]}, "properties": {"name": "Geçici Toplanma Alanı", "operator": "TBB", "osm_id": "node/5049895225"}}, {"type": "Feature", "geometry": {"type": "Point", "coordinates": [27.7614105, 41.1774023]}, "properties": {"name": "Geçici Toplanma Alanı", "operator": "TBB", "osm_id": "node/5049895226"}}, {"type": "Feature", "geometry": {"type": "Point", "coordinates": [27.7601337, 41.1792758]}, "properties": {"name": "Geçici Toplanma Alanı", "operator": "TBB", "osm_id": "node/5049895227"}}, {"type": "Feature", "geometry": {"type": "Point", "coordinates": [27.7572906, 41.2061643]}, "properties": {"name": "Geçici Toplanma Alanı", "operator": "TBB", "osm_id": "node/5049895228"}}, {"type": "Feature", "geometry": {"type": "Point", "coordinates": [27.7524894, 41.2059585]}, "properties": {"name": "Geçici Toplanma Alanı", "operator": "TBB", "osm_id": "node/5049895229"}}, {"type": "Feature", "geometry": {"type": "Point", "coordinates": [27.7537662, 41.2084647]}, "properties": {"name": "Geçici Toplanma Alanı", "operator": "TBB", "osm_id": "node/5049895230"}}, {"type": "Feature", "geometry": {"type": "Point", "coordinates": [27.7118272, 41.2381571]}, "properties": {"name": "Geçici Toplanma Alanı", "operator": "TBB", "osm_id": "node/5049895231"}}, {"type": "Feature", "geometry": {"type": "Point", "coordinates": [27.7044564, 41.2400852]}, "properties": {"name": "Geçici Toplanma Alanı", "operator": "TBB", "osm_id": "node/5049895232"}}, {"type": "Feature", "geometry": {"type": "Point", "coordinates": [27.7049768, 41.2423683]}, "properties": {"name": "Geçici Toplanma Alanı", "operator": "TBB", "osm_id": "node/5049895233"}}, {"type": "Feature", "geometry": {"type": "Point", "coordinates": [27.974748, 40.9868107]}, "properties": {"name": "Geçici Toplanma Alanı", "operator": "TBB", "osm_id": "node/5049895234"}}, {"type": "Feature", "geometry": {"type": "Point", "coordinates": [27.9735491, 40.9837453]}, "properties": {"name": "Geçici Toplanma Alanı", "operator": "TBB", "osm_id": "node/5049895235"}}, {"type": "Feature", "geometry": {"type": "Point", "coordinates": [27.9635257, 40.986914]}, "properties": {"name": "Geçici Toplanma Alanı", "operator": "TBB", "osm_id": "node/5049895236"}}, {"type": "Feature", "geometry": {"type": "Point", "coordinates": [27.9500234, 40.9739729]}, "properties": {"name": "Geçici Toplanma Alanı", "operator": "TBB", "osm_id": "node/5049895237"}}, {"type": "Feature", "geometry": {"type": "Point", "coordinates": [27.9525018, 40.9685212]}, "properties": {"name": "Geçici Toplanma Alanı", "operator": "TBB", "osm_id": "node/5049895238"}}, {"type": "Feature", "geometry": {"type": "Point", "coordinates": [27.9464185, 40.9693961]}, "properties": {"name": "Geçici Toplanma Alanı", "operator": "TBB", "osm_id": "node/5049895239"}}, {"type": "Feature", "geometry": {"type": "Point", "coordinates": [27.9425132, 40.9681931]}, "properties": {"name": "Geçici Toplanma Alanı", "operator": "TBB", "osm_id": "node/5049895240"}}, {"type": "Feature", "geometry": {"type": "Point", "coordinates": [27.8464043, 40.9953989]}, "properties": {"name": "Geçici Toplanma Alanı", "operator": "TBB", "osm_id": "node/5049895241"}}, {"type": "Feature", "geometry": {"type": "Point", "coordinates": [27.8460824, 40.9986663]}, "properties": {"name": "Geçici Toplanma Alanı", "operator": "TBB", "osm_id": "node/5049895242"}}, {"type": "Feature", "geometry": {"type": "Point", "coordinates": [27.847209, 41.0037957]}, "properties": {"name": "Geçici Toplanma Alanı", "operator": "TBB", "osm_id": "node/5049895243"}}, {"type": "Feature", "geometry": {"type": "Point", "coordinates": [27.8372794, 40.9997878]}, "properties": {"name": "Geçici Toplanma Alanı", "operator": "TBB", "osm_id": "node/5049895244"}}, {"type": "Feature", "geometry": {"type": "Point", "coordinates": [27.8293079, 41.0038848]}, "properties": {"name": "Geçici Toplanma Alanı", "operator": "TBB", "osm_id": "node/5049895245"}}, {"type": "Feature", "geometry": {"type": "Point", "coordinates": [27.6737532, 41.0050973]}, "properties": {"name": "Geçici Toplanma Alanı", "operator": "TBB", "osm_id": "node/5049895246"}}, {"type": "Feature", "geometry": {"type": "Point", "coordinates": [27.6719454, 41.0016642]}, "properties": {"name": "Geçici Toplanma Alanı", "operator": "TBB", "osm_id": "node/5049895247"}}, {"type": "Feature", "geometry": {"type": "Point", "coordinates": [27.5806403, 40.9992048]}, "properties": {"name": "", "operator": "TBB", "osm_id": "node/5049895248"}}, {"type": "Feature", "geometry": {"type": "Point", "coordinates": [27.581327, 40.9872521]}, "properties": {"name": "Geçici Toplanma Alanı", "operator": "TBB", "osm_id": "node/5049895249"}}, {"type": "Feature", "geometry": {"type": "Point", "coordinates": [27.5771052, 40.9860535]}, "properties": {"name": "Geçici Toplanma Alanı", "operator": "TBB", "osm_id": "node/5049895250"}}, {"type": "Feature", "geometry": {"type": "Point", "coordinates": [27.5745034, 40.9846564]}, "properties": {"name": "Geçici Toplanma Alanı", "operator": "TBB", "osm_id": "node/5049895251"}}, {"type": "Feature", "geometry": {"type": "Point", "coordinates": [27.5677603, 40.9843122]}, "properties": {"name": "Geçici Toplanma Alanı", "operator": "TBB", "osm_id": "node/5049895252"}}, {"type": "Feature", "geometry": {"type": "Point", "coordinates": [27.5657487, 40.9854947]}, "properties": {"name": "Geçici Toplanma Alanı", "operator": "TBB", "osm_id": "node/5049895253"}}, {"type": "Feature", "geometry": {"type": "Point", "coordinates": [27.560631, 40.988066]}, "properties": {"name": "Geçici Toplanma Alanı", "operator": "TBB", "osm_id": "node/5049895254"}}, {"type": "Feature", "geometry": {"type": "Point", "coordinates": [27.5603253, 40.9891027]}, "properties": {"name": "Geçici Toplanma Alanı", "operator": "TBB", "osm_id": "node/5049895255"}}, {"type": "Feature", "geometry": {"type": "Point", "coordinates": [27.5589251, 40.9880215]}, "properties": {"name": "Geçici Toplanma Alanı", "operator": "TBB", "osm_id": "node/5049895256"}}, {"type": "Feature", "geometry": {"type": "Point", "coordinates": [27.5543332, 40.984543]}, "properties": {"name": "Geçici Toplanma Alanı", "operator": "TBB", "osm_id": "node/5049895257"}}, {"type": "Feature", "geometry": {"type": "Point", "coordinates": [27.5535071, 40.9839478]}, "properties": {"name": "Geçici Toplanma Alanı", "operator": "TBB", "osm_id": "node/5049895258"}}, {"type": "Feature", "geometry": {"type": "Point", "coordinates": [27.5529009, 40.9865354]}, "properties": {"name": "Geçici Toplanma Alanı", "operator": "TBB", "osm_id": "node/5049895259"}}, {"type": "Feature", "geometry": {"type": "Point", "coordinates": [27.5523913, 40.9862398]}, "properties": {"name": "Geçici Toplanma Alanı", "operator": "TBB", "osm_id": "node/5049895260"}}, {"type": "Feature", "geometry": {"type": "Point", "coordinates": [27.5547624, 40.988224]}, "properties": {"name": "Geçici Toplanma Alanı", "operator": "TBB", "osm_id": "node/5049895261"}}, {"type": "Feature", "geometry": {"type": "Point", "coordinates": [27.5499773, 40.9879648]}, "properties": {"name": "Geçici Toplanma Alanı", "operator": "TBB", "osm_id": "node/5049895262"}}, {"type": "Feature", "geometry": {"type": "Point", "coordinates": [27.5469947, 40.9857943]}, "properties": {"name": "Geçici Toplanma Alanı", "operator": "TBB", "osm_id": "node/5049895263"}}, {"type": "Feature", "geometry": {"type": "Point", "coordinates": [27.5431725, 40.9794789]}, "properties": {"name": "Geçici Toplanma Alanı", "operator": "TBB", "osm_id": "node/5049895264"}}, {"type": "Feature", "geometry": {"type": "Point", "coordinates": [27.5440472, 40.9790617]}, "properties": {"name": "Geçici Toplanma Alanı", "operator": "TBB", "osm_id": "node/5049895265"}}, {"type": "Feature", "geometry": {"type": "Point", "coordinates": [27.4953997, 40.9839822]}, "properties": {"name": "Geçici Toplanma Alanı", "operator": "TBB", "osm_id": "node/5049895266"}}, {"type": "Feature", "geometry": {"type": "Point", "coordinates": [27.4914354, 40.9792217]}, "properties": {"name": "Geçici Toplanma Alanı", "operator": "TBB", "osm_id": "node/5049895267"}}, {"type": "Feature", "geometry": {"type": "Point", "coordinates": [27.4917198, 40.9810226]}, "properties": {"name": "Geçici Toplanma Alanı", "operator": "TBB", "osm_id": "node/5049895268"}}, {"type": "Feature", "geometry": {"type": "Point", "coordinates": [27.4932309, 40.9818158]}, "properties": {"name": "Geçici Toplanma Alanı", "operator": "TBB", "osm_id": "node/5049895269"}}, {"type": "Feature", "geometry": {"type": "Point", "coordinates": [27.4965718, 40.982984]}, "properties": {"name": "Geçici Toplanma Alanı", "operator": "TBB", "osm_id": "node/5049895270"}}, {"type": "Feature", "geometry": {"type": "Point", "coordinates": [27.5021434, 40.9840249]}, "properties": {"name": "Cinarli_1 Geçici Toplanma Alanı", "operator": "TBB", "osm_id": "node/5049895271"}}, {"type": "Feature", "geometry": {"type": "Point", "coordinates": [27.5113655, 40.9843139]}, "properties": {"name": "Zafer_3 Geçici Toplanma Alanı", "operator": "TBB", "osm_id": "node/5049895272"}}, {"type": "Feature", "geometry": {"type": "Point", "coordinates": [27.5117832, 40.984192]}, "properties": {"name": "Zafer_2 Geçici Toplanma Alanı", "operator": "TBB", "osm_id": "node/5049895273"}}, {"type": "Feature", "geometry": {"type": "Point", "coordinates": [27.5130486, 40.9845795]}, "properties": {"name": "Zafer_1 Geçici Toplanma Alanı", "operator": "TBB", "osm_id": "node/5049895274"}}, {"type": "Feature", "geometry": {"type": "Point", "coordinates": [27.5190487, 40.9807931]}, "properties": {"name": "Geçici Toplanma Alanı", "operator": "TBB", "osm_id": "node/5049895275"}}, {"type": "Feature", "geometry": {"type": "Point", "coordinates": [27.5143683, 40.9779035]}, "properties": {"name": "Geçici Toplanma Alanı", "operator": "TBB", "osm_id": "node/5049895276"}}, {"type": "Feature", "geometry": {"type": "Point", "coordinates": [27.5153091, 40.9783109]}, "properties": {"name": "", "operator": "TBB", "osm_id": "node/5049895277"}}, {"type": "Feature", "geometry": {"type": "Point", "coordinates": [27.5114045, 40.9786649]}, "properties": {"name": "Geçici Toplanma Alanı", "operator": "TBB", "osm_id": "node/5049895278"}}, {"type": "Feature", "geometry": {"type": "Point", "coordinates": [27.5117102, 40.9756861]}, "properties": {"name": "Geçici Toplanma Alanı", "operator": "TBB", "osm_id": "node/5049895279"}}, {"type": "Feature", "geometry": {"type": "Point", "coordinates": [27.5063349, 40.9742124]}, "properties": {"name": "Yavuz_3", "operator": "TBB", "osm_id": "node/5049895280"}}, {"type": "Feature", "geometry": {"type": "Point", "coordinates": [27.5059019, 40.973994]}, "properties": {"name": "Yavuz_2", "operator": "TBB", "osm_id": "node/5049895281"}}, {"type": "Feature", "geometry": {"type": "Point", "coordinates": [27.5056028, 40.9737502]}, "properties": {"name": "Yavuz_1", "operator": "TBB", "osm_id": "node/5049895282"}}, {"type": "Feature", "geometry": {"type": "Point", "coordinates": [27.4988973, 40.9732884]}, "properties": {"name": "100.yil_9", "operator": "TBB", "osm_id": "node/5049895283"}}, {"type": "Feature", "geometry": {"type": "Point", "coordinates": [27.49879, 40.9703439]}, "properties": {"name": "100.yil_7", "operator": "TBB", "osm_id": "node/5049895284"}}, {"type": "Feature", "geometry": {"type": "Point", "coordinates": [27.4938098, 40.9720051]}, "properties": {"name": "100.yil_6", "operator": "TBB", "osm_id": "node/5049895285"}}, {"type": "Feature", "geometry": {"type": "Point", "coordinates": [27.491827, 40.9715306]}, "properties": {"name": "100.yil_5", "operator": "TBB", "osm_id": "node/5049895286"}}, {"type": "Feature", "geometry": {"type": "Point", "coordinates": [27.4925954, 40.9691691]}, "properties": {"name": "100.yil_5", "operator": "TBB", "osm_id": "node/5049895287"}}, {"type": "Feature", "geometry": {"type": "Point", "coordinates": [27.4943268, 40.9690072]}, "properties": {"name": "100.yil_6", "operator": "TBB", "osm_id": "node/5049895288"}}, {"type": "Feature", "geometry": {"type": "Point", "coordinates": [27.4859626, 40.9640032]}, "properties": {"name": "100.yil_1 Geçici Toplanma Alanı", "operator": "TBB", "osm_id": "node/5049895290"}}, {"type": "Feature", "geometry": {"type": "Point", "coordinates": [27.4905186, 40.9625757]}, "properties": {"name": "100.yil_10", "operator": "TBB", "osm_id": "node/5049895292"}}, {"type": "Feature", "geometry": {"type": "Point", "coordinates": [27.4872485, 40.9519403]}, "properties": {"name": "Altinova_1", "operator": "TBB", "osm_id": "node/5049895293"}}, {"type": "Feature", "geometry": {"type": "Point", "coordinates": [27.4838769, 40.9449308]}, "properties": {"name": "Altinova_2", "operator": "TBB", "osm_id": "node/5049895294"}}, {"type": "Feature", "geometry": {"type": "Point", "coordinates": [27.4846816, 40.9413002]}, "properties": {"name": "Altinova_3", "operator": "TBB", "osm_id": "node/5049895295"}}, {"type": "Feature", "geometry": {"type": "Point", "coordinates": [27.4817955, 40.9405303]}, "properties": {"name": "Altinova_4", "operator": "TBB", "osm_id": "node/5049895296"}}, {"type": "Feature", "geometry": {"type": "Point", "coordinates": [27.1502142, 40.6193141]}, "properties": {"name": "Cumhuriyet Mahallesi 4 Numaralı Geçici Toplanma Alanı", "operator": "TBB", "osm_id": "node/5049895297"}}, {"type": "Feature", "geometry": {"type": "Point", "coordinates": [27.1353722, 40.6158745]}, "properties": {"name": "Cumhuriyet Mahallesi 3 Numaralı Geçici Toplanma Alanı", "operator": "TBB", "osm_id": "node/5049895298"}}, {"type": "Feature", "geometry": {"type": "Point", "coordinates": [27.1316493, 40.6156261]}, "properties": {"name": "Cumhuriyet Mahallesi 2 Numaralı Geçici Toplanma Alanı", "operator": "TBB", "osm_id": "node/5049895299"}}, {"type": "Feature", "geometry": {"type": "Point", "coordinates": [27.1202174, 40.6154599]}, "properties": {"name": "Cumhuriyet Mahallesi 1 Numaralı Geçici Toplanma Alanı", "operator": "TBB", "osm_id": "node/5049895316"}}, {"type": "Feature", "geometry": {"type": "Point", "coordinates": [27.1201667, 40.6172926]}, "properties": {"name": "Camikebir Mahallesi 2 Numaralı Geçici Toplanma Alanı", "operator": "TBB", "osm_id": "node/5049895317"}}, {"type": "Feature", "geometry": {"type": "Point", "coordinates": [27.1129811, 40.6160638]}, "properties": {"name": "Camikebir Mahallesi 1 Numaralı Geçici Toplanma Alanı", "operator": "TBB", "osm_id": "node/5049895322"}}, {"type": "Feature", "geometry": {"type": "Point", "coordinates": [27.1064955, 40.6137]}, "properties": {"name": "İstiklal Mahallesi 3 Numaralı Geçici Toplanma Alanı", "operator": "TBB", "osm_id": "node/5049895323"}}, {"type": "Feature", "geometry": {"type": "Point", "coordinates": [27.1031535, 40.6137936]}, "properties": {"name": "İstiklal Mahallesi 1 Numaralı Geçici Toplanma Alanı", "operator": "TBB", "osm_id": "node/5049895324"}}, {"type": "Feature", "geometry": {"type": "Point", "coordinates": [27.1033305, 40.615056]}, "properties": {"name": "İstiklal Mahallesi 2 Numaralı Geçici Toplanma Alanı", "operator": "TBB", "osm_id": "node/5049895325"}}, {"type": "Feature", "geometry": {"type": "Point", "coordinates": [27.1046179, 40.6155153]}, "properties": {"name": "İstiklal Mahallesi 4 Numaralı Geçici Toplanma Alanı", "operator": "TBB", "osm_id": "node/5049895326"}}, {"type": "Feature", "geometry": {"type": "Point", "coordinates": [27.2438246, 40.6689493]}, "properties": {"name": "Mürefte Mahallesi 1 Numararlı Geçici Toplanma Alanı", "operator": "TBB", "osm_id": "node/5049895327"}}, {"type": "Feature", "geometry": {"type": "Point", "coordinates": [26.9106996, 40.8943755]}, "properties": {"name": "Gazibey 1 Geçici Toplanma Alanı", "operator": "TBB", "osm_id": "node/5049895328"}}, {"type": "Feature", "geometry": {"type": "Point", "coordinates": [26.9053996, 40.8937672]}, "properties": {"name": "Gazibey Mahallesi_2 Geçici Toplanma Alanı", "operator": "TBB", "osm_id": "node/5049895333"}}, {"type": "Feature", "geometry": {"type": "Point", "coordinates": [26.9027334, 40.8909367]}, "properties": {"name": "Camiatik Mahallesi_1 Geçici Toplanma Alanı", "operator": "TBB", "osm_id": "node/5049895334"}}, {"type": "Feature", "geometry": {"type": "Point", "coordinates": [26.900121, 40.8879327]}, "properties": {"name": "Camiatik Mahallesi_3 Geçici Toplanma Alanı", "operator": "TBB", "osm_id": "node/5049895335"}}, {"type": "Feature", "geometry": {"type": "Point", "coordinates": [26.9074221, 40.8897536]}, "properties": {"name": "Camiatik Mahallesi_2 Geçici Toplanma Alanı", "operator": "TBB", "osm_id": "node/5049895336"}}, {"type": "Feature", "geometry": {"type": "Point", "coordinates": [26.8963042, 40.8854984]}, "properties": {"name": "Camiatik Mahallesi_4 Geçici Toplanma Alanı", "operator": "TBB", "osm_id": "node/5049895337"}}, {"type": "Feature", "geometry": {"type": "Point", "coordinates": [26.9002832, 40.8949655]}, "properties": {"name": "Hacıevhat 2 Geçici Toplanma Alanı", "operator": "TBB", "osm_id": "node/5049895347"}}, {"type": "Feature", "geometry": {"type": "Point", "coordinates": [26.8891427, 40.900326]}, "properties": {"name": "Hacıevhat 1 Geçici Toplanma Alanı", "operator": "TBB", "osm_id": "node/5049895348"}}, {"type": "Feature", "geometry": {"type": "Point", "coordinates": [27.0973492, 41.2017812]}, "properties": {"name": "Aydinevler_3 Geçici Toplanma Alanı", "operator": "TBB", "osm_id": "node/5049895349"}}, {"type": "Feature", "geometry": {"type": "Point", "coordinates": [27.0999348, 41.205228]}, "properties": {"name": "Aydinevler_2 Geçici Toplanma Alanı", "operator": "TBB", "osm_id": "node/5049895350"}}, {"type": "Feature", "geometry": {"type": "Point", "coordinates": [27.1010667, 41.2057204]}, "properties": {"name": "Aydinevler_1 Geçici Toplanma Alanı", "operator": "TBB", "osm_id": "node/5049895351"}}, {"type": "Feature", "geometry": {"type": "Point", "coordinates": [27.1055031, 41.2133196]}, "properties": {"name": "İlyas 2 Geçici Toplanma Alanı", "operator": "TBB", "osm_id": "node/5049895356"}}, {"type": "Feature", "geometry": {"type": "Point", "coordinates": [27.1086104, 41.2173045]}, "properties": {"name": "Hisar 1 Geçici Toplanma Alanı", "operator": "TBB", "osm_id": "node/5049895364"}}, {"type": "Feature", "geometry": {"type": "Point", "coordinates": [27.1053495, 41.2170538]}, "properties": {"name": "İlyas Mahallesi Geçici Toplanma Alanı", "operator": "TBB", "osm_id": "node/5049895365"}}, {"type": "Feature", "geometry": {"type": "Point", "coordinates": [27.5061983, 41.1669131]}, "properties": {"name": "Kazım Dirik 1 Geçici Toplanma Alanı", "operator": "TBB", "osm_id": "node/5049895410"}}, {"type": "Feature", "geometry": {"type": "Point", "coordinates": [27.4982482, 41.1652074]}, "properties": {"name": "Muradiye 2 Geçici Toplanma Alanı", "operator": "TBB", "osm_id": "node/5049895413"}}, {"type": "Feature", "geometry": {"type": "Point", "coordinates": [27.494927, 41.1694204]}, "properties": {"name": "Muradiye 1 Geçici Toplanma Alanı", "operator": "TBB", "osm_id": "node/5049895414"}}, {"type": "Feature", "geometry": {"type": "Point", "coordinates": [27.4918753, 41.1741716]}, "properties": {"name": "Fatih 2 Geçici Toplanma Alanı", "operator": "TBB", "osm_id": "node/5049895415"}}, {"type": "Feature", "geometry": {"type": "Point", "coordinates": [27.5090615, 41.1753209]}, "properties": {"name": "Kazım Dirik 2 Geçici Toplanma Alanı", "operator": "TBB", "osm_id": "node/5049895418"}}, {"type": "Feature", "geometry": {"type": "Point", "coordinates": [27.4971545, 41.1773544]}, "properties": {"name": "İstiklal Geçici Toplanma Alanı", "operator": "TBB", "osm_id": "node/5049895419"}}, {"type": "Feature", "geometry": {"type": "Point", "coordinates": [27.4910217, 41.17936]}, "properties": {"name": "Fatih_1, Geçici Toplanma Alanı", "operator": "TBB", "osm_id": "node/5049895420"}}, {"type": "Feature", "geometry": {"type": "Point", "coordinates": [27.5244432, 41.2048774]}, "properties": {"name": "Acil Durum Toplanma Noktası", "operator": "", "osm_id": "node/5140468605"}}, {"type": "Feature", "geometry": {"type": "Point", "coordinates": [27.5037052, 41.1786197]}, "properties": {"name": "", "operator": "", "osm_id": "node/5140608447"}}, {"type": "Feature", "geometry": {"type": "Point", "coordinates": [27.9764557, 41.3366368]}, "properties": {"name": "", "operator": "", "osm_id": "node/5423630203"}}, {"type": "Feature", "geometry": {"type": "Point", "coordinates": [30.3382972, 37.7554607]}, "properties": {"name": "", "operator": "", "osm_id": "node/5449541624"}}, {"type": "Feature", "geometry": {"type": "Point", "coordinates": [27.9851047, 41.3340292]}, "properties": {"name": "Geçici Toplanma Alanı", "operator": "TBB", "osm_id": "node/5774287372"}}, {"type": "Feature", "geometry": {"type": "Point", "coordinates": [28.989612, 41.0497454]}, "properties": {"name": "3429-014-01", "operator": "", "osm_id": "node/8118559520"}}, {"type": "Feature", "geometry": {"type": "Point", "coordinates": [27.3676267, 41.3966327]}, "properties": {"name": "Geçici Toplanma Alanı", "operator": "", "osm_id": "node/9419586920"}}, {"type": "Feature", "geometry": {"type": "Point", "coordinates": [27.3442091, 41.4005036]}, "properties": {"name": "Geçici Toplanma Alanı", "operator": "", "osm_id": "node/9419587038"}}, {"type": "Feature", "geometry": {"type": "Point", "coordinates": [27.3443943, 41.398178]}, "properties": {"name": "Geçici Toplanma Alanı", "operator": "", "osm_id": "node/9419587039"}}, {"type": "Feature", "geometry": {"type": "Point", "coordinates": [27.3455788, 41.3991947]}, "properties": {"name": "Geçici Toplanma Alanı", "operator": "", "osm_id": "node/9419587040"}}, {"type": "Feature", "geometry": {"type": "Point", "coordinates": [27.3453624, 41.3952219]}, "properties": {"name": "Geçici Toplanma Alanı", "operator": "", "osm_id": "node/9419587041"}}, {"type": "Feature", "geometry": {"type": "Point", "coordinates": [27.3483123, 41.3986821]}, "properties": {"name": "Geçici Toplanma Alanı", "operator": "", "osm_id": "node/9419587042"}}, {"type": "Feature", "geometry": {"type": "Point", "coordinates": [27.3488362, 41.3996218]}, "properties": {"name": "Geçici Toplanma Alanı", "operator": "", "osm_id": "node/9419587043"}}, {"type": "Feature", "geometry": {"type": "Point", "coordinates": [27.3479706, 41.3995279]}, "properties": {"name": "Geçici Toplanma Alanı", "operator": "", "osm_id": "node/9419587044"}}, {"type": "Feature", "geometry": {"type": "Point", "coordinates": [27.3557165, 41.4028592]}, "properties": {"name": "Geçici Toplanma Alanı", "operator": "", "osm_id": "node/9419587045"}}, {"type": "Feature", "geometry": {"type": "Point", "coordinates": [27.3549165, 41.3995104]}, "properties": {"name": "Geçici Toplanma Alanı", "operator": "", "osm_id": "node/9419587046"}}, {"type": "Feature", "geometry": {"type": "Point", "coordinates": [27.3560649, 41.3977295]}, "properties": {"name": "Geçici Toplanma Alanı", "operator": "", "osm_id": "node/9419587047"}}, {"type": "Feature", "geometry": {"type": "Point", "coordinates": [27.3532392, 41.3943322]}, "properties": {"name": "Geçici Toplanma Alanı", "operator": "", "osm_id": "node/9419587048"}}, {"type": "Feature", "geometry": {"type": "Point", "coordinates": [27.3549165, 41.3933836]}, "properties": {"name": "Geçici Toplanma Alanı", "operator": "", "osm_id": "node/9419587049"}}, {"type": "Feature", "geometry": {"type": "Point", "coordinates": [27.3594455, 41.4001299]}, "properties": {"name": "Geçici Toplanma Alanı", "operator": "", "osm_id": "node/9419587050"}}, {"type": "Feature", "geometry": {"type": "Point", "coordinates": [27.3580763, 41.3922001]}, "properties": {"name": "Geçici Toplanma Alanı", "operator": "", "osm_id": "node/9419587051"}}, {"type": "Feature", "geometry": {"type": "Point", "coordinates": [27.3616589, 41.3889633]}, "properties": {"name": "Geçici Toplanma Alanı", "operator": "", "osm_id": "node/9419587052"}}, {"type": "Feature", "geometry": {"type": "Point", "coordinates": [27.3583378, 41.3815905]}, "properties": {"name": "Geçici Toplanma Alanı", "operator": "", "osm_id": "node/9419587053"}}, {"type": "Feature", "geometry": {"type": "Point", "coordinates": [27.363375, 41.3934921]}, "properties": {"name": "Geçici Toplanma Alanı", "operator": "", "osm_id": "node/9419587054"}}, {"type": "Feature", "geometry": {"type": "Point", "coordinates": [27.3647699, 41.3981605]}, "properties": {"name": "Geçici Toplanma Alanı", "operator": "", "osm_id": "node/9419587055"}}, {"type": "Feature", "geometry": {"type": "Point", "coordinates": [27.3639002, 41.399585]}, "properties": {"name": "Geçici Toplanma Alanı", "operator": "", "osm_id": "node/9419587056"}}, {"type": "Feature", "geometry": {"type": "Point", "coordinates": [27.3702819, 41.3988241]}, "properties": {"name": "Geçici Toplanma Alanı", "operator": "", "osm_id": "node/9419587057"}}, {"type": "Feature", "geometry": {"type": "Point", "coordinates": [27.3754941, 41.3979195]}, "properties": {"name": "Geçici Toplanma Alanı", "operator": "", "osm_id": "node/9419587058"}}, {"type": "Feature", "geometry": {"type": "Point", "coordinates": [27.3593414, 41.4059815]}, "properties": {"name": "Geçici Toplanma Alanı", "operator": "", "osm_id": "node/9419587059"}}, {"type": "Feature", "geometry": {"type": "Point", "coordinates": [27.3586823, 41.4063112]}, "properties": {"name": "Geçici Toplanma Alanı", "operator": "", "osm_id": "node/9419587060"}}, {"type": "Feature", "geometry": {"type": "Point", "coordinates": [27.3583588, 41.4058167]}, "properties": {"name": "Geçici Toplanma Alanı", "operator": "", "osm_id": "node/9419587061"}}, {"type": "Feature", "geometry": {"type": "Point", "coordinates": [27.3540823, 41.4065178]}, "properties": {"name": "Geçici Toplanma Alanı", "operator": "", "osm_id": "node/9419587062"}}, {"type": "Feature", "geometry": {"type": "Point", "coordinates": [27.3536579, 41.4055601]}, "properties": {"name": "Geçici Toplanma Alanı", "operator": "", "osm_id": "node/9419587063"}}, {"type": "Feature", "geometry": {"type": "Point", "coordinates": [27.3533828, 41.4050276]}, "properties": {"name": "Geçici Toplanma Alanı", "operator": "", "osm_id": "node/9419587064"}}, {"type": "Feature", "geometry": {"type": "Point", "coordinates": [27.3513062, 41.4069113]}, "properties": {"name": "Geçici Toplanma Alanı", "operator": "", "osm_id": "node/9419587065"}}, {"type": "Feature", "geometry": {"type": "Point", "coordinates": [27.3493989, 41.4082793]}, "properties": {"name": "Geçici Toplanma Alanı", "operator": "", "osm_id": "node/9419587066"}}, {"type": "Feature", "geometry": {"type": "Point", "coordinates": [27.3688268, 41.4040519]}, "properties": {"name": "Geçici Toplanma Alanı", "operator": "", "osm_id": "node/9419587067"}}, {"type": "Feature", "geometry": {"type": "Point", "coordinates": [27.3717809, 41.4038597]}, "properties": {"name": "Geçici Toplanma Alanı", "operator": "", "osm_id": "node/9419587068"}}, {"type": "Feature", "geometry": {"type": "Point", "coordinates": [27.3744587, 41.4034741]}, "properties": {"name": "Geçici Toplanma Alanı", "operator": "", "osm_id": "node/9419587069"}}, {"type": "Feature", "geometry": {"type": "Point", "coordinates": [27.3676716, 41.4089237]}, "properties": {"name": "Geçici Toplanma Alanı", "operator": "", "osm_id": "node/9419587070"}}, {"type": "Feature", "geometry": {"type": "Point", "coordinates": [27.3710098, 41.4124622]}, "properties": {"name": "Geçici Toplanma Alanı", "operator": "", "osm_id": "node/9419587071"}}, {"type": "Feature", "geometry": {"type": "Point", "coordinates": [27.3662652, 41.4118317]}, "properties": {"name": "Geçici Toplanma Alanı", "operator": "", "osm_id": "node/9419587072"}}, {"type": "Feature", "geometry": {"type": "Point", "coordinates": [27.3617619, 41.415153]}, "properties": {"name": "Geçici Toplanma Alanı", "operator": "", "osm_id": "node/9419587073"}}, {"type": "Feature", "geometry": {"type": "Point", "coordinates": [27.3577582, 41.4126778]}, "properties": {"name": "Geçici Toplanma Alanı", "operator": "", "osm_id": "node/9419587074"}}, {"type": "Feature", "geometry": {"type": "Point", "coordinates": [27.356395, 41.4139938]}, "properties": {"name": "Geçici Toplanma Alanı", "operator": "", "osm_id": "node/9419587075"}}, {"type": "Feature", "geometry": {"type": "Point", "coordinates": [27.3536988, 41.4134785]}, "properties": {"name": "Geçici Toplanma Alanı", "operator": "", "osm_id": "node/9419587076"}}, {"type": "Feature", "geometry": {"type": "Point", "coordinates": [28.9767256, 41.0254895]}, "properties": {"name": "Beyoğlu Kapalı Geçici Barınma Alanı", "operator": "", "osm_id": "node/9522358731"}}, {"type": "Feature", "geometry": {"type": "Point", "coordinates": [28.9769857, 41.0255927]}, "properties": {"name": "Beyoğlu Kapalı Geçici Barınma Alanı", "operator": "", "osm_id": "node/9522358732"}}, {"type": "Feature", "geometry": {"type": "Point", "coordinates": [28.9758046, 41.0252721]}, "properties": {"name": "Beyoğlu Kapalı Geçici Barınma Alanı", "operator": "", "osm_id": "node/9522358733"}}, {"type": "Feature", "geometry": {"type": "Point", "coordinates": [27.9741311, 41.3301677]}, "properties": {"name": "Acil Toplanma Alanı 5911-0001-01", "operator": "", "osm_id": "node/9689402949"}}, {"type": "Feature", "geometry": {"type": "Point", "coordinates": [44.8048881, 41.7025767]}, "properties": {"name": "", "operator": "", "osm_id": "node/9774437707"}}, {"type": "Feature", "geometry": {"type": "Point", "coordinates": [44.8147276, 41.6870151]}, "properties": {"name": "", "operator": "", "osm_id": "node/9792375548"}}, {"type": "Feature", "geometry": {"type": "Point", "coordinates": [27.4941329, 40.9667049]}, "properties": {"name": "Süleymanpaşa 7 Numaralı Toplanma Alanı", "operator": "", "osm_id": "node/9879120288"}}, {"type": "Feature", "geometry": {"type": "Point", "coordinates": [27.084269, 38.4727881]}, "properties": {"name": "Haydar Aliyev Parkı Afet Ve Acil Durum Toplama Alanı", "operator": "Karşıyaka Belediyesi", "osm_id": "node/9931574836"}}, {"type": "Feature", "geometry": {"type": "Point", "coordinates": [27.091454, 38.4713565]}, "properties": {"name": "", "operator": "", "osm_id": "node/9931632847"}}, {"type": "Feature", "geometry": {"type": "Point", "coordinates": [27.0813957, 38.4789957]}, "properties": {"name": "", "operator": "", "osm_id": "node/9931654992"}}, {"type": "Feature", "geometry": {"type": "Point", "coordinates": [27.0909278, 38.4693212]}, "properties": {"name": "", "operator": "", "osm_id": "node/9931656840"}}, {"type": "Feature", "geometry": {"type": "Point", "coordinates": [27.0895893, 38.4709394]}, "properties": {"name": "", "operator": "", "osm_id": "node/9931666674"}}, {"type": "Feature", "geometry": {"type": "Point", "coordinates": [27.077333, 38.4804505]}, "properties": {"name": "", "operator": "", "osm_id": "node/9931680052"}}, {"type": "Feature", "geometry": {"type": "Point", "coordinates": [27.0937144, 38.4644751]}, "properties": {"name": "", "operator": "", "osm_id": "node/9931753786"}}, {"type": "Feature", "geometry": {"type": "Point", "coordinates": [27.0957819, 38.4672278]}, "properties": {"name": "", "operator": "", "osm_id": "node/9931753787"}}, {"type": "Feature", "geometry": {"type": "Point", "coordinates": [27.09549, 38.4677964]}, "properties": {"name": "", "operator": "", "osm_id": "node/9931753788"}}, {"type": "Feature", "geometry": {"type": "Point", "coordinates": [27.0923792, 38.4647763]}, "properties": {"name": "", "operator": "", "osm_id": "node/9931760864"}}, {"type": "Feature", "geometry": {"type": "Point", "coordinates": [27.0910689, 38.4670272]}, "properties": {"name": "4_p11_ta", "operator": "", "osm_id": "node/9931769956"}}, {"type": "Feature", "geometry": {"type": "Point", "coordinates": [27.9796172, 41.3189772]}, "properties": {"name": "Acil Toplanma Noktası", "operator": "", "osm_id": "node/9934959882"}}, {"type": "Feature", "geometry": {"type": "Point", "coordinates": [27.0864718, 38.4707676]}, "properties": {"name": "4_p1_ta", "operator": "", "osm_id": "node/9947079474"}}, {"type": "Feature", "geometry": {"type": "Point", "coordinates": [27.0866092, 38.4712685]}, "properties": {"name": "4_p2_ta", "operator": "", "osm_id": "node/9947079475"}}, {"type": "Feature", "geometry": {"type": "Point", "coordinates": [27.0880592, 38.4708387]}, "properties": {"name": "4_p3_ta", "operator": "", "osm_id": "node/9947079476"}}, {"type": "Feature", "geometry": {"type": "Point", "coordinates": [27.9745508, 40.3577331]}, "properties": {"name": "Bandırma 37 No'lu Toplanma Alanı", "operator": "AFAD", "osm_id": "node/10010092859"}}, {"type": "Feature", "geometry": {"type": "Point", "coordinates": [27.9760099, 40.3555175]}, "properties": {"name": "Bandırma 38 No'lu Toplanma Alanı", "operator": "AFAD", "osm_id": "node/10010092860"}}, {"type": "Feature", "geometry": {"type": "Point", "coordinates": [27.9822606, 40.3612047]}, "properties": {"name": "Bandırma 8 No'lu Toplanma Alanı", "operator": "AFAD", "osm_id": "node/10010092861"}}, {"type": "Feature", "geometry": {"type": "Point", "coordinates": [27.981375, 40.3565691]}, "properties": {"name": "Bandırma 7 No'lu Toplanma Alanı", "operator": "AFAD", "osm_id": "node/10010092862"}}, {"type": "Feature", "geometry": {"type": "Point", "coordinates": [27.9921088, 40.3631544]}, "properties": {"name": "Bandırma 9 No'lu Toplanma Alanı", "operator": "AFAD", "osm_id": "node/10010092863"}}, {"type": "Feature", "geometry": {"type": "Point", "coordinates": [27.9954314, 40.3560413]}, "properties": {"name": "Bandırma 10 No'lu Toplanma Alanı", "operator": "AFAD", "osm_id": "node/10010092864"}}, {"type": "Feature", "geometry": {"type": "Point", "coordinates": [27.9923959, 40.3516517]}, "properties": {"name": "Bandırma 12 No'lu Toplanma Alanı", "operator": "AFAD", "osm_id": "node/10010092865"}}, {"type": "Feature", "geometry": {"type": "Point", "coordinates": [27.9997396, 40.3478358]}, "properties": {"name": "Bandırma 34 No'lu Toplanma Alanı", "operator": "AFAD", "osm_id": "node/10010092866"}}, {"type": "Feature", "geometry": {"type": "Point", "coordinates": [27.9961631, 40.3439106]}, "properties": {"name": "Bandırma 14 No'lu Toplanma Alanı", "operator": "AFAD", "osm_id": "node/10010092867"}}, {"type": "Feature", "geometry": {"type": "Point", "coordinates": [28.0052864, 40.3499247]}, "properties": {"name": "Bandırma 33 No'lu Toplanma Alanı", "operator": "AFAD", "osm_id": "node/10010092873"}}, {"type": "Feature", "geometry": {"type": "Point", "coordinates": [28.0054431, 40.3396131]}, "properties": {"name": "Bandırma 16 No'lu Toplanma Alanı", "operator": "AFAD", "osm_id": "node/10010092874"}}, {"type": "Feature", "geometry": {"type": "Point", "coordinates": [28.0047482, 40.3366896]}, "properties": {"name": "Bandırma 32 No'lu Toplanma Alanı", "operator": "AFAD", "osm_id": "node/10010092875"}}, {"type": "Feature", "geometry": {"type": "Point", "coordinates": [27.9969655, 40.3351969]}, "properties": {"name": "Bandırma 17 No'lu Toplanma Alanı", "operator": "AFAD", "osm_id": "node/10010092876"}}, {"type": "Feature", "geometry": {"type": "Point", "coordinates": [27.9971763, 40.3407736]}, "properties": {"name": "Bandırma 15 No'lu Toplanma Alanı", "operator": "AFAD", "osm_id": "node/10010092877"}}, {"type": "Feature", "geometry": {"type": "Point", "coordinates": [28.0001585, 40.3245586]}, "properties": {"name": "Bandırma 39 No'lu Toplanma Alanı", "operator": "AFAD", "osm_id": "node/10010092878"}}, {"type": "Feature", "geometry": {"type": "Point", "coordinates": [27.9894332, 40.3356398]}, "properties": {"name": "Bandırma 18 No'lu Toplanma Alanı", "operator": "AFAD", "osm_id": "node/10010092879"}}, {"type": "Feature", "geometry": {"type": "Point", "coordinates": [27.9864494, 40.3470657]}, "properties": {"name": "Bandırma 13 No'lu Toplanma Alanı", "operator": "AFAD", "osm_id": "node/10010092887"}}, {"type": "Feature", "geometry": {"type": "Point", "coordinates": [27.9824233, 40.3425433]}, "properties": {"name": "Bandırma 19 No'lu Toplanma Alanı", "operator": "AFAD", "osm_id": "node/10010092888"}}, {"type": "Feature", "geometry": {"type": "Point", "coordinates": [27.9708729, 40.3469359]}, "properties": {"name": "Bandırma 4 No'lu Toplanma Alanı", "operator": "AFAD", "osm_id": "node/10010092889"}}, {"type": "Feature", "geometry": {"type": "Point", "coordinates": [27.9714145, 40.3452692]}, "properties": {"name": "Bandırma 35 No'lu Toplanma Alanı", "operator": "AFAD", "osm_id": "node/10010092890"}}, {"type": "Feature", "geometry": {"type": "Point", "coordinates": [27.97275, 40.3446672]}, "properties": {"name": "Bandırma 3 No'lu Toplanma Alanı", "operator": "AFAD", "osm_id": "node/10010092891"}}, {"type": "Feature", "geometry": {"type": "Point", "coordinates": [27.9743983, 40.3481274]}, "properties": {"name": "Bandırma 36 No'lu Toplanma Alanı", "operator": "AFAD", "osm_id": "node/10010092892"}}, {"type": "Feature", "geometry": {"type": "Point", "coordinates": [27.9566929, 40.3393526]}, "properties": {"name": "Bandırma 20 No'lu Toplanma Alanı", "operator": "AFAD", "osm_id": "node/10010092893"}}, {"type": "Feature", "geometry": {"type": "Point", "coordinates": [27.9602626, 40.3473513]}, "properties": {"name": "Bandırma 2 No'lu Toplanma Alanı", "operator": "AFAD", "osm_id": "node/10010092894"}}, {"type": "Feature", "geometry": {"type": "Point", "coordinates": [27.9544686, 40.3465607]}, "properties": {"name": "Bandırma 1 No'lu Toplanma Alanı", "operator": "AFAD", "osm_id": "node/10010092895"}}, {"type": "Feature", "geometry": {"type": "Point", "coordinates": [27.9481917, 40.3434231]}, "properties": {"name": "Bandırma 24 No'lu Toplanma Alanı", "operator": "AFAD", "osm_id": "node/10010092896"}}, {"type": "Feature", "geometry": {"type": "Point", "coordinates": [27.9452664, 40.3422203]}, "properties": {"name": "Bandırma 30 No'lu Toplanma Alanı", "operator": "AFAD", "osm_id": "node/10010092897"}}, {"type": "Feature", "geometry": {"type": "Point", "coordinates": [27.9406781, 40.3416051]}, "properties": {"name": "Bandırma 29 No'lu Toplanma Alanı", "operator": "AFAD", "osm_id": "node/10010092898"}}, {"type": "Feature", "geometry": {"type": "Point", "coordinates": [27.9409877, 40.3455925]}, "properties": {"name": "Bandırma 21 No'lu Toplanma Alanı", "operator": "AFAD", "osm_id": "node/10010092899"}}, {"type": "Feature", "geometry": {"type": "Point", "coordinates": [27.9346454, 40.3426135]}, "properties": {"name": "Bandırma 28 No'lu Toplanma Alanı", "operator": "AFAD", "osm_id": "node/10010092900"}}, {"type": "Feature", "geometry": {"type": "Point", "coordinates": [27.9314227, 40.3458377]}, "properties": {"name": "Bandırma 27 No'lu Toplanma Alanı", "operator": "AFAD", "osm_id": "node/10010092901"}}, {"type": "Feature", "geometry": {"type": "Point", "coordinates": [27.9259119, 40.3427986]}, "properties": {"name": "Bandırma 25 No'lu Toplanma Alanı", "operator": "AFAD", "osm_id": "node/10010092902"}}, {"type": "Feature", "geometry": {"type": "Point", "coordinates": [27.9299725, 40.3559354]}, "properties": {"name": "Bandırma 84 No'lu Toplanma Alanı", "operator": "AFAD", "osm_id": "node/10010092903"}}, {"type": "Feature", "geometry": {"type": "Point", "coordinates": [27.9432764, 40.3512206]}, "properties": {"name": "Bandırma 22 No'lu Toplanma Alanı", "operator": "AFAD", "osm_id": "node/10010092904"}}, {"type": "Feature", "geometry": {"type": "Point", "coordinates": [27.9453096, 40.3554434]}, "properties": {"name": "Bandırma 23 No'lu Toplanma Alanı", "operator": "AFAD", "osm_id": "node/10010092905"}}, {"type": "Feature", "geometry": {"type": "Point", "coordinates": [27.9705857, 40.3500317]}, "properties": {"name": "Bandırma 31 No'lu Toplanma Alanı", "operator": "AFAD", "osm_id": "node/10010092906"}}, {"type": "Feature", "geometry": {"type": "Point", "coordinates": [27.9740334, 40.3519418]}, "properties": {"name": "Bandırma 5 No'lu Toplanma Alanı", "operator": "AFAD", "osm_id": "node/10010092907"}}, {"type": "Feature", "geometry": {"type": "Point", "coordinates": [27.9717528, 40.3553827]}, "properties": {"name": "Bandırma 6 No'lu Toplanma Alanı", "operator": "AFAD", "osm_id": "node/10010092908"}}, {"type": "Feature", "geometry": {"type": "Point", "coordinates": [27.9813908, 40.3517425]}, "properties": {"name": "Bandırma 11 No'lu Toplanma Alanı", "operator": "AFAD", "osm_id": "node/10010092909"}}, {"type": "Feature", "geometry": {"type": "Point", "coordinates": [28.0058453, 40.3180313]}, "properties": {"name": "Bandırma 40 No'lu Toplanma Alanı", "operator": "AFAD", "osm_id": "node/10010092910"}}, {"type": "Feature", "geometry": {"type": "Point", "coordinates": [28.0086963, 40.3169587]}, "properties": {"name": "Bandırma 41 No'lu Toplanma Alanı", "operator": "AFAD", "osm_id": "node/10010092911"}}, {"type": "Feature", "geometry": {"type": "Point", "coordinates": [28.0165893, 40.304612]}, "properties": {"name": "Bandırma 43 No'lu Toplanma Alanı", "operator": "AFAD", "osm_id": "node/10010092912"}}, {"type": "Feature", "geometry": {"type": "Point", "coordinates": [29.126778, 40.9995644]}, "properties": {"name": "", "operator": "", "osm_id": "node/10100675169"}}, {"type": "Feature", "geometry": {"type": "Point", "coordinates": [29.123857, 41.0011707]}, "properties": {"name": "", "operator": "", "osm_id": "node/10100852275"}}, {"type": "Feature", "geometry": {"type": "Point", "coordinates": [27.2052086, 38.4592526]}, "properties": {"name": "Bornova Kurtuluş Parkı", "operator": "", "osm_id": "node/10146712939"}}, {"type": "Feature", "geometry": {"type": "Point", "coordinates": [29.096983, 41.1406469]}, "properties": {"name": "", "operator": "", "osm_id": "node/10156391372"}}, {"type": "Feature", "geometry": {"type": "Point", "coordinates": [29.0519956, 41.0915539]}, "properties": {"name": "Afet ve Acil Durum Toplanma Alanı", "operator": "", "osm_id": "node/10159879595"}}, {"type": "Feature", "geometry": {"type": "Point", "coordinates": [29.1014324, 41.1419532]}, "properties": {"name": "", "operator": "", "osm_id": "node/10173983495"}}, {"type": "Feature", "geometry": {"type": "Point", "coordinates": [29.1028898, 41.1404408]}, "properties": {"name": "", "operator": "", "osm_id": "node/10173983496"}}, {"type": "Feature", "geometry": {"type": "Point", "coordinates": [29.1015749, 41.1443076]}, "properties": {"name": "", "operator": "", "osm_id": "node/10173983497"}}, {"type": "Feature", "geometry": {"type": "Point", "coordinates": [29.0994104, 41.1478641]}, "properties": {"name": "", "operator": "", "osm_id": "node/10174021872"}}, {"type": "Feature", "geometry": {"type": "Point", "coordinates": [29.1278326, 40.9907436]}, "properties": {"name": "3436-002-17", "operator": "", "osm_id": "node/10185624417"}}, {"type": "Feature", "geometry": {"type": "Point", "coordinates": [29.1525984, 40.987383]}, "properties": {"name": "", "operator": "", "osm_id": "node/10220025008"}}, {"type": "Feature", "geometry": {"type": "Point", "coordinates": [29.1001175, 41.1436778]}, "properties": {"name": "", "operator": "", "osm_id": "node/10243832373"}}, {"type": "Feature", "geometry": {"type": "Point", "coordinates": [39.7994654, 40.9877756]}, "properties": {"name": "", "operator": "", "osm_id": "node/10621544908"}}, {"type": "Feature", "geometry": {"type": "Point", "coordinates": [29.2113664, 40.8997406]}, "properties": {"name": "Afet ve Acil Durum Toplanma Alanı İstanbul Kartal", "operator": "AFAD", "osm_id": "node/10677536898"}}, {"type": "Feature", "geometry": {"type": "Point", "coordinates": [29.8864048, 40.7694446]}, "properties": {"name": "", "operator": "", "osm_id": "node/10733599549"}}, {"type": "Feature", "geometry": {"type": "Point", "coordinates": [29.88641, 40.7638371]}, "properties": {"name": "", "operator": "", "osm_id": "node/10733599550"}}, {"type": "Feature", "geometry": {"type": "Point", "coordinates": [29.9013948, 40.7663986]}, "properties": {"name": "", "operator": "", "osm_id": "node/10733599551"}}, {"type": "Feature", "geometry": {"type": "Point", "coordinates": [29.7656151, 40.7745818]}, "properties": {"name": "", "operator": "", "osm_id": "node/10740788273"}}, {"type": "Feature", "geometry": {"type": "Point", "coordinates": [29.7744067, 40.7735826]}, "properties": {"name": "", "operator": "", "osm_id": "node/10740788302"}}, {"type": "Feature", "geometry": {"type": "Point", "coordinates": [29.9742028, 40.7691406]}, "properties": {"name": "", "operator": "", "osm_id": "node/10767264229"}}, {"type": "Feature", "geometry": {"type": "Point", "coordinates": [27.9700716, 41.3355716]}, "properties": {"name": "Acl Durum Toplanma Noktası", "operator": "", "osm_id": "node/10795067521"}}, {"type": "Feature", "geometry": {"type": "Point", "coordinates": [28.3157693, 37.0522125]}, "properties": {"name": "", "operator": "", "osm_id": "node/10804018303"}}, {"type": "Feature", "geometry": {"type": "Point", "coordinates": [28.0009291, 41.297141]}, "properties": {"name": "Acil Durum Toplanma Noktası", "operator": "", "osm_id": "node/10815947346"}}, {"type": "Feature", "geometry": {"type": "Point", "coordinates": [28.9885373, 41.0675751]}, "properties": {"name": "Afet ve Acil Durum Toplanma Alanı", "operator": "", "osm_id": "node/10817057907"}}, {"type": "Feature", "geometry": {"type": "Point", "coordinates": [33.0202875, 35.2480523]}, "properties": {"name": "", "operator": "", "osm_id": "node/10963384112"}}, {"type": "Feature", "geometry": {"type": "Point", "coordinates": [33.0228958, 35.2476358]}, "properties": {"name": "", "operator": "", "osm_id": "node/10963396562"}}, {"type": "Feature", "geometry": {"type": "Point", "coordinates": [33.0237059, 35.2487605]}, "properties": {"name": "", "operator": "", "osm_id": "node/10963408053"}}, {"type": "Feature", "geometry": {"type": "Point", "coordinates": [33.0274072, 35.2480878]}, "properties": {"name": "", "operator": "", "osm_id": "node/10963484038"}}, {"type": "Feature", "geometry": {"type": "Point", "coordinates": [33.0296895, 35.2470206]}, "properties": {"name": "", "operator": "", "osm_id": "node/10963505266"}}, {"type": "Feature", "geometry": {"type": "Point", "coordinates": [28.7647157, 36.8357]}, "properties": {"name": "AFAD Toplanma Alanı", "operator": "AFAD", "osm_id": "node/11015688031"}}, {"type": "Feature", "geometry": {"type": "Point", "coordinates": [28.7967179, 36.8218677]}, "properties": {"name": "AFAD Toplanma Alanı", "operator": "AFAD", "osm_id": "node/11017750997"}}, {"type": "Feature", "geometry": {"type": "Point", "coordinates": [28.7621558, 36.8497908]}, "properties": {"name": "AFAD Toplanma Alanı", "operator": "AFAD", "osm_id": "node/11035458664"}}, {"type": "Feature", "geometry": {"type": "Point", "coordinates": [28.7606634, 36.8490879]}, "properties": {"name": "AFAD Toplanma Alanı", "operator": "AFAD", "osm_id": "node/11035458665"}}, {"type": "Feature", "geometry": {"type": "Point", "coordinates": [28.7436049, 36.8468824]}, "properties": {"name": "AFAD Toplanma Alanı", "operator": "AFAD", "osm_id": "node/11035458666"}}, {"type": "Feature", "geometry": {"type": "Point", "coordinates": [28.761377, 36.8305994]}, "properties": {"name": "AFAD Toplanma Alanı", "operator": "AFAD", "osm_id": "node/11035458684"}}, {"type": "Feature", "geometry": {"type": "Point", "coordinates": [28.759164, 36.8276079]}, "properties": {"name": "AFAD Toplanma Alanı", "operator": "AFAD", "osm_id": "node/11035458685"}}, {"type": "Feature", "geometry": {"type": "Point", "coordinates": [28.7666429, 36.8285826]}, "properties": {"name": "AFAD Toplanma Alanı", "operator": "AFAD", "osm_id": "node/11035458690"}}, {"type": "Feature", "geometry": {"type": "Point", "coordinates": [28.7722556, 36.8258137]}, "properties": {"name": "AFAD Toplanma Alanı", "operator": "AFAD", "osm_id": "node/11035458699"}}, {"type": "Feature", "geometry": {"type": "Point", "coordinates": [28.7724993, 36.8266198]}, "properties": {"name": "AFAD Toplanma Alanı", "operator": "AFAD", "osm_id": "node/11035458700"}}, {"type": "Feature", "geometry": {"type": "Point", "coordinates": [28.778644, 36.8306314]}, "properties": {"name": "AFAD Toplanma Alanı", "operator": "AFAD", "osm_id": "node/11035486710"}}, {"type": "Feature", "geometry": {"type": "Point", "coordinates": [28.7847006, 36.8262329]}, "properties": {"name": "AFAD Toplanma Alanı", "operator": "AFAD", "osm_id": "node/11035486717"}}, {"type": "Feature", "geometry": {"type": "Point", "coordinates": [28.7686025, 36.8521104]}, "properties": {"name": "AFAD Toplanma Alanı", "operator": "AFAD", "osm_id": "node/11035486722"}}, {"type": "Feature", "geometry": {"type": "Point", "coordinates": [28.7097208, 40.9811672]}, "properties": {"name": "", "operator": "AFAD", "osm_id": "node/11055142559"}}, {"type": "Feature", "geometry": {"type": "Point", "coordinates": [28.7079669, 40.9861969]}, "properties": {"name": "", "operator": "AFAD", "osm_id": "node/11055432742"}}, {"type": "Feature", "geometry": {"type": "Point", "coordinates": [28.688401, 36.9566575]}, "properties": {"name": "AFAD Toplanma Alanı", "operator": "AFAD", "osm_id": "node/11076457220"}}, {"type": "Feature", "geometry": {"type": "Point", "coordinates": [28.6756645, 36.9594552]}, "properties": {"name": "AFAD Toplanma Alanı", "operator": "AFAD", "osm_id": "node/11076457221"}}, {"type": "Feature", "geometry": {"type": "Point", "coordinates": [28.5756607, 41.0234607]}, "properties": {"name": "Acil Durum Toplanma Alanı", "operator": "AFAD", "osm_id": "node/11079032218"}}, {"type": "Feature", "geometry": {"type": "Point", "coordinates": [27.5006122, 40.9749756]}, "properties": {"name": "Acil Durum Toplanma Bölgesi", "operator": "", "osm_id": "node/11089191957"}}, {"type": "Feature", "geometry": {"type": "Point", "coordinates": [27.9739923, 41.3297894]}, "properties": {"name": "Acil Toplanma Alanı", "operator": "", "osm_id": "node/11107030182"}}, {"type": "Feature", "geometry": {"type": "Point", "coordinates": [29.0656441, 41.0158262]}, "properties": {"name": "", "operator": "", "osm_id": "node/11112857301"}}, {"type": "Feature", "geometry": {"type": "Point", "coordinates": [27.8304448, 41.1514803]}, "properties": {"name": "Acil Toplanma Alanı", "operator": "", "osm_id": "node/11128067276"}}, {"type": "Feature", "geometry": {"type": "Point", "coordinates": [27.9724864, 41.3144033]}, "properties": {"name": "Acil Toplanms Noktası", "operator": "", "osm_id": "node/11147904934"}}, {"type": "Feature", "geometry": {"type": "Point", "coordinates": [28.0134474, 41.2827507]}, "properties": {"name": "Acil Toplanma Alanı", "operator": "", "osm_id": "node/11148968043"}}, {"type": "Feature", "geometry": {"type": "Point", "coordinates": [27.9763097, 41.3137771]}, "properties": {"name": "Acil Toplanma Alanı", "operator": "", "osm_id": "node/11157710395"}}, {"type": "Feature", "geometry": {"type": "Point", "coordinates": [27.9853519, 41.2962768]}, "properties": {"name": "2. Noku Acil Toplanma Bölgesi", "operator": "", "osm_id": "node/11157750370"}}, {"type": "Feature", "geometry": {"type": "Point", "coordinates": [28.944549, 36.7550097]}, "properties": {"name": "AFAD Toplanma Alanı", "operator": "AFAD", "osm_id": "node/11209738693"}}, {"type": "Feature", "geometry": {"type": "Point", "coordinates": [41.125634, 37.8888053]}, "properties": {"name": "", "operator": "", "osm_id": "node/11233024073"}}, {"type": "Feature", "geometry": {"type": "Point", "coordinates": [41.1252159, 37.8950198]}, "properties": {"name": "", "operator": "", "osm_id": "node/11233024074"}}, {"type": "Feature", "geometry": {"type": "Point", "coordinates": [41.1325518, 37.8951841]}, "properties": {"name": "", "operator": "", "osm_id": "node/11233024075"}}, {"type": "Feature", "geometry": {"type": "Point", "coordinates": [41.1247441, 37.9001682]}, "properties": {"name": "", "operator": "", "osm_id": "node/11233024076"}}, {"type": "Feature", "geometry": {"type": "Point", "coordinates": [41.1263814, 37.900209]}, "properties": {"name": "", "operator": "", "osm_id": "node/11233024077"}}, {"type": "Feature", "geometry": {"type": "Point", "coordinates": [41.1236224, 37.9040762]}, "properties": {"name": "", "operator": "", "osm_id": "node/11233024078"}}, {"type": "Feature", "geometry": {"type": "Point", "coordinates": [41.1336563, 37.9034283]}, "properties": {"name": "", "operator": "", "osm_id": "node/11233024079"}}, {"type": "Feature", "geometry": {"type": "Point", "coordinates": [41.1393684, 37.8991626]}, "properties": {"name": "", "operator": "", "osm_id": "node/11233024080"}}, {"type": "Feature", "geometry": {"type": "Point", "coordinates": [41.1458639, 37.8967472]}, "properties": {"name": "", "operator": "", "osm_id": "node/11233024081"}}, {"type": "Feature", "geometry": {"type": "Point", "coordinates": [28.9202178, 41.0483814]}, "properties": {"name": "", "operator": "", "osm_id": "node/11249260468"}}, {"type": "Feature", "geometry": {"type": "Point", "coordinates": [28.6889052, 36.9768572]}, "properties": {"name": "AFAD Toplanma Alanı", "operator": "AFAD", "osm_id": "node/11288241431"}}, {"type": "Feature", "geometry": {"type": "Point", "coordinates": [27.5036398, 40.9678128]}, "properties": {"name": "Acil Toplanma Alanı", "operator": "", "osm_id": "node/11294451647"}}, {"type": "Feature", "geometry": {"type": "Point", "coordinates": [28.3638386, 37.2079154]}, "properties": {"name": "AFAD Toplanma Alanı", "operator": "AFAD", "osm_id": "node/11303836407"}}, {"type": "Feature", "geometry": {"type": "Point", "coordinates": [44.8274976, 41.6867665]}, "properties": {"name": "", "operator": "", "osm_id": "node/11377685029"}}, {"type": "Feature", "geometry": {"type": "Point", "coordinates": [41.6530285, 41.6398889]}, "properties": {"name": "", "operator": "", "osm_id": "node/11405327689"}}, {"type": "Feature", "geometry": {"type": "Point", "coordinates": [28.8957722, 41.0454972]}, "properties": {"name": "Acil Toplanma Yeri", "operator": "", "osm_id": "node/11427636644"}}, {"type": "Feature", "geometry": {"type": "Point", "coordinates": [33.0215104, 35.2502189]}, "properties": {"name": "", "operator": "", "osm_id": "node/11497853010"}}, {"type": "Feature", "geometry": {"type": "Point", "coordinates": [33.0224702, 35.2469772]}, "properties": {"name": "", "operator": "", "osm_id": "node/11497853011"}}, {"type": "Feature", "geometry": {"type": "Point", "coordinates": [33.0246929, 35.24648]}, "properties": {"name": "", "operator": "", "osm_id": "node/11497853012"}}, {"type": "Feature", "geometry": {"type": "Point", "coordinates": [33.0251317, 35.2475021]}, "properties": {"name": "", "operator": "", "osm_id": "node/11497853013"}}, {"type": "Feature", "geometry": {"type": "Point", "coordinates": [33.0237217, 35.2471783]}, "properties": {"name": "", "operator": "", "osm_id": "node/11497853014"}}, {"type": "Feature", "geometry": {"type": "Point", "coordinates": [33.0250185, 35.2489865]}, "properties": {"name": "", "operator": "", "osm_id": "node/11497853015"}}, {"type": "Feature", "geometry": {"type": "Point", "coordinates": [33.0256952, 35.2485195]}, "properties": {"name": "", "operator": "", "osm_id": "node/11497853016"}}, {"type": "Feature", "geometry": {"type": "Point", "coordinates": [33.0273345, 35.2469171]}, "properties": {"name": "", "operator": "", "osm_id": "node/11497853017"}}, {"type": "Feature", "geometry": {"type": "Point", "coordinates": [33.0261142, 35.2471367]}, "properties": {"name": "", "operator": "", "osm_id": "node/11497853018"}}, {"type": "Feature", "geometry": {"type": "Point", "coordinates": [33.0310209, 35.2459205]}, "properties": {"name": "", "operator": "", "osm_id": "node/11497853019"}}, {"type": "Feature", "geometry": {"type": "Point", "coordinates": [33.0320912, 35.2467691]}, "properties": {"name": "", "operator": "", "osm_id": "node/11497853020"}}, {"type": "Feature", "geometry": {"type": "Point", "coordinates": [33.0298714, 35.2464662]}, "properties": {"name": "", "operator": "", "osm_id": "node/11497853021"}}, {"type": "Feature", "geometry": {"type": "Point", "coordinates": [27.9960749, 41.2890926]}, "properties": {"name": "Afet ve Acil Durum Toplanma Alanı", "operator": "AFAD", "osm_id": "node/11517771358"}}, {"type": "Feature", "geometry": {"type": "Point", "coordinates": [33.0758141, 35.185898]}, "properties": {"name": "", "operator": "", "osm_id": "node/11527887174"}}, {"type": "Feature", "geometry": {"type": "Point", "coordinates": [28.9723138, 41.1172822]}, "properties": {"name": "", "operator": "", "osm_id": "node/11559670545"}}, {"type": "Feature", "geometry": {"type": "Point", "coordinates": [28.973079, 41.1116771]}, "properties": {"name": "Acil Durum Toplanma Alanı", "operator": "", "osm_id": "node/11560159191"}}, {"type": "Feature", "geometry": {"type": "Point", "coordinates": [27.9956822, 41.2912682]}, "properties": {"name": "", "operator": "AFAD", "osm_id": "node/11582483157"}}, {"type": "Feature", "geometry": {"type": "Point", "coordinates": [27.9902465, 41.2852776]}, "properties": {"name": "Afet ve Acil Durum Toplanma Alanı", "operator": "AFAD", "osm_id": "node/11582512447"}}, {"type": "Feature", "geometry": {"type": "Point", "coordinates": [32.5868222, 41.6843545]}, "properties": {"name": "Yukarışeyhler Köy Meydanı", "operator": "", "osm_id": "node/11582695795"}}, {"type": "Feature", "geometry": {"type": "Point", "coordinates": [27.979347, 41.3131353]}, "properties": {"name": "Teverpan Acil Durum Toplanma Bölgesi", "operator": "", "osm_id": "node/11600869147"}}, {"type": "Feature", "geometry": {"type": "Point", "coordinates": [28.0366138, 41.2554971]}, "properties": {"name": "Acil Toplanma Alanı", "operator": "", "osm_id": "node/11643629191"}}, {"type": "Feature", "geometry": {"type": "Point", "coordinates": [27.9961165, 41.2768825]}, "properties": {"name": "Acil Durum Toplanma Alanı", "operator": "", "osm_id": "node/11643646380"}}, {"type": "Feature", "geometry": {"type": "Point", "coordinates": [29.012989, 41.0774592]}, "properties": {"name": "Acil Durum Toplanma Bölgesi", "operator": "", "osm_id": "node/11643646751"}}, {"type": "Feature", "geometry": {"type": "Point", "coordinates": [28.8942726, 41.0408009]}, "properties": {"name": "Acil Toplanma Alanı", "operator": "", "osm_id": "node/11643648243"}}, {"type": "Feature", "geometry": {"type": "Point", "coordinates": [28.8835247, 41.0508864]}, "properties": {"name": "Acil Durum Toplanma Alanı", "operator": "AFAD", "osm_id": "node/11650999101"}}, {"type": "Feature", "geometry": {"type": "Point", "coordinates": [28.8953899, 41.0447037]}, "properties": {"name": "Acil Toplanma Bölgesi", "operator": "", "osm_id": "node/11658324327"}}, {"type": "Feature", "geometry": {"type": "Point", "coordinates": [29.0468975, 40.2185187]}, "properties": {"name": "", "operator": "", "osm_id": "node/11659800739"}}, {"type": "Feature", "geometry": {"type": "Point", "coordinates": [29.0440871, 40.2202643]}, "properties": {"name": "Acil Durum Toplanma Alanı", "operator": "", "osm_id": "node/11659802092"}}, {"type": "Feature", "geometry": {"type": "Point", "coordinates": [28.0799731, 41.0855852]}, "properties": {"name": "", "operator": "", "osm_id": "node/11683503635"}}, {"type": "Feature", "geometry": {"type": "Point", "coordinates": [28.8680349, 41.0689099]}, "properties": {"name": "Toplanma Noktası", "operator": "", "osm_id": "node/11684915865"}}, {"type": "Feature", "geometry": {"type": "Point", "coordinates": [33.0554459, 35.3072652]}, "properties": {"name": "", "operator": "", "osm_id": "node/11688520640"}}, {"type": "Feature", "geometry": {"type": "Point", "coordinates": [28.7507969, 41.0729901]}, "properties": {"name": "Afet ve Acil Durum Toplanma Alanı", "operator": "AFAD", "osm_id": "node/11689066580"}}, {"type": "Feature", "geometry": {"type": "Point", "coordinates": [27.8302209, 41.1537674]}, "properties": {"name": "Acil Toplanma Alanı", "operator": "", "osm_id": "node/11752775894"}}, {"type": "Feature", "geometry": {"type": "Point", "coordinates": [27.3503418, 41.3928828]}, "properties": {"name": "Acil Toplanma Alanı", "operator": "", "osm_id": "node/11810725886"}}, {"type": "Feature", "geometry": {"type": "Point", "coordinates": [33.0094395, 35.1632295]}, "properties": {"name": "", "operator": "", "osm_id": "node/11811343929"}}, {"type": "Feature", "geometry": {"type": "Point", "coordinates": [33.0035154, 35.1609832]}, "properties": {"name": "", "operator": "", "osm_id": "node/11811343933"}}, {"type": "Feature", "geometry": {"type": "Point", "coordinates": [27.4015169, 41.4829355]}, "properties": {"name": "Acil Durum Toplanma Noktası", "operator": "", "osm_id": "node/11829797562"}}, {"type": "Feature", "geometry": {"type": "Point", "coordinates": [32.7219339, 39.8664664]}, "properties": {"name": "Güzelsanatlar ve Spor Lisesi Bahçesi", "operator": "", "osm_id": "node/11876361011"}}, {"type": "Feature", "geometry": {"type": "Point", "coordinates": [32.7415509, 39.8581654]}, "properties": {"name": "Misak-ı Milli İlkokulu Bahçesi", "operator": "", "osm_id": "node/11876361012"}}, {"type": "Feature", "geometry": {"type": "Point", "coordinates": [32.7263533, 39.8933329]}, "properties": {"name": "Ruhi Su Parkı", "operator": "", "osm_id": "node/11876361021"}}, {"type": "Feature", "geometry": {"type": "Point", "coordinates": [32.7198145, 39.8923752]}, "properties": {"name": "Cumhuriyet Parkı", "operator": "", "osm_id": "node/11876361022"}}, {"type": "Feature", "geometry": {"type": "Point", "coordinates": [32.7158296, 39.8896967]}, "properties": {"name": "Kamer Genç Parkı", "operator": "", "osm_id": "node/11876361043"}}, {"type": "Feature", "geometry": {"type": "Point", "coordinates": [32.7032878, 39.8865535]}, "properties": {"name": "M.Ali Güler Parkı", "operator": "", "osm_id": "node/11876361045"}}, {"type": "Feature", "geometry": {"type": "Point", "coordinates": [32.7030771, 39.8894682]}, "properties": {"name": "Gezinin Çocukları Parkı", "operator": "", "osm_id": "node/11876361046"}}, {"type": "Feature", "geometry": {"type": "Point", "coordinates": [32.6976786, 39.891957]}, "properties": {"name": "Güneş Bahçesi Parkı", "operator": "", "osm_id": "node/11876361047"}}, {"type": "Feature", "geometry": {"type": "Point", "coordinates": [32.7010258, 39.8952379]}, "properties": {"name": "Koçlar Parkı", "operator": "", "osm_id": "node/11876361049"}}, {"type": "Feature", "geometry": {"type": "Point", "coordinates": [32.7089191, 39.8995393]}, "properties": {"name": "Yazıkırı Sitesi Parkı", "operator": "", "osm_id": "node/11876361050"}}, {"type": "Feature", "geometry": {"type": "Point", "coordinates": [32.6962477, 39.8996741]}, "properties": {"name": "Nazım Hikmet Ran Parkı", "operator": "", "osm_id": "node/11876433571"}}, {"type": "Feature", "geometry": {"type": "Point", "coordinates": [32.6978788, 39.9032076]}, "properties": {"name": "Kutlutaş Kardeşlik Parkı", "operator": "", "osm_id": "node/11876433572"}}, {"type": "Feature", "geometry": {"type": "Point", "coordinates": [32.7063343, 39.9040056]}, "properties": {"name": "Ümit Yuvam Parkı", "operator": "", "osm_id": "node/11876433573"}}, {"type": "Feature", "geometry": {"type": "Point", "coordinates": [32.9147564, 35.1376088]}, "properties": {"name": "", "operator": "", "osm_id": "node/11878549786"}}, {"type": "Feature", "geometry": {"type": "Point", "coordinates": [34.0539472, 35.0130865]}, "properties": {"name": "", "operator": "", "osm_id": "node/11889359604"}}, {"type": "Feature", "geometry": {"type": "Point", "coordinates": [35.4941669, 38.7492982]}, "properties": {"name": "Fuar Afet Acil Toplanma Alanı", "operator": "", "osm_id": "node/11895657241"}}, {"type": "Feature", "geometry": {"type": "Point", "coordinates": [35.4818471, 38.7446987]}, "properties": {"name": "Sümer Yeni Mahallesi Afet Acil Toplanma Alanı", "operator": "", "osm_id": "node/11895657242"}}, {"type": "Feature", "geometry": {"type": "Point", "coordinates": [35.4907499, 38.7429077]}, "properties": {"name": "Pervane Parkı Afet Acil Toplanma Alanı", "operator": "", "osm_id": "node/11895657243"}}, {"type": "Feature", "geometry": {"type": "Point", "coordinates": [35.4956306, 38.7423656]}, "properties": {"name": "Yakut Mahallesi Afet Acil Toplanma Alanı", "operator": "", "osm_id": "node/11895657251"}}, {"type": "Feature", "geometry": {"type": "Point", "coordinates": [35.4893704, 38.734951]}, "properties": {"name": "Mevlana Parkı Afet Acil Toplanma Alanı", "operator": "", "osm_id": "node/11895657252"}}, {"type": "Feature", "geometry": {"type": "Point", "coordinates": [35.4799835, 38.737806]}, "properties": {"name": "Sümer Yeni Mahallesi Afet Acil Toplanma Merkezi", "operator": "", "osm_id": "node/11895657253"}}, {"type": "Feature", "geometry": {"type": "Point", "coordinates": [35.4750095, 38.7464655]}, "properties": {"name": "Şirinevler Mahallesi Afet Acil Toplanma Alanı", "operator": "", "osm_id": "node/11895657254"}}, {"type": "Feature", "geometry": {"type": "Point", "coordinates": [35.4706567, 38.7395125]}, "properties": {"name": "Gül Parkı Afet Acil Toplanma Alanı", "operator": "", "osm_id": "node/11895657256"}}, {"type": "Feature", "geometry": {"type": "Point", "coordinates": [29.0168228, 41.0223294]}, "properties": {"name": "Acil Durum Toplanma Bölgesi", "operator": "", "osm_id": "node/11897557087"}}, {"type": "Feature", "geometry": {"type": "Point", "coordinates": [31.4069913, 36.7679844]}, "properties": {"name": "", "operator": "", "osm_id": "node/11922083927"}}, {"type": "Feature", "geometry": {"type": "Point", "coordinates": [31.0746162, 36.8483771]}, "properties": {"name": "", "operator": "", "osm_id": "node/11947674438"}}, {"type": "Feature", "geometry": {"type": "Point", "coordinates": [28.2572722, 36.8583569]}, "properties": {"name": "", "operator": "", "osm_id": "node/11955604992"}}, {"type": "Feature", "geometry": {"type": "Point", "coordinates": [25.7173456, 35.2051838]}, "properties": {"name": "", "operator": "", "osm_id": "node/11989695134"}}, {"type": "Feature", "geometry": {"type": "Point", "coordinates": [25.7165953, 35.2063266]}, "properties": {"name": "", "operator": "", "osm_id": "node/11989695135"}}, {"type": "Feature", "geometry": {"type": "Point", "coordinates": [25.717695, 35.2042705]}, "properties": {"name": "", "operator": "", "osm_id": "node/11989973581"}}, {"type": "Feature", "geometry": {"type": "Point", "coordinates": [28.0257019, 41.0964851]}, "properties": {"name": "Acil Durum Toplanma Noktası", "operator": "", "osm_id": "node/12058278868"}}, {"type": "Feature", "geometry": {"type": "Point", "coordinates": [28.0007326, 41.2850764]}, "properties": {"name": "Trakya Dent Acil Durum Toplanma Bölgesi", "operator": "Trakya Dent", "osm_id": "node/12081778801"}}, {"type": "Feature", "geometry": {"type": "Point", "coordinates": [29.0720459, 41.0026475]}, "properties": {"name": "Acil Durum Toplanma Noktası", "operator": "", "osm_id": "node/12082993019"}}, {"type": "Feature", "geometry": {"type": "Point", "coordinates": [27.515974, 42.5648644]}, "properties": {"name": "", "operator": "", "osm_id": "node/12094674885"}}, {"type": "Feature", "geometry": {"type": "Point", "coordinates": [29.8444213, 40.7638223]}, "properties": {"name": "ACİL Toplanma Alanı", "operator": "", "osm_id": "node/12139279489"}}, {"type": "Feature", "geometry": {"type": "Point", "coordinates": [29.8502331, 40.7618701]}, "properties": {"name": "", "operator": "", "osm_id": "node/12139279491"}}, {"type": "Feature", "geometry": {"type": "Point", "coordinates": [29.846867, 40.760344]}, "properties": {"name": "", "operator": "", "osm_id": "node/12139279492"}}, {"type": "Feature", "geometry": {"type": "Point", "coordinates": [29.848061, 40.7700872]}, "properties": {"name": "", "operator": "", "osm_id": "node/12139279493"}}, {"type": "Feature", "geometry": {"type": "Point", "coordinates": [29.8552403, 40.7692568]}, "properties": {"name": "", "operator": "", "osm_id": "node/12139279494"}}, {"type": "Feature", "geometry": {"type": "Point", "coordinates": [29.8437655, 40.7725441]}, "properties": {"name": "", "operator": "", "osm_id": "node/12139279495"}}, {"type": "Feature", "geometry": {"type": "Point", "coordinates": [29.8367214, 40.7707811]}, "properties": {"name": "", "operator": "", "osm_id": "node/12139279496"}}, {"type": "Feature", "geometry": {"type": "Point", "coordinates": [30.5177817, 39.7990027]}, "properties": {"name": "Afet ve Acil Durum Toplanma Alanı", "operator": "AFAD", "osm_id": "node/12142094190"}}, {"type": "Feature", "geometry": {"type": "Point", "coordinates": [30.5294275, 39.7805582]}, "properties": {"name": "", "operator": "", "osm_id": "node/12145193525"}}, {"type": "Feature", "geometry": {"type": "Point", "coordinates": [30.5281089, 39.7806964]}, "properties": {"name": "", "operator": "", "osm_id": "node/12145193700"}}, {"type": "Feature", "geometry": {"type": "Point", "coordinates": [28.6932963, 36.7016972]}, "properties": {"name": "", "operator": "", "osm_id": "node/12244291998"}}, {"type": "Feature", "geometry": {"type": "Point", "coordinates": [28.6947426, 36.7034871]}, "properties": {"name": "", "operator": "", "osm_id": "node/12245883451"}}, {"type": "Feature", "geometry": {"type": "Point", "coordinates": [30.7398065, 36.8838224]}, "properties": {"name": "", "operator": "", "osm_id": "node/12252235458"}}, {"type": "Feature", "geometry": {"type": "Point", "coordinates": [30.7310756, 36.8720429]}, "properties": {"name": "", "operator": "", "osm_id": "node/12253899856"}}, {"type": "Feature", "geometry": {"type": "Point", "coordinates": [30.7207399, 36.8947095]}, "properties": {"name": "", "operator": "", "osm_id": "node/12255683500"}}, {"type": "Feature", "geometry": {"type": "Point", "coordinates": [30.7386619, 36.8835322]}, "properties": {"name": "", "operator": "", "osm_id": "node/12255752415"}}, {"type": "Feature", "geometry": {"type": "Point", "coordinates": [30.7329695, 36.8714238]}, "properties": {"name": "", "operator": "", "osm_id": "node/12299360114"}}, {"type": "Feature", "geometry": {"type": "Point", "coordinates": [32.8764599, 35.1160531]}, "properties": {"name": "", "operator": "", "osm_id": "node/12300085068"}}, {"type": "Feature", "geometry": {"type": "Point", "coordinates": [32.8411852, 35.1074665]}, "properties": {"name": "", "operator": "", "osm_id": "node/12300085080"}}, {"type": "Feature", "geometry": {"type": "Point", "coordinates": [28.0543002, 40.3754501]}, "properties": {"name": "Bandırma 79 No'lu Toplanma Alanı", "operator": "AFAD", "osm_id": "node/12312391685"}}, {"type": "Feature", "geometry": {"type": "Point", "coordinates": [28.7858252, 41.0078014]}, "properties": {"name": "Acil Toplanma Alanı", "operator": "", "osm_id": "node/12318836108"}}, {"type": "Feature", "geometry": {"type": "Point", "coordinates": [27.7917166, 41.1607662]}, "properties": {"name": "Acil Toplanma Noktası", "operator": "", "osm_id": "node/12331392399"}}, {"type": "Feature", "geometry": {"type": "Point", "coordinates": [28.8948117, 41.0393831]}, "properties": {"name": "Acil Toplanma Alanı", "operator": "", "osm_id": "node/12331393176"}}, {"type": "Feature", "geometry": {"type": "Point", "coordinates": [28.8940808, 41.0394884]}, "properties": {"name": "Acil Toplanma Alanı", "operator": "", "osm_id": "node/12331413637"}}, {"type": "Feature", "geometry": {"type": "Point", "coordinates": [29.8508346, 40.7642607]}, "properties": {"name": "ACİL Toplanma Alanı", "operator": "", "osm_id": "node/12449433755"}}, {"type": "Feature", "geometry": {"type": "Point", "coordinates": [28.7292775, 40.9764288]}, "properties": {"name": "Erdal Yulalı Parkı", "operator": "", "osm_id": "node/12485414318"}}, {"type": "Feature", "geometry": {"type": "Point", "coordinates": [27.9301335, 41.4385759]}, "properties": {"name": "Acil Durum Toplanma Bölgesi", "operator": "", "osm_id": "node/12516383685"}}, {"type": "Feature", "geometry": {"type": "Point", "coordinates": [32.0033411, 36.5611388]}, "properties": {"name": "", "operator": "", "osm_id": "node/12542546259"}}, {"type": "Feature", "geometry": {"type": "Point", "coordinates": [29.2571382, 41.0344697]}, "properties": {"name": "Acil Durum Toplanma Noktası (T2)", "operator": "", "osm_id": "node/12615315980"}}, {"type": "Feature", "geometry": {"type": "Point", "coordinates": [29.2562567, 41.0334154]}, "properties": {"name": "Acil Durum Toplanma Noktası (T3)", "operator": "", "osm_id": "node/12615315981"}}, {"type": "Feature", "geometry": {"type": "Point", "coordinates": [29.2573555, 41.0329733]}, "properties": {"name": "Acil Durum Toplanma Noktası (T16)", "operator": "", "osm_id": "node/12615315982"}}, {"type": "Feature", "geometry": {"type": "Point", "coordinates": [29.2579139, 41.0314191]}, "properties": {"name": "Acil Durum Toplanma Noktası (T4)", "operator": "", "osm_id": "node/12615315983"}}, {"type": "Feature", "geometry": {"type": "Point", "coordinates": [29.2581639, 41.0287029]}, "properties": {"name": "Acil Durum Toplanma Noktası (T17)", "operator": "", "osm_id": "node/12615315984"}}, {"type": "Feature", "geometry": {"type": "Point", "coordinates": [29.2588068, 41.0314408]}, "properties": {"name": "Acil Durum Deprem Toplanma Noktası (T5)", "operator": "", "osm_id": "node/12615315985"}}, {"type": "Feature", "geometry": {"type": "Point", "coordinates": [29.2590428, 41.0325125]}, "properties": {"name": "Acil Durum Toplanma Noktası (T6)", "operator": "", "osm_id": "node/12615315986"}}, {"type": "Feature", "geometry": {"type": "Point", "coordinates": [29.2592462, 41.0321439]}, "properties": {"name": "Acil Durum Toplanma Noktası (T7)", "operator": "", "osm_id": "node/12615315987"}}, {"type": "Feature", "geometry": {"type": "Point", "coordinates": [29.2598311, 41.0312229]}, "properties": {"name": "Acil Durum Toplanma Noktası (T8)", "operator": "", "osm_id": "node/12615315988"}}, {"type": "Feature", "geometry": {"type": "Point", "coordinates": [29.2593611, 41.030265]}, "properties": {"name": "Acil Durum Toplanma Noktası (T9)", "operator": "", "osm_id": "node/12615315989"}}, {"type": "Feature", "geometry": {"type": "Point", "coordinates": [29.2591908, 41.0298485]}, "properties": {"name": "Acil Durum Toplanma Noktası (T10)", "operator": "", "osm_id": "node/12615315990"}}, {"type": "Feature", "geometry": {"type": "Point", "coordinates": [29.258698, 41.0330765]}, "properties": {"name": "Acil Durum Toplanma Noktası (T11)", "operator": "", "osm_id": "node/12615315991"}}, {"type": "Feature", "geometry": {"type": "Point", "coordinates": [29.2605923, 41.0332673]}, "properties": {"name": "Acil Durum Toplanma Noktası (T12)", "operator": "", "osm_id": "node/12615315992"}}, {"type": "Feature", "geometry": {"type": "Point", "coordinates": [29.2617149, 41.0337771]}, "properties": {"name": "Acil Durum Toplanma Noktası (T13)", "operator": "", "osm_id": "node/12615315993"}}, {"type": "Feature", "geometry": {"type": "Point", "coordinates": [29.261724, 41.0320845]}, "properties": {"name": "Acil Durum Toplanma Noktası (T14)", "operator": "", "osm_id": "node/12615315994"}}, {"type": "Feature", "geometry": {"type": "Point", "coordinates": [29.2617432, 41.0311877]}, "properties": {"name": "Acil Durum Toplanma Noktası (T15)", "operator": "", "osm_id": "node/12615315995"}}, {"type": "Feature", "geometry": {"type": "Point", "coordinates": [29.2597622, 41.0346863]}, "properties": {"name": "Acil Durum Toplanma Noktası (T18)", "operator": "", "osm_id": "node/12615315996"}}, {"type": "Feature", "geometry": {"type": "Point", "coordinates": [29.2606944, 41.0358685]}, "properties": {"name": "Acil Durum Toplanma Noktası (T19)", "operator": "", "osm_id": "node/12615315997"}}, {"type": "Feature", "geometry": {"type": "Point", "coordinates": [29.2599924, 41.0358135]}, "properties": {"name": "Acil Durum Toplanma Noktası (T20)", "operator": "", "osm_id": "node/12615315998"}}, {"type": "Feature", "geometry": {"type": "Point", "coordinates": [29.2583164, 41.0308885]}, "properties": {"name": "Acil Durum Toplanma Noktası (T21)", "operator": "", "osm_id": "node/12615315999"}}, {"type": "Feature", "geometry": {"type": "Point", "coordinates": [32.7382994, 35.1665918]}, "properties": {"name": "", "operator": "", "osm_id": "node/12652715228"}}, {"type": "Feature", "geometry": {"type": "Point", "coordinates": [36.9730098, 39.7329844]}, "properties": {"name": "Acil Toplanma Alanı", "operator": "AFAD", "osm_id": "node/12734093419"}}, {"type": "Feature", "geometry": {"type": "Point", "coordinates": [29.1569662, 40.9059133]}, "properties": {"name": "", "operator": "", "osm_id": "node/12794482067"}}, {"type": "Feature", "geometry": {"type": "Point", "coordinates": [29.1586325, 40.9068714]}, "properties": {"name": "", "operator": "", "osm_id": "node/12794495310"}}, {"type": "Feature", "geometry": {"type": "Point", "coordinates": [29.1557424, 40.9050884]}, "properties": {"name": "", "operator": "Marmara Üniversitesi", "osm_id": "node/12797412057"}}, {"type": "Feature", "geometry": {"type": "Point", "coordinates": [27.4908732, 41.1745948]}, "properties": {"name": "Acil Toplanma Noktası", "operator": "", "osm_id": "node/12815303326"}}, {"type": "Feature", "geometry": {"type": "Point", "coordinates": [27.9183425, 41.2411552]}, "properties": {"name": "", "operator": "", "osm_id": "node/12840820829"}}, {"type": "Feature", "geometry": {"type": "Point", "coordinates": [32.7594642, 39.8994188]}, "properties": {"name": "", "operator": "", "osm_id": "node/12841682288"}}, {"type": "Feature", "geometry": {"type": "Point", "coordinates": [30.4582885, 39.7916033]}, "properties": {"name": "", "operator": "", "osm_id": "node/12848153818"}}, {"type": "Feature", "geometry": {"type": "Point", "coordinates": [30.4582885, 39.7916033]}, "properties": {"name": "", "operator": "", "osm_id": "node/12848156784"}}, {"type": "Feature", "geometry": {"type": "Point", "coordinates": [31.3013432, 36.8203452]}, "properties": {"name": "", "operator": "", "osm_id": "node/12919395717"}}, {"type": "Feature", "geometry": {"type": "Point", "coordinates": [31.3000574, 36.8187174]}, "properties": {"name": "", "operator": "", "osm_id": "node/12921126067"}}, {"type": "Feature", "geometry": {"type": "Point", "coordinates": [31.3034774, 36.8191086]}, "properties": {"name": "", "operator": "", "osm_id": "node/12921795978"}}, {"type": "Feature", "geometry": {"type": "Point", "coordinates": [31.3027929, 36.8209566]}, "properties": {"name": "", "operator": "", "osm_id": "node/12921874895"}}, {"type": "Feature", "geometry": {"type": "Point", "coordinates": [31.302519, 36.8178093]}, "properties": {"name": "", "operator": "", "osm_id": "node/12923685656"}}, {"type": "Feature", "geometry": {"type": "Point", "coordinates": [31.2934278, 36.8212002]}, "properties": {"name": "", "operator": "", "osm_id": "node/12945362461"}}, {"type": "Feature", "geometry": {"type": "Point", "coordinates": [26.9003744, 40.8948225]}, "properties": {"name": "Acil Durum Toplanma Noktası", "operator": "", "osm_id": "node/12957201617"}}, {"type": "Feature", "geometry": {"type": "Point", "coordinates": [28.964628, 41.0907908]}, "properties": {"name": "Acil Toplanma Alanı", "operator": "", "osm_id": "node/12978200290"}}, {"type": "Feature", "geometry": {"type": "Point", "coordinates": [27.5360447, 40.9872741]}, "properties": {"name": "Acil Durum Toplanma Alanı", "operator": "", "osm_id": "node/12998201782"}}, {"type": "Feature", "geometry": {"type": "Point", "coordinates": [25.3829424, 35.3350779]}, "properties": {"name": "", "operator": "", "osm_id": "node/13040864209"}}, {"type": "Feature", "geometry": {"type": "Point", "coordinates": [25.3841617, 35.3357362]}, "properties": {"name": "", "operator": "", "osm_id": "node/13041042660"}}, {"type": "Feature", "geometry": {"type": "Point", "coordinates": [25.3823769, 35.3374843]}, "properties": {"name": "", "operator": "", "osm_id": "node/13041100474"}}, {"type": "Feature", "geometry": {"type": "Point", "coordinates": [28.3215603, 41.0613603]}, "properties": {"name": "Afet ve Acil Durum Toplanma Alanı", "operator": "AFAD", "osm_id": "node/13076370809"}}, {"type": "Feature", "geometry": {"type": "Point", "coordinates": [34.1799279, 36.5248183]}, "properties": {"name": "", "operator": "", "osm_id": "node/13081358185"}}, {"type": "Feature", "geometry": {"type": "Point", "coordinates": [26.9997002, 38.0663142]}, "properties": {"name": "", "operator": "", "osm_id": "node/13094214890"}}, {"type": "Feature", "geometry": {"type": "Point", "coordinates": [30.3772036, 40.7563319]}, "properties": {"name": "", "operator": "", "osm_id": "node/13339129370"}}, {"type": "Feature", "geometry": {"type": "Point", "coordinates": [30.3765103, 40.7556191]}, "properties": {"name": "", "operator": "", "osm_id": "node/13339129371"}}, {"type": "Feature", "geometry": {"type": "Point", "coordinates": [30.3817929, 40.7550485]}, "properties": {"name": "", "operator": "", "osm_id": "node/13339129372"}}, {"type": "Feature", "geometry": {"type": "Point", "coordinates": [30.3839018, 40.7540719]}, "properties": {"name": "", "operator": "", "osm_id": "node/13339129373"}}, {"type": "Feature", "geometry": {"type": "Point", "coordinates": [30.3845987, 40.7538487]}, "properties": {"name": "", "operator": "", "osm_id": "node/13339129374"}}, {"type": "Feature", "geometry": {"type": "Point", "coordinates": [30.3856341, 40.7530923]}, "properties": {"name": "", "operator": "", "osm_id": "node/13339129375"}}, {"type": "Feature", "geometry": {"type": "Point", "coordinates": [30.388214, 40.7528017]}, "properties": {"name": "", "operator": "", "osm_id": "node/13339129376"}}, {"type": "Feature", "geometry": {"type": "Point", "coordinates": [30.3879885, 40.7601188]}, "properties": {"name": "", "operator": "", "osm_id": "node/13339129377"}}, {"type": "Feature", "geometry": {"type": "Point", "coordinates": [30.3919145, 40.7604655]}, "properties": {"name": "", "operator": "", "osm_id": "node/13339129378"}}, {"type": "Feature", "geometry": {"type": "Point", "coordinates": [30.3915346, 40.759933]}, "properties": {"name": "", "operator": "", "osm_id": "node/13339129379"}}, {"type": "Feature", "geometry": {"type": "Point", "coordinates": [30.3890595, 40.7730173]}, "properties": {"name": "", "operator": "", "osm_id": "node/13339129380"}}, {"type": "Feature", "geometry": {"type": "Point", "coordinates": [30.3877234, 40.7752856]}, "properties": {"name": "", "operator": "", "osm_id": "node/13339129381"}}, {"type": "Feature", "geometry": {"type": "Point", "coordinates": [30.3917599, 40.7768758]}, "properties": {"name": "", "operator": "", "osm_id": "node/13339129382"}}, {"type": "Feature", "geometry": {"type": "Point", "coordinates": [30.3860099, 40.7799658]}, "properties": {"name": "", "operator": "", "osm_id": "node/13339129383"}}, {"type": "Feature", "geometry": {"type": "Point", "coordinates": [30.3873218, 40.7807742]}, "properties": {"name": "", "operator": "", "osm_id": "node/13339129384"}}, {"type": "Feature", "geometry": {"type": "Point", "coordinates": [30.386499, 40.7806535]}, "properties": {"name": "", "operator": "", "osm_id": "node/13339129385"}}, {"type": "Feature", "geometry": {"type": "Point", "coordinates": [30.3807164, 40.7898552]}, "properties": {"name": "", "operator": "", "osm_id": "node/13339129386"}}, {"type": "Feature", "geometry": {"type": "Point", "coordinates": [30.3866285, 40.792559]}, "properties": {"name": "", "operator": "", "osm_id": "node/13339129387"}}, {"type": "Feature", "geometry": {"type": "Point", "coordinates": [30.385911, 40.7904513]}, "properties": {"name": "", "operator": "", "osm_id": "node/13339129388"}}, {"type": "Feature", "geometry": {"type": "Point", "coordinates": [30.3947509, 40.7928073]}, "properties": {"name": "", "operator": "", "osm_id": "node/13339129389"}}, {"type": "Feature", "geometry": {"type": "Point", "coordinates": [30.3929328, 40.7920639]}, "properties": {"name": "", "operator": "", "osm_id": "node/13339129390"}}, {"type": "Feature", "geometry": {"type": "Point", "coordinates": [30.3927931, 40.7913835]}, "properties": {"name": "", "operator": "", "osm_id": "node/13339129391"}}, {"type": "Feature", "geometry": {"type": "Point", "coordinates": [30.397435, 40.7912605]}, "properties": {"name": "", "operator": "", "osm_id": "node/13339129392"}}, {"type": "Feature", "geometry": {"type": "Point", "coordinates": [30.3962389, 40.7906066]}, "properties": {"name": "", "operator": "", "osm_id": "node/13339129393"}}, {"type": "Feature", "geometry": {"type": "Point", "coordinates": [30.3960087, 40.7967075]}, "properties": {"name": "", "operator": "", "osm_id": "node/13339129394"}}, {"type": "Feature", "geometry": {"type": "Point", "coordinates": [30.4011541, 40.7937602]}, "properties": {"name": "", "operator": "", "osm_id": "node/13339129395"}}, {"type": "Feature", "geometry": {"type": "Point", "coordinates": [30.4024846, 40.7967295]}, "properties": {"name": "", "operator": "", "osm_id": "node/13339129396"}}, {"type": "Feature", "geometry": {"type": "Point", "coordinates": [30.4047939, 40.8001333]}, "properties": {"name": "", "operator": "", "osm_id": "node/13339129397"}}, {"type": "Feature", "geometry": {"type": "Point", "coordinates": [30.4051478, 40.8126679]}, "properties": {"name": "", "operator": "", "osm_id": "node/13339129398"}}, {"type": "Feature", "geometry": {"type": "Point", "coordinates": [30.4025168, 40.7662572]}, "properties": {"name": "", "operator": "", "osm_id": "node/13339129399"}}, {"type": "Feature", "geometry": {"type": "Point", "coordinates": [30.409852, 40.7691675]}, "properties": {"name": "", "operator": "", "osm_id": "node/13339129400"}}, {"type": "Feature", "geometry": {"type": "Point", "coordinates": [30.4081673, 40.7690227]}, "properties": {"name": "", "operator": "", "osm_id": "node/13339134201"}}, {"type": "Feature", "geometry": {"type": "Point", "coordinates": [30.4140391, 40.7676931]}, "properties": {"name": "", "operator": "", "osm_id": "node/13339134202"}}, {"type": "Feature", "geometry": {"type": "Point", "coordinates": [30.414748, 40.7641211]}, "properties": {"name": "", "operator": "", "osm_id": "node/13339134203"}}, {"type": "Feature", "geometry": {"type": "Point", "coordinates": [30.4188374, 40.7674877]}, "properties": {"name": "", "operator": "", "osm_id": "node/13339134204"}}, {"type": "Feature", "geometry": {"type": "Point", "coordinates": [30.4189459, 40.7694411]}, "properties": {"name": "", "operator": "", "osm_id": "node/13339134205"}}, {"type": "Feature", "geometry": {"type": "Point", "coordinates": [30.4170941, 40.7716432]}, "properties": {"name": "", "operator": "", "osm_id": "node/13339134206"}}, {"type": "Feature", "geometry": {"type": "Point", "coordinates": [30.4179215, 40.7807874]}, "properties": {"name": "", "operator": "", "osm_id": "node/13339134207"}}, {"type": "Feature", "geometry": {"type": "Point", "coordinates": [30.4223112, 40.7830804]}, "properties": {"name": "", "operator": "", "osm_id": "node/13339134208"}}, {"type": "Feature", "geometry": {"type": "Point", "coordinates": [30.4200659, 40.7855189]}, "properties": {"name": "", "operator": "", "osm_id": "node/13339134209"}}, {"type": "Feature", "geometry": {"type": "Point", "coordinates": [30.4210403, 40.7884019]}, "properties": {"name": "", "operator": "", "osm_id": "node/13339134210"}}, {"type": "Feature", "geometry": {"type": "Point", "coordinates": [30.4225583, 40.7898322]}, "properties": {"name": "", "operator": "", "osm_id": "node/13339134211"}}, {"type": "Feature", "geometry": {"type": "Point", "coordinates": [30.42688, 40.789627]}, "properties": {"name": "", "operator": "", "osm_id": "node/13339134212"}}, {"type": "Feature", "geometry": {"type": "Point", "coordinates": [30.4274586, 40.7898269]}, "properties": {"name": "", "operator": "", "osm_id": "node/13339134213"}}, {"type": "Feature", "geometry": {"type": "Point", "coordinates": [30.439551, 40.7955873]}, "properties": {"name": "", "operator": "", "osm_id": "node/13339134214"}}, {"type": "Feature", "geometry": {"type": "Point", "coordinates": [30.4412692, 40.7975255]}, "properties": {"name": "", "operator": "", "osm_id": "node/13339134215"}}, {"type": "Feature", "geometry": {"type": "Point", "coordinates": [30.393104, 40.7502314]}, "properties": {"name": "", "operator": "", "osm_id": "node/13339134216"}}, {"type": "Feature", "geometry": {"type": "Point", "coordinates": [30.3915567, 40.7481428]}, "properties": {"name": "", "operator": "", "osm_id": "node/13339134217"}}, {"type": "Feature", "geometry": {"type": "Point", "coordinates": [30.3886468, 40.7485693]}, "properties": {"name": "", "operator": "", "osm_id": "node/13339134218"}}, {"type": "Feature", "geometry": {"type": "Point", "coordinates": [30.3891475, 40.7465678]}, "properties": {"name": "", "operator": "", "osm_id": "node/13339134219"}}, {"type": "Feature", "geometry": {"type": "Point", "coordinates": [30.3853128, 40.747513]}, "properties": {"name": "", "operator": "", "osm_id": "node/13339134220"}}, {"type": "Feature", "geometry": {"type": "Point", "coordinates": [30.3801699, 40.7406356]}, "properties": {"name": "", "operator": "", "osm_id": "node/13339134221"}}, {"type": "Feature", "geometry": {"type": "Point", "coordinates": [30.3787222, 40.7392437]}, "properties": {"name": "", "operator": "", "osm_id": "node/13339134222"}}, {"type": "Feature", "geometry": {"type": "Point", "coordinates": [30.3782696, 40.7390117]}, "properties": {"name": "", "operator": "", "osm_id": "node/13339134223"}}, {"type": "Feature", "geometry": {"type": "Point", "coordinates": [29.024463, 41.1020946]}, "properties": {"name": "", "operator": "", "osm_id": "node/13352979270"}}, {"type": "Feature", "geometry": {"type": "Point", "coordinates": [29.0998499, 41.1431314]}, "properties": {"name": "", "operator": "", "osm_id": "node/13355502234"}}, {"type": "Feature", "geometry": {"type": "Point", "coordinates": [29.0996821, 41.1427691]}, "properties": {"name": "", "operator": "", "osm_id": "node/13355502235"}}, {"type": "Feature", "geometry": {"type": "Point", "coordinates": [29.1003418, 41.1417509]}, "properties": {"name": "", "operator": "", "osm_id": "node/13355502236"}}, {"type": "Feature", "geometry": {"type": "Point", "coordinates": [29.1014477, 41.1406163]}, "properties": {"name": "", "operator": "", "osm_id": "node/13355502237"}}, {"type": "Feature", "geometry": {"type": "Point", "coordinates": [29.1016927, 41.1398643]}, "properties": {"name": "", "operator": "", "osm_id": "node/13355502238"}}, {"type": "Feature", "geometry": {"type": "Point", "coordinates": [29.1035895, 41.1400994]}, "properties": {"name": "", "operator": "", "osm_id": "node/13355502239"}}, {"type": "Feature", "geometry": {"type": "Point", "coordinates": [29.099885, 41.1467083]}, "properties": {"name": "", "operator": "", "osm_id": "node/13355502240"}}, {"type": "Feature", "geometry": {"type": "Point", "coordinates": [29.1007692, 41.1468138]}, "properties": {"name": "", "operator": "", "osm_id": "node/13355502241"}}, {"type": "Feature", "geometry": {"type": "Point", "coordinates": [29.3658975, 40.8347294]}, "properties": {"name": "", "operator": "", "osm_id": "node/13385980280"}}, {"type": "Feature", "geometry": {"type": "Point", "coordinates": [28.9658008, 41.0452858]}, "properties": {"name": "", "operator": "", "osm_id": "node/13448808399"}}, {"type": "Feature", "geometry": {"type": "Point", "coordinates": [28.9721281, 41.0402395]}, "properties": {"name": "", "operator": "", "osm_id": "node/13448812216"}}, {"type": "Feature", "geometry": {"type": "Point", "coordinates": [28.971945, 41.0402809]}, "properties": {"name": "", "operator": "", "osm_id": "node/13448812217"}}, {"type": "Feature", "geometry": {"type": "Point", "coordinates": [28.9615002, 41.0738621]}, "properties": {"name": "", "operator": "", "osm_id": "node/13456769114"}}, {"type": "Feature", "geometry": {"type": "Point", "coordinates": [28.9584153, 41.0726585]}, "properties": {"name": "", "operator": "", "osm_id": "node/13456769142"}}, {"type": "Feature", "geometry": {"type": "Point", "coordinates": [28.9583608, 41.0732589]}, "properties": {"name": "", "operator": "", "osm_id": "node/13456769144"}}, {"type": "Feature", "geometry": {"type": "Point", "coordinates": [28.9589016, 41.0721571]}, "properties": {"name": "", "operator": "", "osm_id": "node/13456769145"}}, {"type": "Feature", "geometry": {"type": "Point", "coordinates": [28.9703578, 41.0789473]}, "properties": {"name": "", "operator": "", "osm_id": "node/13456769241"}}, {"type": "Feature", "geometry": {"type": "Point", "coordinates": [28.9650612, 41.0751724]}, "properties": {"name": "", "operator": "", "osm_id": "node/13456769319"}}, {"type": "Feature", "geometry": {"type": "Point", "coordinates": [28.9631689, 41.0790241]}, "properties": {"name": "", "operator": "", "osm_id": "node/13456769344"}}, {"type": "Feature", "geometry": {"type": "Point", "coordinates": [28.9733324, 41.0799446]}, "properties": {"name": "", "operator": "", "osm_id": "node/13456769480"}}, {"type": "Feature", "geometry": {"type": "Point", "coordinates": [28.9737676, 41.0803247]}, "properties": {"name": "", "operator": "", "osm_id": "node/13456769488"}}, {"type": "Feature", "geometry": {"type": "Point", "coordinates": [28.9756808, 41.0619669]}, "properties": {"name": "", "operator": "", "osm_id": "node/13458649178"}}, {"type": "Feature", "geometry": {"type": "Point", "coordinates": [28.9728228, 41.0599663]}, "properties": {"name": "", "operator": "", "osm_id": "node/13458665661"}}, {"type": "Feature", "geometry": {"type": "Point", "coordinates": [29.0083926, 41.0759331]}, "properties": {"name": "Afet ve Acil Durum Toplanma Alanı", "operator": "", "osm_id": "node/13461038763"}}, {"type": "Feature", "geometry": {"type": "Point", "coordinates": [29.0374003, 41.2464724]}, "properties": {"name": "", "operator": "", "osm_id": "node/13464596952"}}, {"type": "Feature", "geometry": {"type": "Point", "coordinates": [29.032858, 41.2447098]}, "properties": {"name": "", "operator": "", "osm_id": "node/13464708292"}}, {"type": "Feature", "geometry": {"type": "Point", "coordinates": [29.0351193, 41.2168679]}, "properties": {"name": "", "operator": "", "osm_id": "node/13465288336"}}, {"type": "Feature", "geometry": {"type": "Point", "coordinates": [29.0468417, 41.1768426]}, "properties": {"name": "", "operator": "", "osm_id": "node/13469256959"}}, {"type": "Feature", "geometry": {"type": "Point", "coordinates": [29.0426893, 41.1824282]}, "properties": {"name": "", "operator": "", "osm_id": "node/13469257051"}}, {"type": "Feature", "geometry": {"type": "Point", "coordinates": [28.6350715, 41.0071444]}, "properties": {"name": "Afet ve Acil Durum Toplanma Alanı", "operator": "", "osm_id": "node/13482975968"}}, {"type": "Feature", "geometry": {"type": "Point", "coordinates": [28.6448393, 40.9751809]}, "properties": {"name": "Afet ve Acil Durum Toplanma Alanı", "operator": "", "osm_id": "node/13482985905"}}, {"type": "Feature", "geometry": {"type": "Point", "coordinates": [28.638006, 40.9674003]}, "properties": {"name": "Afet ve Acil Durum Toplanma Alanı", "operator": "", "osm_id": "node/13482986644"}}, {"type": "Feature", "geometry": {"type": "Point", "coordinates": [28.6391666, 41.0001825]}, "properties": {"name": "Afet ve Acil Durum Toplanma Alanı", "operator": "", "osm_id": "node/13482999639"}}, {"type": "Feature", "geometry": {"type": "Point", "coordinates": [28.6358612, 40.9657239]}, "properties": {"name": "Afet ve Acil Durum Toplanma Alanı", "operator": "", "osm_id": "node/13483001304"}}, {"type": "Feature", "geometry": {"type": "Point", "coordinates": [28.6390884, 40.9682687]}, "properties": {"name": "Afet ve Acil Durum Toplanma Alanı", "operator": "AFAD", "osm_id": "node/13483002417"}}, {"type": "Feature", "geometry": {"type": "Point", "coordinates": [26.5129105, 41.6613779]}, "properties": {"name": "", "operator": "", "osm_id": "node/13612542289"}}, {"type": "Feature", "geometry": {"type": "Point", "coordinates": [29.0236109, 41.1049445]}, "properties": {"name": "", "operator": "", "osm_id": "node/13613945006"}}, {"type": "Feature", "geometry": {"type": "Point", "coordinates": [29.0255375, 41.1028545]}, "properties": {"name": "", "operator": "", "osm_id": "node/13617213153"}}, {"type": "Feature", "geometry": {"type": "Point", "coordinates": [29.0249368, 41.1022206]}, "properties": {"name": "", "operator": "", "osm_id": "node/13617213154"}}, {"type": "Feature", "geometry": {"type": "Point", "coordinates": [29.0236272, 41.1040691]}, "properties": {"name": "", "operator": "", "osm_id": "node/13617213155"}}, {"type": "Feature", "geometry": {"type": "Point", "coordinates": [28.9908763, 41.170202]}, "properties": {"name": "", "operator": "AFAD;Sarıyer Belediyesi", "osm_id": "node/13617226975"}}, {"type": "Feature", "geometry": {"type": "Point", "coordinates": [29.020059, 41.1044645]}, "properties": {"name": "", "operator": "", "osm_id": "node/13629504896"}}, {"type": "Feature", "geometry": {"type": "Point", "coordinates": [29.0256538, 41.1020909]}, "properties": {"name": "", "operator": "", "osm_id": "node/13629504897"}}, {"type": "Feature", "geometry": {"type": "Point", "coordinates": [29.0225486, 41.1067385]}, "properties": {"name": "", "operator": "", "osm_id": "node/13629762691"}}, {"type": "Feature", "geometry": {"type": "Point", "coordinates": [29.0226534, 41.1037291]}, "properties": {"name": "", "operator": "", "osm_id": "node/13674865355"}}, {"type": "Feature", "geometry": {"type": "Point", "coordinates": [29.0232247, 41.1038656]}, "properties": {"name": "", "operator": "AFAD;Sarıyer Belediyesi", "osm_id": "node/13674865356"}}, {"type": "Feature", "geometry": {"type": "Point", "coordinates": [29.0237217, 41.1047595]}, "properties": {"name": "", "operator": "", "osm_id": "node/13674865358"}}, {"type": "Feature", "geometry": {"type": "Point", "coordinates": [29.0217428, 41.1027116]}, "properties": {"name": "", "operator": "", "osm_id": "node/13674865359"}}, {"type": "Feature", "geometry": {"type": "Point", "coordinates": [29.2578744, 41.0340876]}, "properties": {"name": "Athletic Center", "operator": "", "osm_id": "way/226421064"}}, {"type": "Feature", "geometry": {"type": "Point", "coordinates": [29.258605, 41.0335706]}, "properties": {"name": "Acil Durum Toplanma Noktası (T1)", "operator": "", "osm_id": "way/226422333"}}, {"type": "Feature", "geometry": {"type": "Point", "coordinates": [28.9512184, 41.0688483]}, "properties": {"name": "assembly area", "operator": "", "osm_id": "way/296472102"}}, {"type": "Feature", "geometry": {"type": "Point", "coordinates": [28.9940194, 41.0610213]}, "properties": {"name": "Cevahir AVM Açık Otopark", "operator": "", "osm_id": "way/387069950"}}, {"type": "Feature", "geometry": {"type": "Point", "coordinates": [28.841762, 41.0580937]}, "properties": {"name": "Mehmet Bulur Parkı", "operator": "", "osm_id": "way/506635201"}}, {"type": "Feature", "geometry": {"type": "Point", "coordinates": [28.8368308, 41.0617786]}, "properties": {"name": "Mahmutbey Mesleki ve Teknik Anadolu Lisesi", "operator": "", "osm_id": "way/527511755"}}, {"type": "Feature", "geometry": {"type": "Point", "coordinates": [28.8353033, 41.0564977]}, "properties": {"name": "Bağcılar Göztepe Mahallesi Otopark Zemin Üstü Parkı", "operator": "", "osm_id": "way/568158662"}}, {"type": "Feature", "geometry": {"type": "Point", "coordinates": [28.8367104, 41.0610896]}, "properties": {"name": "Aşık Şenlik Parkı", "operator": "", "osm_id": "way/570060866"}}, {"type": "Feature", "geometry": {"type": "Point", "coordinates": [28.8341821, 41.0594151]}, "properties": {"name": "Fürüzan Sadık İlkokulu", "operator": "", "osm_id": "way/571032182"}}, {"type": "Feature", "geometry": {"type": "Point", "coordinates": [28.8379454, 41.0575776]}, "properties": {"name": "Aşık Şenlik Ortaokulu", "operator": "", "osm_id": "way/678751323"}}, {"type": "Feature", "geometry": {"type": "Point", "coordinates": [27.0914956, 38.4714392]}, "properties": {"name": "", "operator": "", "osm_id": "way/817263619"}}, {"type": "Feature", "geometry": {"type": "Point", "coordinates": [27.1730594, 38.4637997]}, "properties": {"name": "", "operator": "", "osm_id": "way/1123420747"}}, {"type": "Feature", "geometry": {"type": "Point", "coordinates": [28.9489138, 41.073086]}, "properties": {"name": "assembly area", "operator": "", "osm_id": "way/1153887942"}}, {"type": "Feature", "geometry": {"type": "Point", "coordinates": [28.9482183, 41.0720457]}, "properties": {"name": "assembly area", "operator": "", "osm_id": "way/1153888127"}}, {"type": "Feature", "geometry": {"type": "Point", "coordinates": [27.090219, 38.572917]}, "properties": {"name": "", "operator": "", "osm_id": "way/1154797563"}}, {"type": "Feature", "geometry": {"type": "Point", "coordinates": [28.8403719, 41.0559603]}, "properties": {"name": "Şehit Ramazan Sarıkaya Anadolu İmam-Hatip Lisesi", "operator": "", "osm_id": "way/1346435924"}}, {"type": "Feature", "geometry": {"type": "Point", "coordinates": [28.8346894, 41.0568531]}, "properties": {"name": "Şeyh Şamil Parkı", "operator": "", "osm_id": "way/1381652934"}}, {"type": "Feature", "geometry": {"type": "Point", "coordinates": [28.8323096, 41.0552047]}, "properties": {"name": "2356. Sokak Parkı", "operator": "", "osm_id": "way/1381652935"}}, {"type": "Feature", "geometry": {"type": "Point", "coordinates": [39.5640454, 41.0281977]}, "properties": {"name": "AKÇAABAT T11 FESTİVAL ALANI", "operator": "", "osm_id": "way/1383631796"}}, {"type": "Feature", "geometry": {"type": "Point", "coordinates": [39.5663632, 41.0237243]}, "properties": {"name": "AKÇAABAT T09 MERKEZ İLK OKULU", "operator": "", "osm_id": "way/1383631797"}}, {"type": "Feature", "geometry": {"type": "Point", "coordinates": [39.5617737, 41.0235182]}, "properties": {"name": "AKÇAABAT T19 CUMHURİYET ORTA OKULU", "operator": "", "osm_id": "way/1383631798"}}, {"type": "Feature", "geometry": {"type": "Point", "coordinates": [39.5593724, 41.028947]}, "properties": {"name": "AKÇAABAT T22 ŞEHİT GÖKHAN UZUN FEN LİSESİ", "operator": "", "osm_id": "way/1383631799"}}, {"type": "Feature", "geometry": {"type": "Point", "coordinates": [39.5691537, 41.0224403]}, "properties": {"name": "AKÇAABAT T06 ATATÜRK PARKI", "operator": "", "osm_id": "way/1383631800"}}, {"type": "Feature", "geometry": {"type": "Point", "coordinates": [39.5723586, 41.0227414]}, "properties": {"name": "AKÇAABAT T01 AKÇAABAT SAHİL PARKI", "operator": "", "osm_id": "way/1383631801"}}, {"type": "Feature", "geometry": {"type": "Point", "coordinates": [39.5590504, 41.034972]}, "properties": {"name": "AKÇAABAT T10 RAHMAN CAMİİ BAHÇESİ", "operator": "", "osm_id": "way/1384666211"}}, {"type": "Feature", "geometry": {"type": "Point", "coordinates": [39.574599, 41.021213]}, "properties": {"name": "AKÇAABAT T07 SELAMİ YARDIM ORTA OKULU", "operator": "", "osm_id": "way/1384666212"}}, {"type": "Feature", "geometry": {"type": "Point", "coordinates": [28.8400422, 41.0565973]}, "properties": {"name": "2331 Sokak Parkı", "operator": "", "osm_id": "way/1488651556"}}, {"type": "Feature", "geometry": {"type": "Point", "coordinates": [28.8365256, 41.0592075]}, "properties": {"name": "Göztepe ASM Yanı Parkı", "operator": "", "osm_id": "way/1489204204"}}]}